image_name,split,class_present,source,source_group
RDD2020_Japan_Japan_003900.jpg,train,alligator_crack,RDD2020,Japan_0039
RDD2020_Japan_Japan_003901.jpg,train,alligator_crack,RDD2020,Japan_0039
RDD2020_Japan_Japan_003903.jpg,train,both,RDD2020,Japan_0039
RDD2020_Japan_Japan_003905.jpg,train,alligator_crack,RDD2020,Japan_0039
RDD2020_Japan_Japan_003908.jpg,train,alligator_crack,RDD2020,Japan_0039
RDD2020_Japan_Japan_003911.jpg,train,both,RDD2020,Japan_0039
RDD2020_Japan_Japan_003912.jpg,train,both,RDD2020,Japan_0039
RDD2020_Japan_Japan_003914.jpg,train,alligator_crack,RDD2020,Japan_0039
RDD2020_Japan_Japan_003915.jpg,train,alligator_crack,RDD2020,Japan_0039
RDD2020_Japan_Japan_003917.jpg,train,both,RDD2020,Japan_0039
RDD2020_Japan_Japan_003919.jpg,train,alligator_crack,RDD2020,Japan_0039
RDD2020_Japan_Japan_003924.jpg,train,alligator_crack,RDD2020,Japan_0039
RDD2020_Japan_Japan_003926.jpg,train,alligator_crack,RDD2020,Japan_0039
RDD2020_Japan_Japan_003927.jpg,train,alligator_crack,RDD2020,Japan_0039
RDD2020_Japan_Japan_003929.jpg,train,alligator_crack,RDD2020,Japan_0039
RDD2020_Japan_Japan_003930.jpg,train,alligator_crack,RDD2020,Japan_0039
RDD2020_Japan_Japan_003933.jpg,train,both,RDD2020,Japan_0039
RDD2020_Japan_Japan_003936.jpg,train,alligator_crack,RDD2020,Japan_0039
RDD2020_Japan_Japan_003939.jpg,train,pothole,RDD2020,Japan_0039
RDD2020_Japan_Japan_003946.jpg,train,alligator_crack,RDD2020,Japan_0039
RDD2020_Japan_Japan_003947.jpg,train,alligator_crack,RDD2020,Japan_0039
RDD2020_Japan_Japan_003952.jpg,train,alligator_crack,RDD2020,Japan_0039
RDD2020_Japan_Japan_003954.jpg,train,alligator_crack,RDD2020,Japan_0039
RDD2020_Japan_Japan_003956.jpg,train,pothole,RDD2020,Japan_0039
RDD2020_Japan_Japan_003960.jpg,train,alligator_crack,RDD2020,Japan_0039
RDD2020_Japan_Japan_003962.jpg,train,alligator_crack,RDD2020,Japan_0039
RDD2020_Japan_Japan_003963.jpg,train,alligator_crack,RDD2020,Japan_0039
RDD2020_Japan_Japan_003965.jpg,train,alligator_crack,RDD2020,Japan_0039
RDD2020_Japan_Japan_003967.jpg,train,alligator_crack,RDD2020,Japan_0039
RDD2020_Japan_Japan_003973.jpg,train,both,RDD2020,Japan_0039
RDD2020_Japan_Japan_003975.jpg,train,both,RDD2020,Japan_0039
RDD2020_Japan_Japan_003978.jpg,train,both,RDD2020,Japan_0039
RDD2020_Japan_Japan_003979.jpg,train,both,RDD2020,Japan_0039
RDD2020_Japan_Japan_003983.jpg,train,alligator_crack,RDD2020,Japan_0039
RDD2020_Japan_Japan_003986.jpg,train,alligator_crack,RDD2020,Japan_0039
RDD2020_Japan_Japan_003995.jpg,train,both,RDD2020,Japan_0039
RDD2020_Japan_Japan_003996.jpg,train,alligator_crack,RDD2020,Japan_0039
RDD2020_Japan_Japan_003998.jpg,train,both,RDD2020,Japan_0039
RDD2020_Japan_Japan_003999.jpg,train,alligator_crack,RDD2020,Japan_0039
RDD2020_India_India_004801.jpg,train,pothole,RDD2020,India_0048
RDD2020_India_India_004805.jpg,train,alligator_crack,RDD2020,India_0048
RDD2020_India_India_004806.jpg,train,alligator_crack,RDD2020,India_0048
RDD2020_India_India_004809.jpg,train,alligator_crack,RDD2020,India_0048
RDD2020_India_India_004815.jpg,train,pothole,RDD2020,India_0048
RDD2020_India_India_004819.jpg,train,alligator_crack,RDD2020,India_0048
RDD2020_India_India_004827.jpg,train,alligator_crack,RDD2020,India_0048
RDD2020_India_India_004828.jpg,train,both,RDD2020,India_0048
RDD2020_India_India_004830.jpg,train,alligator_crack,RDD2020,India_0048
RDD2020_India_India_004832.jpg,train,pothole,RDD2020,India_0048
RDD2020_India_India_004837.jpg,train,pothole,RDD2020,India_0048
RDD2020_India_India_004838.jpg,train,alligator_crack,RDD2020,India_0048
RDD2020_India_India_004853.jpg,train,alligator_crack,RDD2020,India_0048
RDD2020_India_India_004854.jpg,train,pothole,RDD2020,India_0048
RDD2020_India_India_004863.jpg,train,pothole,RDD2020,India_0048
RDD2020_India_India_004865.jpg,train,pothole,RDD2020,India_0048
RDD2020_India_India_004876.jpg,train,pothole,RDD2020,India_0048
RDD2020_India_India_004877.jpg,train,pothole,RDD2020,India_0048
RDD2020_India_India_004880.jpg,train,both,RDD2020,India_0048
RDD2020_India_India_004882.jpg,train,both,RDD2020,India_0048
RDD2020_India_India_004887.jpg,train,both,RDD2020,India_0048
RDD2020_India_India_004894.jpg,train,pothole,RDD2020,India_0048
RDD2020_India_India_004896.jpg,train,alligator_crack,RDD2020,India_0048
RDD2020_India_India_004898.jpg,train,alligator_crack,RDD2020,India_0048
RDD2020_India_India_004899.jpg,train,pothole,RDD2020,India_0048
RDD2020_India_India_006601.jpg,train,both,RDD2020,India_0066
RDD2020_India_India_006603.jpg,train,both,RDD2020,India_0066
RDD2020_India_India_006607.jpg,train,alligator_crack,RDD2020,India_0066
RDD2020_India_India_006608.jpg,train,pothole,RDD2020,India_0066
RDD2020_India_India_006613.jpg,train,both,RDD2020,India_0066
RDD2020_India_India_006614.jpg,train,both,RDD2020,India_0066
RDD2020_India_India_006619.jpg,train,pothole,RDD2020,India_0066
RDD2020_India_India_006622.jpg,train,both,RDD2020,India_0066
RDD2020_India_India_006630.jpg,train,both,RDD2020,India_0066
RDD2020_India_India_006633.jpg,train,both,RDD2020,India_0066
RDD2020_India_India_006634.jpg,train,pothole,RDD2020,India_0066
RDD2020_India_India_006640.jpg,train,both,RDD2020,India_0066
RDD2020_India_India_006643.jpg,train,alligator_crack,RDD2020,India_0066
RDD2020_India_India_006644.jpg,train,alligator_crack,RDD2020,India_0066
RDD2020_India_India_006645.jpg,train,alligator_crack,RDD2020,India_0066
RDD2020_India_India_006647.jpg,train,pothole,RDD2020,India_0066
RDD2020_India_India_006651.jpg,train,both,RDD2020,India_0066
RDD2020_India_India_006654.jpg,train,alligator_crack,RDD2020,India_0066
RDD2020_India_India_006656.jpg,train,alligator_crack,RDD2020,India_0066
RDD2020_India_India_006663.jpg,train,alligator_crack,RDD2020,India_0066
RDD2020_India_India_006665.jpg,train,pothole,RDD2020,India_0066
RDD2020_India_India_006666.jpg,train,alligator_crack,RDD2020,India_0066
RDD2020_India_India_006668.jpg,train,alligator_crack,RDD2020,India_0066
RDD2020_India_India_006670.jpg,train,both,RDD2020,India_0066
RDD2020_India_India_006672.jpg,train,both,RDD2020,India_0066
RDD2020_India_India_006673.jpg,train,pothole,RDD2020,India_0066
RDD2020_India_India_006674.jpg,train,alligator_crack,RDD2020,India_0066
RDD2020_India_India_006675.jpg,train,alligator_crack,RDD2020,India_0066
RDD2020_India_India_006677.jpg,train,pothole,RDD2020,India_0066
RDD2020_India_India_006691.jpg,train,pothole,RDD2020,India_0066
RDD2020_India_India_006692.jpg,train,alligator_crack,RDD2020,India_0066
RDD2020_India_India_006697.jpg,train,pothole,RDD2020,India_0066
RDD2020_India_India_006699.jpg,train,both,RDD2020,India_0066
RDD2020_Japan_Japan_012602.jpg,train,alligator_crack,RDD2020,Japan_0126
RDD2020_Japan_Japan_012604.jpg,train,alligator_crack,RDD2020,Japan_0126
RDD2020_Japan_Japan_012606.jpg,train,alligator_crack,RDD2020,Japan_0126
RDD2020_Japan_Japan_012607.jpg,train,both,RDD2020,Japan_0126
RDD2020_Japan_Japan_012608.jpg,train,alligator_crack,RDD2020,Japan_0126
RDD2020_Japan_Japan_012609.jpg,train,alligator_crack,RDD2020,Japan_0126
RDD2020_Japan_Japan_012611.jpg,train,alligator_crack,RDD2020,Japan_0126
RDD2020_Japan_Japan_012612.jpg,train,alligator_crack,RDD2020,Japan_0126
RDD2020_Japan_Japan_012613.jpg,train,alligator_crack,RDD2020,Japan_0126
RDD2020_Japan_Japan_012615.jpg,train,pothole,RDD2020,Japan_0126
RDD2020_Japan_Japan_012618.jpg,train,alligator_crack,RDD2020,Japan_0126
RDD2020_Japan_Japan_012622.jpg,train,alligator_crack,RDD2020,Japan_0126
RDD2020_Japan_Japan_012623.jpg,train,alligator_crack,RDD2020,Japan_0126
RDD2020_Japan_Japan_012624.jpg,train,alligator_crack,RDD2020,Japan_0126
RDD2020_Japan_Japan_012625.jpg,train,pothole,RDD2020,Japan_0126
RDD2020_Japan_Japan_012626.jpg,train,alligator_crack,RDD2020,Japan_0126
RDD2020_Japan_Japan_012630.jpg,train,alligator_crack,RDD2020,Japan_0126
RDD2020_Japan_Japan_012631.jpg,train,alligator_crack,RDD2020,Japan_0126
RDD2020_Japan_Japan_012633.jpg,train,both,RDD2020,Japan_0126
RDD2020_Japan_Japan_012635.jpg,train,both,RDD2020,Japan_0126
RDD2020_Japan_Japan_012636.jpg,train,alligator_crack,RDD2020,Japan_0126
RDD2020_Japan_Japan_012637.jpg,train,pothole,RDD2020,Japan_0126
RDD2020_Japan_Japan_012639.jpg,train,pothole,RDD2020,Japan_0126
RDD2020_Japan_Japan_012641.jpg,train,alligator_crack,RDD2020,Japan_0126
RDD2020_Japan_Japan_012643.jpg,train,alligator_crack,RDD2020,Japan_0126
RDD2020_Japan_Japan_012645.jpg,train,alligator_crack,RDD2020,Japan_0126
RDD2020_Japan_Japan_012646.jpg,train,alligator_crack,RDD2020,Japan_0126
RDD2020_Japan_Japan_012652.jpg,train,alligator_crack,RDD2020,Japan_0126
RDD2020_Japan_Japan_012653.jpg,train,alligator_crack,RDD2020,Japan_0126
RDD2020_Japan_Japan_012660.jpg,train,both,RDD2020,Japan_0126
RDD2020_Japan_Japan_012661.jpg,train,alligator_crack,RDD2020,Japan_0126
RDD2020_Japan_Japan_012669.jpg,train,alligator_crack,RDD2020,Japan_0126
RDD2020_Japan_Japan_012675.jpg,train,alligator_crack,RDD2020,Japan_0126
RDD2020_Japan_Japan_012678.jpg,train,alligator_crack,RDD2020,Japan_0126
RDD2020_Japan_Japan_012679.jpg,train,alligator_crack,RDD2020,Japan_0126
RDD2020_Japan_Japan_012681.jpg,train,alligator_crack,RDD2020,Japan_0126
RDD2020_Japan_Japan_012684.jpg,train,alligator_crack,RDD2020,Japan_0126
RDD2020_Japan_Japan_012685.jpg,train,alligator_crack,RDD2020,Japan_0126
RDD2020_Japan_Japan_012687.jpg,train,alligator_crack,RDD2020,Japan_0126
RDD2020_Japan_Japan_012689.jpg,train,alligator_crack,RDD2020,Japan_0126
RDD2020_Japan_Japan_012691.jpg,train,both,RDD2020,Japan_0126
RDD2020_Japan_Japan_012692.jpg,train,alligator_crack,RDD2020,Japan_0126
RDD2020_Japan_Japan_008200.jpg,train,alligator_crack,RDD2020,Japan_0082
RDD2020_Japan_Japan_008202.jpg,train,alligator_crack,RDD2020,Japan_0082
RDD2020_Japan_Japan_008204.jpg,train,both,RDD2020,Japan_0082
RDD2020_Japan_Japan_008205.jpg,train,alligator_crack,RDD2020,Japan_0082
RDD2020_Japan_Japan_008211.jpg,train,alligator_crack,RDD2020,Japan_0082
RDD2020_Japan_Japan_008215.jpg,train,alligator_crack,RDD2020,Japan_0082
RDD2020_Japan_Japan_008218.jpg,train,alligator_crack,RDD2020,Japan_0082
RDD2020_Japan_Japan_008220.jpg,train,pothole,RDD2020,Japan_0082
RDD2020_Japan_Japan_008224.jpg,train,both,RDD2020,Japan_0082
RDD2020_Japan_Japan_008226.jpg,train,alligator_crack,RDD2020,Japan_0082
RDD2020_Japan_Japan_008228.jpg,train,both,RDD2020,Japan_0082
RDD2020_Japan_Japan_008229.jpg,train,pothole,RDD2020,Japan_0082
RDD2020_Japan_Japan_008231.jpg,train,alligator_crack,RDD2020,Japan_0082
RDD2020_Japan_Japan_008234.jpg,train,alligator_crack,RDD2020,Japan_0082
RDD2020_Japan_Japan_008235.jpg,train,alligator_crack,RDD2020,Japan_0082
RDD2020_Japan_Japan_008238.jpg,train,alligator_crack,RDD2020,Japan_0082
RDD2020_Japan_Japan_008242.jpg,train,both,RDD2020,Japan_0082
RDD2020_Japan_Japan_008243.jpg,train,alligator_crack,RDD2020,Japan_0082
RDD2020_Japan_Japan_008247.jpg,train,alligator_crack,RDD2020,Japan_0082
RDD2020_Japan_Japan_008249.jpg,train,alligator_crack,RDD2020,Japan_0082
RDD2020_Japan_Japan_008250.jpg,train,alligator_crack,RDD2020,Japan_0082
RDD2020_Japan_Japan_008251.jpg,train,alligator_crack,RDD2020,Japan_0082
RDD2020_Japan_Japan_008257.jpg,train,alligator_crack,RDD2020,Japan_0082
RDD2020_Japan_Japan_008259.jpg,train,alligator_crack,RDD2020,Japan_0082
RDD2020_Japan_Japan_008260.jpg,train,alligator_crack,RDD2020,Japan_0082
RDD2020_Japan_Japan_008261.jpg,train,alligator_crack,RDD2020,Japan_0082
RDD2020_Japan_Japan_008265.jpg,train,alligator_crack,RDD2020,Japan_0082
RDD2020_Japan_Japan_008267.jpg,train,alligator_crack,RDD2020,Japan_0082
RDD2020_Japan_Japan_008272.jpg,train,alligator_crack,RDD2020,Japan_0082
RDD2020_Japan_Japan_008279.jpg,train,alligator_crack,RDD2020,Japan_0082
RDD2020_Japan_Japan_008280.jpg,train,both,RDD2020,Japan_0082
RDD2020_Japan_Japan_008281.jpg,train,alligator_crack,RDD2020,Japan_0082
RDD2020_Japan_Japan_008282.jpg,train,alligator_crack,RDD2020,Japan_0082
RDD2020_Japan_Japan_008283.jpg,train,alligator_crack,RDD2020,Japan_0082
RDD2020_Japan_Japan_008287.jpg,train,both,RDD2020,Japan_0082
RDD2020_Japan_Japan_008289.jpg,train,alligator_crack,RDD2020,Japan_0082
RDD2020_Japan_Japan_008291.jpg,train,alligator_crack,RDD2020,Japan_0082
RDD2020_Japan_Japan_008294.jpg,train,alligator_crack,RDD2020,Japan_0082
RDD2020_Japan_Japan_008298.jpg,train,both,RDD2020,Japan_0082
RDD2020_India_India_006100.jpg,train,both,RDD2020,India_0061
RDD2020_India_India_006103.jpg,train,pothole,RDD2020,India_0061
RDD2020_India_India_006108.jpg,train,alligator_crack,RDD2020,India_0061
RDD2020_India_India_006109.jpg,train,pothole,RDD2020,India_0061
RDD2020_India_India_006111.jpg,train,alligator_crack,RDD2020,India_0061
RDD2020_India_India_006112.jpg,train,pothole,RDD2020,India_0061
RDD2020_India_India_006114.jpg,train,pothole,RDD2020,India_0061
RDD2020_India_India_006115.jpg,train,pothole,RDD2020,India_0061
RDD2020_India_India_006117.jpg,train,pothole,RDD2020,India_0061
RDD2020_India_India_006121.jpg,train,alligator_crack,RDD2020,India_0061
RDD2020_India_India_006124.jpg,train,alligator_crack,RDD2020,India_0061
RDD2020_India_India_006126.jpg,train,alligator_crack,RDD2020,India_0061
RDD2020_India_India_006127.jpg,train,pothole,RDD2020,India_0061
RDD2020_India_India_006128.jpg,train,alligator_crack,RDD2020,India_0061
RDD2020_India_India_006132.jpg,train,pothole,RDD2020,India_0061
RDD2020_India_India_006133.jpg,train,alligator_crack,RDD2020,India_0061
RDD2020_India_India_006137.jpg,train,pothole,RDD2020,India_0061
RDD2020_India_India_006148.jpg,train,pothole,RDD2020,India_0061
RDD2020_India_India_006160.jpg,train,both,RDD2020,India_0061
RDD2020_India_India_006167.jpg,train,both,RDD2020,India_0061
RDD2020_India_India_006174.jpg,train,pothole,RDD2020,India_0061
RDD2020_India_India_006175.jpg,train,alligator_crack,RDD2020,India_0061
RDD2020_India_India_006177.jpg,train,both,RDD2020,India_0061
RDD2020_India_India_006180.jpg,train,alligator_crack,RDD2020,India_0061
RDD2020_India_India_006187.jpg,train,pothole,RDD2020,India_0061
RDD2020_India_India_006192.jpg,train,alligator_crack,RDD2020,India_0061
RDD2020_India_India_006194.jpg,train,alligator_crack,RDD2020,India_0061
RDD2020_India_India_006197.jpg,train,pothole,RDD2020,India_0061
RDD2020_Japan_Japan_002204.jpg,train,alligator_crack,RDD2020,Japan_0022
RDD2020_Japan_Japan_002206.jpg,train,alligator_crack,RDD2020,Japan_0022
RDD2020_Japan_Japan_002207.jpg,train,alligator_crack,RDD2020,Japan_0022
RDD2020_Japan_Japan_002208.jpg,train,pothole,RDD2020,Japan_0022
RDD2020_Japan_Japan_002210.jpg,train,alligator_crack,RDD2020,Japan_0022
RDD2020_Japan_Japan_002211.jpg,train,alligator_crack,RDD2020,Japan_0022
RDD2020_Japan_Japan_002212.jpg,train,alligator_crack,RDD2020,Japan_0022
RDD2020_Japan_Japan_002213.jpg,train,alligator_crack,RDD2020,Japan_0022
RDD2020_Japan_Japan_002214.jpg,train,alligator_crack,RDD2020,Japan_0022
RDD2020_Japan_Japan_002219.jpg,train,alligator_crack,RDD2020,Japan_0022
RDD2020_Japan_Japan_002221.jpg,train,alligator_crack,RDD2020,Japan_0022
RDD2020_Japan_Japan_002222.jpg,train,pothole,RDD2020,Japan_0022
RDD2020_Japan_Japan_002223.jpg,train,alligator_crack,RDD2020,Japan_0022
RDD2020_Japan_Japan_002225.jpg,train,alligator_crack,RDD2020,Japan_0022
RDD2020_Japan_Japan_002227.jpg,train,alligator_crack,RDD2020,Japan_0022
RDD2020_Japan_Japan_002228.jpg,train,alligator_crack,RDD2020,Japan_0022
RDD2020_Japan_Japan_002229.jpg,train,alligator_crack,RDD2020,Japan_0022
RDD2020_Japan_Japan_002230.jpg,train,alligator_crack,RDD2020,Japan_0022
RDD2020_Japan_Japan_002234.jpg,train,alligator_crack,RDD2020,Japan_0022
RDD2020_Japan_Japan_002237.jpg,train,alligator_crack,RDD2020,Japan_0022
RDD2020_Japan_Japan_002239.jpg,train,both,RDD2020,Japan_0022
RDD2020_Japan_Japan_002240.jpg,train,both,RDD2020,Japan_0022
RDD2020_Japan_Japan_002242.jpg,train,alligator_crack,RDD2020,Japan_0022
RDD2020_Japan_Japan_002250.jpg,train,alligator_crack,RDD2020,Japan_0022
RDD2020_Japan_Japan_002253.jpg,train,alligator_crack,RDD2020,Japan_0022
RDD2020_Japan_Japan_002256.jpg,train,alligator_crack,RDD2020,Japan_0022
RDD2020_Japan_Japan_002259.jpg,train,alligator_crack,RDD2020,Japan_0022
RDD2020_Japan_Japan_002260.jpg,train,both,RDD2020,Japan_0022
RDD2020_Japan_Japan_002263.jpg,train,both,RDD2020,Japan_0022
RDD2020_Japan_Japan_002265.jpg,train,alligator_crack,RDD2020,Japan_0022
RDD2020_Japan_Japan_002273.jpg,train,alligator_crack,RDD2020,Japan_0022
RDD2020_Japan_Japan_002276.jpg,train,both,RDD2020,Japan_0022
RDD2020_Japan_Japan_002280.jpg,train,pothole,RDD2020,Japan_0022
RDD2020_Japan_Japan_002283.jpg,train,alligator_crack,RDD2020,Japan_0022
RDD2020_Japan_Japan_002284.jpg,train,alligator_crack,RDD2020,Japan_0022
RDD2020_Japan_Japan_002288.jpg,train,alligator_crack,RDD2020,Japan_0022
RDD2020_Japan_Japan_002292.jpg,train,alligator_crack,RDD2020,Japan_0022
RDD2020_Japan_Japan_002295.jpg,train,both,RDD2020,Japan_0022
RDD2020_Japan_Japan_002298.jpg,train,alligator_crack,RDD2020,Japan_0022
RDD2020_Japan_Japan_010100.jpg,train,alligator_crack,RDD2020,Japan_0101
RDD2020_Japan_Japan_010102.jpg,train,alligator_crack,RDD2020,Japan_0101
RDD2020_Japan_Japan_010103.jpg,train,alligator_crack,RDD2020,Japan_0101
RDD2020_Japan_Japan_010107.jpg,train,alligator_crack,RDD2020,Japan_0101
RDD2020_Japan_Japan_010108.jpg,train,alligator_crack,RDD2020,Japan_0101
RDD2020_Japan_Japan_010109.jpg,train,alligator_crack,RDD2020,Japan_0101
RDD2020_Japan_Japan_010111.jpg,train,alligator_crack,RDD2020,Japan_0101
RDD2020_Japan_Japan_010116.jpg,train,alligator_crack,RDD2020,Japan_0101
RDD2020_Japan_Japan_010122.jpg,train,both,RDD2020,Japan_0101
RDD2020_Japan_Japan_010127.jpg,train,alligator_crack,RDD2020,Japan_0101
RDD2020_Japan_Japan_010128.jpg,train,alligator_crack,RDD2020,Japan_0101
RDD2020_Japan_Japan_010130.jpg,train,alligator_crack,RDD2020,Japan_0101
RDD2020_Japan_Japan_010138.jpg,train,alligator_crack,RDD2020,Japan_0101
RDD2020_Japan_Japan_010139.jpg,train,alligator_crack,RDD2020,Japan_0101
RDD2020_Japan_Japan_010140.jpg,train,alligator_crack,RDD2020,Japan_0101
RDD2020_Japan_Japan_010145.jpg,train,alligator_crack,RDD2020,Japan_0101
RDD2020_Japan_Japan_010147.jpg,train,alligator_crack,RDD2020,Japan_0101
RDD2020_Japan_Japan_010148.jpg,train,alligator_crack,RDD2020,Japan_0101
RDD2020_Japan_Japan_010149.jpg,train,alligator_crack,RDD2020,Japan_0101
RDD2020_Japan_Japan_010150.jpg,train,alligator_crack,RDD2020,Japan_0101
RDD2020_Japan_Japan_010153.jpg,train,alligator_crack,RDD2020,Japan_0101
RDD2020_Japan_Japan_010156.jpg,train,alligator_crack,RDD2020,Japan_0101
RDD2020_Japan_Japan_010158.jpg,train,alligator_crack,RDD2020,Japan_0101
RDD2020_Japan_Japan_010159.jpg,train,alligator_crack,RDD2020,Japan_0101
RDD2020_Japan_Japan_010161.jpg,train,alligator_crack,RDD2020,Japan_0101
RDD2020_Japan_Japan_010162.jpg,train,both,RDD2020,Japan_0101
RDD2020_Japan_Japan_010167.jpg,train,alligator_crack,RDD2020,Japan_0101
RDD2020_Japan_Japan_010169.jpg,train,alligator_crack,RDD2020,Japan_0101
RDD2020_Japan_Japan_010171.jpg,train,alligator_crack,RDD2020,Japan_0101
RDD2020_Japan_Japan_010173.jpg,train,alligator_crack,RDD2020,Japan_0101
RDD2020_Japan_Japan_010174.jpg,train,alligator_crack,RDD2020,Japan_0101
RDD2020_Japan_Japan_010175.jpg,train,alligator_crack,RDD2020,Japan_0101
RDD2020_Japan_Japan_010177.jpg,train,alligator_crack,RDD2020,Japan_0101
RDD2020_Japan_Japan_010180.jpg,train,alligator_crack,RDD2020,Japan_0101
RDD2020_Japan_Japan_010181.jpg,train,both,RDD2020,Japan_0101
RDD2020_Japan_Japan_010182.jpg,train,alligator_crack,RDD2020,Japan_0101
RDD2020_Japan_Japan_010183.jpg,train,alligator_crack,RDD2020,Japan_0101
RDD2020_Japan_Japan_010188.jpg,train,alligator_crack,RDD2020,Japan_0101
RDD2020_Japan_Japan_010189.jpg,train,alligator_crack,RDD2020,Japan_0101
RDD2020_Japan_Japan_010190.jpg,train,both,RDD2020,Japan_0101
RDD2020_Japan_Japan_010191.jpg,train,pothole,RDD2020,Japan_0101
RDD2020_India_India_000901.jpg,train,negative_background,RDD2020,India_0009
RDD2020_India_India_000905.jpg,train,negative_background,RDD2020,India_0009
RDD2020_India_India_000907.jpg,train,negative_background,RDD2020,India_0009
RDD2020_India_India_000908.jpg,train,negative_background,RDD2020,India_0009
RDD2020_India_India_000909.jpg,train,negative_background,RDD2020,India_0009
RDD2020_India_India_000910.jpg,train,alligator_crack,RDD2020,India_0009
RDD2020_India_India_000911.jpg,train,negative_background,RDD2020,India_0009
RDD2020_India_India_000912.jpg,train,negative_background,RDD2020,India_0009
RDD2020_India_India_000913.jpg,train,negative_background,RDD2020,India_0009
RDD2020_India_India_000914.jpg,train,both,RDD2020,India_0009
RDD2020_India_India_000915.jpg,train,both,RDD2020,India_0009
RDD2020_India_India_000916.jpg,train,negative_background,RDD2020,India_0009
RDD2020_India_India_000917.jpg,train,alligator_crack,RDD2020,India_0009
RDD2020_India_India_000919.jpg,train,alligator_crack,RDD2020,India_0009
RDD2020_India_India_000921.jpg,train,pothole,RDD2020,India_0009
RDD2020_India_India_000922.jpg,train,alligator_crack,RDD2020,India_0009
RDD2020_India_India_000923.jpg,train,pothole,RDD2020,India_0009
RDD2020_India_India_000925.jpg,train,negative_background,RDD2020,India_0009
RDD2020_India_India_000926.jpg,train,negative_background,RDD2020,India_0009
RDD2020_India_India_000927.jpg,train,negative_background,RDD2020,India_0009
RDD2020_India_India_000928.jpg,train,negative_background,RDD2020,India_0009
RDD2020_India_India_000930.jpg,train,negative_background,RDD2020,India_0009
RDD2020_India_India_000931.jpg,train,pothole,RDD2020,India_0009
RDD2020_India_India_000932.jpg,train,alligator_crack,RDD2020,India_0009
RDD2020_India_India_000933.jpg,train,alligator_crack,RDD2020,India_0009
RDD2020_India_India_000934.jpg,train,negative_background,RDD2020,India_0009
RDD2020_India_India_000935.jpg,train,pothole,RDD2020,India_0009
RDD2020_India_India_000936.jpg,train,alligator_crack,RDD2020,India_0009
RDD2020_India_India_000937.jpg,train,negative_background,RDD2020,India_0009
RDD2020_India_India_000938.jpg,train,negative_background,RDD2020,India_0009
RDD2020_India_India_000939.jpg,train,negative_background,RDD2020,India_0009
RDD2020_India_India_000940.jpg,train,alligator_crack,RDD2020,India_0009
RDD2020_India_India_000941.jpg,train,negative_background,RDD2020,India_0009
RDD2020_India_India_000942.jpg,train,pothole,RDD2020,India_0009
RDD2020_India_India_000944.jpg,train,both,RDD2020,India_0009
RDD2020_India_India_000945.jpg,train,pothole,RDD2020,India_0009
RDD2020_India_India_000946.jpg,train,pothole,RDD2020,India_0009
RDD2020_India_India_000948.jpg,train,alligator_crack,RDD2020,India_0009
RDD2020_India_India_000949.jpg,train,alligator_crack,RDD2020,India_0009
RDD2020_India_India_000951.jpg,train,negative_background,RDD2020,India_0009
RDD2020_India_India_000952.jpg,train,alligator_crack,RDD2020,India_0009
RDD2020_India_India_000954.jpg,train,negative_background,RDD2020,India_0009
RDD2020_India_India_000955.jpg,train,alligator_crack,RDD2020,India_0009
RDD2020_India_India_000956.jpg,train,negative_background,RDD2020,India_0009
RDD2020_India_India_000957.jpg,train,negative_background,RDD2020,India_0009
RDD2020_India_India_000958.jpg,train,negative_background,RDD2020,India_0009
RDD2020_India_India_000959.jpg,train,negative_background,RDD2020,India_0009
RDD2020_India_India_000962.jpg,train,negative_background,RDD2020,India_0009
RDD2020_India_India_000963.jpg,train,pothole,RDD2020,India_0009
RDD2020_India_India_000964.jpg,train,negative_background,RDD2020,India_0009
RDD2020_India_India_000965.jpg,train,alligator_crack,RDD2020,India_0009
RDD2020_India_India_000966.jpg,train,negative_background,RDD2020,India_0009
RDD2020_India_India_000969.jpg,train,pothole,RDD2020,India_0009
RDD2020_India_India_000970.jpg,train,both,RDD2020,India_0009
RDD2020_India_India_000971.jpg,train,alligator_crack,RDD2020,India_0009
RDD2020_India_India_000972.jpg,train,negative_background,RDD2020,India_0009
RDD2020_India_India_000973.jpg,train,negative_background,RDD2020,India_0009
RDD2020_India_India_000976.jpg,train,alligator_crack,RDD2020,India_0009
RDD2020_India_India_000977.jpg,train,pothole,RDD2020,India_0009
RDD2020_India_India_000978.jpg,train,negative_background,RDD2020,India_0009
RDD2020_India_India_000979.jpg,train,pothole,RDD2020,India_0009
RDD2020_India_India_000981.jpg,train,pothole,RDD2020,India_0009
RDD2020_India_India_000982.jpg,train,negative_background,RDD2020,India_0009
RDD2020_India_India_000984.jpg,train,negative_background,RDD2020,India_0009
RDD2020_India_India_000985.jpg,train,negative_background,RDD2020,India_0009
RDD2020_India_India_000987.jpg,train,negative_background,RDD2020,India_0009
RDD2020_India_India_000988.jpg,train,negative_background,RDD2020,India_0009
RDD2020_India_India_000990.jpg,train,negative_background,RDD2020,India_0009
RDD2020_India_India_000991.jpg,train,alligator_crack,RDD2020,India_0009
RDD2020_India_India_000992.jpg,train,negative_background,RDD2020,India_0009
RDD2020_India_India_000993.jpg,train,pothole,RDD2020,India_0009
RDD2020_India_India_000994.jpg,train,both,RDD2020,India_0009
RDD2020_India_India_000995.jpg,train,negative_background,RDD2020,India_0009
RDD2020_India_India_000996.jpg,train,pothole,RDD2020,India_0009
RDD2020_India_India_000997.jpg,train,pothole,RDD2020,India_0009
RDD2020_India_India_000998.jpg,train,negative_background,RDD2020,India_0009
RDD2020_India_India_000999.jpg,train,negative_background,RDD2020,India_0009
RDD2020_Japan_Japan_000500.jpg,train,alligator_crack,RDD2020,Japan_0005
RDD2020_Japan_Japan_000503.jpg,train,negative_background,RDD2020,Japan_0005
RDD2020_Japan_Japan_000506.jpg,train,alligator_crack,RDD2020,Japan_0005
RDD2020_Japan_Japan_000507.jpg,train,negative_background,RDD2020,Japan_0005
RDD2020_Japan_Japan_000508.jpg,train,negative_background,RDD2020,Japan_0005
RDD2020_Japan_Japan_000509.jpg,train,alligator_crack,RDD2020,Japan_0005
RDD2020_Japan_Japan_000511.jpg,train,alligator_crack,RDD2020,Japan_0005
RDD2020_Japan_Japan_000513.jpg,train,negative_background,RDD2020,Japan_0005
RDD2020_Japan_Japan_000515.jpg,train,negative_background,RDD2020,Japan_0005
RDD2020_Japan_Japan_000517.jpg,train,negative_background,RDD2020,Japan_0005
RDD2020_Japan_Japan_000518.jpg,train,negative_background,RDD2020,Japan_0005
RDD2020_Japan_Japan_000519.jpg,train,negative_background,RDD2020,Japan_0005
RDD2020_Japan_Japan_000520.jpg,train,negative_background,RDD2020,Japan_0005
RDD2020_Japan_Japan_000521.jpg,train,negative_background,RDD2020,Japan_0005
RDD2020_Japan_Japan_000522.jpg,train,negative_background,RDD2020,Japan_0005
RDD2020_Japan_Japan_000523.jpg,train,negative_background,RDD2020,Japan_0005
RDD2020_Japan_Japan_000526.jpg,train,pothole,RDD2020,Japan_0005
RDD2020_Japan_Japan_000528.jpg,train,alligator_crack,RDD2020,Japan_0005
RDD2020_Japan_Japan_000530.jpg,train,negative_background,RDD2020,Japan_0005
RDD2020_Japan_Japan_000531.jpg,train,alligator_crack,RDD2020,Japan_0005
RDD2020_Japan_Japan_000532.jpg,train,negative_background,RDD2020,Japan_0005
RDD2020_Japan_Japan_000533.jpg,train,negative_background,RDD2020,Japan_0005
RDD2020_Japan_Japan_000534.jpg,train,alligator_crack,RDD2020,Japan_0005
RDD2020_Japan_Japan_000535.jpg,train,alligator_crack,RDD2020,Japan_0005
RDD2020_Japan_Japan_000537.jpg,train,negative_background,RDD2020,Japan_0005
RDD2020_Japan_Japan_000538.jpg,train,negative_background,RDD2020,Japan_0005
RDD2020_Japan_Japan_000539.jpg,train,negative_background,RDD2020,Japan_0005
RDD2020_Japan_Japan_000540.jpg,train,alligator_crack,RDD2020,Japan_0005
RDD2020_Japan_Japan_000544.jpg,train,negative_background,RDD2020,Japan_0005
RDD2020_Japan_Japan_000545.jpg,train,alligator_crack,RDD2020,Japan_0005
RDD2020_Japan_Japan_000546.jpg,train,negative_background,RDD2020,Japan_0005
RDD2020_Japan_Japan_000547.jpg,train,negative_background,RDD2020,Japan_0005
RDD2020_Japan_Japan_000548.jpg,train,alligator_crack,RDD2020,Japan_0005
RDD2020_Japan_Japan_000550.jpg,train,negative_background,RDD2020,Japan_0005
RDD2020_Japan_Japan_000551.jpg,train,alligator_crack,RDD2020,Japan_0005
RDD2020_Japan_Japan_000552.jpg,train,both,RDD2020,Japan_0005
RDD2020_Japan_Japan_000554.jpg,train,negative_background,RDD2020,Japan_0005
RDD2020_Japan_Japan_000555.jpg,train,alligator_crack,RDD2020,Japan_0005
RDD2020_Japan_Japan_000556.jpg,train,alligator_crack,RDD2020,Japan_0005
RDD2020_Japan_Japan_000557.jpg,train,alligator_crack,RDD2020,Japan_0005
RDD2020_Japan_Japan_000558.jpg,train,pothole,RDD2020,Japan_0005
RDD2020_Japan_Japan_000559.jpg,train,negative_background,RDD2020,Japan_0005
RDD2020_Japan_Japan_000560.jpg,train,negative_background,RDD2020,Japan_0005
RDD2020_Japan_Japan_000561.jpg,train,negative_background,RDD2020,Japan_0005
RDD2020_Japan_Japan_000562.jpg,train,negative_background,RDD2020,Japan_0005
RDD2020_Japan_Japan_000564.jpg,train,negative_background,RDD2020,Japan_0005
RDD2020_Japan_Japan_000565.jpg,train,negative_background,RDD2020,Japan_0005
RDD2020_Japan_Japan_000566.jpg,train,pothole,RDD2020,Japan_0005
RDD2020_Japan_Japan_000567.jpg,train,negative_background,RDD2020,Japan_0005
RDD2020_Japan_Japan_000570.jpg,train,alligator_crack,RDD2020,Japan_0005
RDD2020_Japan_Japan_000571.jpg,train,negative_background,RDD2020,Japan_0005
RDD2020_Japan_Japan_000573.jpg,train,alligator_crack,RDD2020,Japan_0005
RDD2020_Japan_Japan_000574.jpg,train,both,RDD2020,Japan_0005
RDD2020_Japan_Japan_000575.jpg,train,negative_background,RDD2020,Japan_0005
RDD2020_Japan_Japan_000576.jpg,train,negative_background,RDD2020,Japan_0005
RDD2020_Japan_Japan_000577.jpg,train,both,RDD2020,Japan_0005
RDD2020_Japan_Japan_000578.jpg,train,pothole,RDD2020,Japan_0005
RDD2020_Japan_Japan_000579.jpg,train,alligator_crack,RDD2020,Japan_0005
RDD2020_Japan_Japan_000580.jpg,train,alligator_crack,RDD2020,Japan_0005
RDD2020_Japan_Japan_000581.jpg,train,negative_background,RDD2020,Japan_0005
RDD2020_Japan_Japan_000582.jpg,train,negative_background,RDD2020,Japan_0005
RDD2020_Japan_Japan_000583.jpg,train,negative_background,RDD2020,Japan_0005
RDD2020_Japan_Japan_000584.jpg,train,negative_background,RDD2020,Japan_0005
RDD2020_Japan_Japan_000585.jpg,train,alligator_crack,RDD2020,Japan_0005
RDD2020_Japan_Japan_000586.jpg,train,negative_background,RDD2020,Japan_0005
RDD2020_Japan_Japan_000587.jpg,train,negative_background,RDD2020,Japan_0005
RDD2020_Japan_Japan_000588.jpg,train,negative_background,RDD2020,Japan_0005
RDD2020_Japan_Japan_000590.jpg,train,alligator_crack,RDD2020,Japan_0005
RDD2020_Japan_Japan_000592.jpg,train,alligator_crack,RDD2020,Japan_0005
RDD2020_Japan_Japan_000593.jpg,train,negative_background,RDD2020,Japan_0005
RDD2020_Japan_Japan_000594.jpg,train,alligator_crack,RDD2020,Japan_0005
RDD2020_Japan_Japan_000596.jpg,train,alligator_crack,RDD2020,Japan_0005
RDD2020_Japan_Japan_000597.jpg,train,negative_background,RDD2020,Japan_0005
RDD2020_Japan_Japan_000598.jpg,train,both,RDD2020,Japan_0005
RDD2020_Japan_Japan_000599.jpg,train,alligator_crack,RDD2020,Japan_0005
RDD2020_Japan_Japan_011201.jpg,train,alligator_crack,RDD2020,Japan_0112
RDD2020_Japan_Japan_011203.jpg,train,alligator_crack,RDD2020,Japan_0112
RDD2020_Japan_Japan_011204.jpg,train,alligator_crack,RDD2020,Japan_0112
RDD2020_Japan_Japan_011206.jpg,train,alligator_crack,RDD2020,Japan_0112
RDD2020_Japan_Japan_011208.jpg,train,alligator_crack,RDD2020,Japan_0112
RDD2020_Japan_Japan_011209.jpg,train,pothole,RDD2020,Japan_0112
RDD2020_Japan_Japan_011211.jpg,train,alligator_crack,RDD2020,Japan_0112
RDD2020_Japan_Japan_011213.jpg,train,both,RDD2020,Japan_0112
RDD2020_Japan_Japan_011217.jpg,train,alligator_crack,RDD2020,Japan_0112
RDD2020_Japan_Japan_011219.jpg,train,alligator_crack,RDD2020,Japan_0112
RDD2020_Japan_Japan_011221.jpg,train,alligator_crack,RDD2020,Japan_0112
RDD2020_Japan_Japan_011226.jpg,train,pothole,RDD2020,Japan_0112
RDD2020_Japan_Japan_011228.jpg,train,alligator_crack,RDD2020,Japan_0112
RDD2020_Japan_Japan_011230.jpg,train,alligator_crack,RDD2020,Japan_0112
RDD2020_Japan_Japan_011236.jpg,train,alligator_crack,RDD2020,Japan_0112
RDD2020_Japan_Japan_011237.jpg,train,alligator_crack,RDD2020,Japan_0112
RDD2020_Japan_Japan_011241.jpg,train,alligator_crack,RDD2020,Japan_0112
RDD2020_Japan_Japan_011246.jpg,train,pothole,RDD2020,Japan_0112
RDD2020_Japan_Japan_011248.jpg,train,pothole,RDD2020,Japan_0112
RDD2020_Japan_Japan_011250.jpg,train,alligator_crack,RDD2020,Japan_0112
RDD2020_Japan_Japan_011254.jpg,train,alligator_crack,RDD2020,Japan_0112
RDD2020_Japan_Japan_011256.jpg,train,both,RDD2020,Japan_0112
RDD2020_Japan_Japan_011260.jpg,train,alligator_crack,RDD2020,Japan_0112
RDD2020_Japan_Japan_011263.jpg,train,both,RDD2020,Japan_0112
RDD2020_Japan_Japan_011266.jpg,train,alligator_crack,RDD2020,Japan_0112
RDD2020_Japan_Japan_011267.jpg,train,alligator_crack,RDD2020,Japan_0112
RDD2020_Japan_Japan_011269.jpg,train,alligator_crack,RDD2020,Japan_0112
RDD2020_Japan_Japan_011271.jpg,train,alligator_crack,RDD2020,Japan_0112
RDD2020_Japan_Japan_011278.jpg,train,both,RDD2020,Japan_0112
RDD2020_Japan_Japan_011279.jpg,train,both,RDD2020,Japan_0112
RDD2020_Japan_Japan_011280.jpg,train,alligator_crack,RDD2020,Japan_0112
RDD2020_Japan_Japan_011281.jpg,train,alligator_crack,RDD2020,Japan_0112
RDD2020_Japan_Japan_011283.jpg,train,both,RDD2020,Japan_0112
RDD2020_Japan_Japan_011286.jpg,train,alligator_crack,RDD2020,Japan_0112
RDD2020_Japan_Japan_011288.jpg,train,pothole,RDD2020,Japan_0112
RDD2020_Japan_Japan_011297.jpg,train,alligator_crack,RDD2020,Japan_0112
RDD2020_Japan_Japan_011298.jpg,train,alligator_crack,RDD2020,Japan_0112
RDD2020_Japan_Japan_005700.jpg,train,alligator_crack,RDD2020,Japan_0057
RDD2020_Japan_Japan_005701.jpg,train,alligator_crack,RDD2020,Japan_0057
RDD2020_Japan_Japan_005705.jpg,train,alligator_crack,RDD2020,Japan_0057
RDD2020_Japan_Japan_005706.jpg,train,pothole,RDD2020,Japan_0057
RDD2020_Japan_Japan_005711.jpg,train,alligator_crack,RDD2020,Japan_0057
RDD2020_Japan_Japan_005713.jpg,train,alligator_crack,RDD2020,Japan_0057
RDD2020_Japan_Japan_005717.jpg,train,pothole,RDD2020,Japan_0057
RDD2020_Japan_Japan_005718.jpg,train,alligator_crack,RDD2020,Japan_0057
RDD2020_Japan_Japan_005719.jpg,train,alligator_crack,RDD2020,Japan_0057
RDD2020_Japan_Japan_005720.jpg,train,alligator_crack,RDD2020,Japan_0057
RDD2020_Japan_Japan_005721.jpg,train,alligator_crack,RDD2020,Japan_0057
RDD2020_Japan_Japan_005724.jpg,train,alligator_crack,RDD2020,Japan_0057
RDD2020_Japan_Japan_005728.jpg,train,alligator_crack,RDD2020,Japan_0057
RDD2020_Japan_Japan_005731.jpg,train,alligator_crack,RDD2020,Japan_0057
RDD2020_Japan_Japan_005733.jpg,train,alligator_crack,RDD2020,Japan_0057
RDD2020_Japan_Japan_005735.jpg,train,alligator_crack,RDD2020,Japan_0057
RDD2020_Japan_Japan_005739.jpg,train,alligator_crack,RDD2020,Japan_0057
RDD2020_Japan_Japan_005741.jpg,train,both,RDD2020,Japan_0057
RDD2020_Japan_Japan_005742.jpg,train,alligator_crack,RDD2020,Japan_0057
RDD2020_Japan_Japan_005747.jpg,train,alligator_crack,RDD2020,Japan_0057
RDD2020_Japan_Japan_005748.jpg,train,alligator_crack,RDD2020,Japan_0057
RDD2020_Japan_Japan_005749.jpg,train,alligator_crack,RDD2020,Japan_0057
RDD2020_Japan_Japan_005750.jpg,train,alligator_crack,RDD2020,Japan_0057
RDD2020_Japan_Japan_005751.jpg,train,alligator_crack,RDD2020,Japan_0057
RDD2020_Japan_Japan_005753.jpg,train,alligator_crack,RDD2020,Japan_0057
RDD2020_Japan_Japan_005754.jpg,train,alligator_crack,RDD2020,Japan_0057
RDD2020_Japan_Japan_005761.jpg,train,alligator_crack,RDD2020,Japan_0057
RDD2020_Japan_Japan_005762.jpg,train,pothole,RDD2020,Japan_0057
RDD2020_Japan_Japan_005763.jpg,train,pothole,RDD2020,Japan_0057
RDD2020_Japan_Japan_005764.jpg,train,alligator_crack,RDD2020,Japan_0057
RDD2020_Japan_Japan_005765.jpg,train,alligator_crack,RDD2020,Japan_0057
RDD2020_Japan_Japan_005770.jpg,train,alligator_crack,RDD2020,Japan_0057
RDD2020_Japan_Japan_005774.jpg,train,pothole,RDD2020,Japan_0057
RDD2020_Japan_Japan_005777.jpg,train,alligator_crack,RDD2020,Japan_0057
RDD2020_Japan_Japan_005779.jpg,train,alligator_crack,RDD2020,Japan_0057
RDD2020_Japan_Japan_005780.jpg,train,both,RDD2020,Japan_0057
RDD2020_Japan_Japan_005783.jpg,train,alligator_crack,RDD2020,Japan_0057
RDD2020_Japan_Japan_005785.jpg,train,alligator_crack,RDD2020,Japan_0057
RDD2020_Japan_Japan_005789.jpg,train,alligator_crack,RDD2020,Japan_0057
RDD2020_Japan_Japan_005793.jpg,train,alligator_crack,RDD2020,Japan_0057
RDD2020_India_India_000500.jpg,train,alligator_crack,RDD2020,India_0005
RDD2020_India_India_000501.jpg,train,negative_background,RDD2020,India_0005
RDD2020_India_India_000502.jpg,train,negative_background,RDD2020,India_0005
RDD2020_India_India_000503.jpg,train,negative_background,RDD2020,India_0005
RDD2020_India_India_000504.jpg,train,alligator_crack,RDD2020,India_0005
RDD2020_India_India_000507.jpg,train,negative_background,RDD2020,India_0005
RDD2020_India_India_000508.jpg,train,negative_background,RDD2020,India_0005
RDD2020_India_India_000509.jpg,train,negative_background,RDD2020,India_0005
RDD2020_India_India_000510.jpg,train,negative_background,RDD2020,India_0005
RDD2020_India_India_000511.jpg,train,negative_background,RDD2020,India_0005
RDD2020_India_India_000512.jpg,train,alligator_crack,RDD2020,India_0005
RDD2020_India_India_000513.jpg,train,negative_background,RDD2020,India_0005
RDD2020_India_India_000514.jpg,train,alligator_crack,RDD2020,India_0005
RDD2020_India_India_000516.jpg,train,negative_background,RDD2020,India_0005
RDD2020_India_India_000517.jpg,train,both,RDD2020,India_0005
RDD2020_India_India_000518.jpg,train,negative_background,RDD2020,India_0005
RDD2020_India_India_000519.jpg,train,negative_background,RDD2020,India_0005
RDD2020_India_India_000521.jpg,train,negative_background,RDD2020,India_0005
RDD2020_India_India_000522.jpg,train,alligator_crack,RDD2020,India_0005
RDD2020_India_India_000524.jpg,train,alligator_crack,RDD2020,India_0005
RDD2020_India_India_000525.jpg,train,alligator_crack,RDD2020,India_0005
RDD2020_India_India_000526.jpg,train,negative_background,RDD2020,India_0005
RDD2020_India_India_000527.jpg,train,negative_background,RDD2020,India_0005
RDD2020_India_India_000528.jpg,train,negative_background,RDD2020,India_0005
RDD2020_India_India_000529.jpg,train,negative_background,RDD2020,India_0005
RDD2020_India_India_000532.jpg,train,negative_background,RDD2020,India_0005
RDD2020_India_India_000533.jpg,train,negative_background,RDD2020,India_0005
RDD2020_India_India_000534.jpg,train,negative_background,RDD2020,India_0005
RDD2020_India_India_000535.jpg,train,pothole,RDD2020,India_0005
RDD2020_India_India_000536.jpg,train,negative_background,RDD2020,India_0005
RDD2020_India_India_000537.jpg,train,both,RDD2020,India_0005
RDD2020_India_India_000538.jpg,train,negative_background,RDD2020,India_0005
RDD2020_India_India_000540.jpg,train,negative_background,RDD2020,India_0005
RDD2020_India_India_000542.jpg,train,negative_background,RDD2020,India_0005
RDD2020_India_India_000543.jpg,train,negative_background,RDD2020,India_0005
RDD2020_India_India_000544.jpg,train,both,RDD2020,India_0005
RDD2020_India_India_000545.jpg,train,pothole,RDD2020,India_0005
RDD2020_India_India_000546.jpg,train,negative_background,RDD2020,India_0005
RDD2020_India_India_000548.jpg,train,alligator_crack,RDD2020,India_0005
RDD2020_India_India_000549.jpg,train,negative_background,RDD2020,India_0005
RDD2020_India_India_000551.jpg,train,negative_background,RDD2020,India_0005
RDD2020_India_India_000552.jpg,train,pothole,RDD2020,India_0005
RDD2020_India_India_000554.jpg,train,negative_background,RDD2020,India_0005
RDD2020_India_India_000555.jpg,train,alligator_crack,RDD2020,India_0005
RDD2020_India_India_000556.jpg,train,alligator_crack,RDD2020,India_0005
RDD2020_India_India_000557.jpg,train,pothole,RDD2020,India_0005
RDD2020_India_India_000558.jpg,train,negative_background,RDD2020,India_0005
RDD2020_India_India_000559.jpg,train,negative_background,RDD2020,India_0005
RDD2020_India_India_000560.jpg,train,negative_background,RDD2020,India_0005
RDD2020_India_India_000561.jpg,train,negative_background,RDD2020,India_0005
RDD2020_India_India_000562.jpg,train,pothole,RDD2020,India_0005
RDD2020_India_India_000563.jpg,train,both,RDD2020,India_0005
RDD2020_India_India_000564.jpg,train,negative_background,RDD2020,India_0005
RDD2020_India_India_000565.jpg,train,negative_background,RDD2020,India_0005
RDD2020_India_India_000566.jpg,train,negative_background,RDD2020,India_0005
RDD2020_India_India_000567.jpg,train,negative_background,RDD2020,India_0005
RDD2020_India_India_000568.jpg,train,negative_background,RDD2020,India_0005
RDD2020_India_India_000569.jpg,train,negative_background,RDD2020,India_0005
RDD2020_India_India_000570.jpg,train,negative_background,RDD2020,India_0005
RDD2020_India_India_000571.jpg,train,negative_background,RDD2020,India_0005
RDD2020_India_India_000572.jpg,train,negative_background,RDD2020,India_0005
RDD2020_India_India_000574.jpg,train,negative_background,RDD2020,India_0005
RDD2020_India_India_000575.jpg,train,pothole,RDD2020,India_0005
RDD2020_India_India_000576.jpg,train,both,RDD2020,India_0005
RDD2020_India_India_000577.jpg,train,negative_background,RDD2020,India_0005
RDD2020_India_India_000578.jpg,train,negative_background,RDD2020,India_0005
RDD2020_India_India_000579.jpg,train,both,RDD2020,India_0005
RDD2020_India_India_000580.jpg,train,both,RDD2020,India_0005
RDD2020_India_India_000581.jpg,train,pothole,RDD2020,India_0005
RDD2020_India_India_000582.jpg,train,alligator_crack,RDD2020,India_0005
RDD2020_India_India_000584.jpg,train,negative_background,RDD2020,India_0005
RDD2020_India_India_000585.jpg,train,negative_background,RDD2020,India_0005
RDD2020_India_India_000586.jpg,train,both,RDD2020,India_0005
RDD2020_India_India_000588.jpg,train,negative_background,RDD2020,India_0005
RDD2020_India_India_000589.jpg,train,negative_background,RDD2020,India_0005
RDD2020_India_India_000590.jpg,train,pothole,RDD2020,India_0005
RDD2020_India_India_000591.jpg,train,both,RDD2020,India_0005
RDD2020_India_India_000592.jpg,train,alligator_crack,RDD2020,India_0005
RDD2020_India_India_000593.jpg,train,negative_background,RDD2020,India_0005
RDD2020_India_India_000594.jpg,train,negative_background,RDD2020,India_0005
RDD2020_India_India_000595.jpg,train,pothole,RDD2020,India_0005
RDD2020_India_India_000596.jpg,train,both,RDD2020,India_0005
RDD2020_India_India_000597.jpg,train,alligator_crack,RDD2020,India_0005
RDD2020_India_India_000598.jpg,train,negative_background,RDD2020,India_0005
RDD2020_India_India_000599.jpg,train,negative_background,RDD2020,India_0005
RDD2020_Czech_Czech_001811.jpg,train,pothole,RDD2020,Czech_0018
RDD2020_Czech_Czech_001815.jpg,train,pothole,RDD2020,Czech_0018
RDD2020_Czech_Czech_001825.jpg,train,pothole,RDD2020,Czech_0018
RDD2020_Czech_Czech_001858.jpg,train,pothole,RDD2020,Czech_0018
RDD2020_Czech_Czech_001871.jpg,train,pothole,RDD2020,Czech_0018
RDD2020_Japan_Japan_013003.jpg,train,both,RDD2020,Japan_0130
RDD2020_Japan_Japan_013004.jpg,train,alligator_crack,RDD2020,Japan_0130
RDD2020_Japan_Japan_013005.jpg,train,alligator_crack,RDD2020,Japan_0130
RDD2020_Japan_Japan_013008.jpg,train,both,RDD2020,Japan_0130
RDD2020_Japan_Japan_013015.jpg,train,alligator_crack,RDD2020,Japan_0130
RDD2020_Japan_Japan_013016.jpg,train,alligator_crack,RDD2020,Japan_0130
RDD2020_Japan_Japan_013017.jpg,train,alligator_crack,RDD2020,Japan_0130
RDD2020_Japan_Japan_013022.jpg,train,alligator_crack,RDD2020,Japan_0130
RDD2020_Japan_Japan_013026.jpg,train,pothole,RDD2020,Japan_0130
RDD2020_Japan_Japan_013028.jpg,train,alligator_crack,RDD2020,Japan_0130
RDD2020_Japan_Japan_013029.jpg,train,pothole,RDD2020,Japan_0130
RDD2020_Japan_Japan_013030.jpg,train,pothole,RDD2020,Japan_0130
RDD2020_Japan_Japan_013032.jpg,train,pothole,RDD2020,Japan_0130
RDD2020_Japan_Japan_013035.jpg,train,alligator_crack,RDD2020,Japan_0130
RDD2020_Japan_Japan_013036.jpg,train,alligator_crack,RDD2020,Japan_0130
RDD2020_Japan_Japan_013040.jpg,train,alligator_crack,RDD2020,Japan_0130
RDD2020_Japan_Japan_013043.jpg,train,pothole,RDD2020,Japan_0130
RDD2020_Japan_Japan_013045.jpg,train,alligator_crack,RDD2020,Japan_0130
RDD2020_Japan_Japan_013046.jpg,train,alligator_crack,RDD2020,Japan_0130
RDD2020_Japan_Japan_013049.jpg,train,alligator_crack,RDD2020,Japan_0130
RDD2020_Japan_Japan_013051.jpg,train,alligator_crack,RDD2020,Japan_0130
RDD2020_Japan_Japan_013054.jpg,train,alligator_crack,RDD2020,Japan_0130
RDD2020_Japan_Japan_013057.jpg,train,alligator_crack,RDD2020,Japan_0130
RDD2020_Japan_Japan_013058.jpg,train,alligator_crack,RDD2020,Japan_0130
RDD2020_Japan_Japan_013060.jpg,train,alligator_crack,RDD2020,Japan_0130
RDD2020_Japan_Japan_013062.jpg,train,pothole,RDD2020,Japan_0130
RDD2020_Japan_Japan_013063.jpg,train,pothole,RDD2020,Japan_0130
RDD2020_Japan_Japan_013064.jpg,train,alligator_crack,RDD2020,Japan_0130
RDD2020_Japan_Japan_013065.jpg,train,alligator_crack,RDD2020,Japan_0130
RDD2020_Japan_Japan_013069.jpg,train,pothole,RDD2020,Japan_0130
RDD2020_Japan_Japan_013072.jpg,train,alligator_crack,RDD2020,Japan_0130
RDD2020_Japan_Japan_013073.jpg,train,pothole,RDD2020,Japan_0130
RDD2020_Japan_Japan_013074.jpg,train,alligator_crack,RDD2020,Japan_0130
RDD2020_Japan_Japan_013077.jpg,train,alligator_crack,RDD2020,Japan_0130
RDD2020_Japan_Japan_013078.jpg,train,alligator_crack,RDD2020,Japan_0130
RDD2020_Japan_Japan_013080.jpg,train,alligator_crack,RDD2020,Japan_0130
RDD2020_Japan_Japan_013082.jpg,train,alligator_crack,RDD2020,Japan_0130
RDD2020_Japan_Japan_013085.jpg,train,alligator_crack,RDD2020,Japan_0130
RDD2020_Japan_Japan_013090.jpg,train,alligator_crack,RDD2020,Japan_0130
RDD2020_Japan_Japan_013091.jpg,train,alligator_crack,RDD2020,Japan_0130
RDD2020_Japan_Japan_013097.jpg,train,alligator_crack,RDD2020,Japan_0130
RDD2020_Japan_Japan_013099.jpg,train,pothole,RDD2020,Japan_0130
RDD2020_Japan_Japan_005401.jpg,train,alligator_crack,RDD2020,Japan_0054
RDD2020_Japan_Japan_005402.jpg,train,alligator_crack,RDD2020,Japan_0054
RDD2020_Japan_Japan_005403.jpg,train,both,RDD2020,Japan_0054
RDD2020_Japan_Japan_005404.jpg,train,both,RDD2020,Japan_0054
RDD2020_Japan_Japan_005405.jpg,train,alligator_crack,RDD2020,Japan_0054
RDD2020_Japan_Japan_005408.jpg,train,alligator_crack,RDD2020,Japan_0054
RDD2020_Japan_Japan_005410.jpg,train,pothole,RDD2020,Japan_0054
RDD2020_Japan_Japan_005413.jpg,train,alligator_crack,RDD2020,Japan_0054
RDD2020_Japan_Japan_005414.jpg,train,both,RDD2020,Japan_0054
RDD2020_Japan_Japan_005416.jpg,train,alligator_crack,RDD2020,Japan_0054
RDD2020_Japan_Japan_005422.jpg,train,alligator_crack,RDD2020,Japan_0054
RDD2020_Japan_Japan_005423.jpg,train,pothole,RDD2020,Japan_0054
RDD2020_Japan_Japan_005426.jpg,train,alligator_crack,RDD2020,Japan_0054
RDD2020_Japan_Japan_005427.jpg,train,alligator_crack,RDD2020,Japan_0054
RDD2020_Japan_Japan_005428.jpg,train,alligator_crack,RDD2020,Japan_0054
RDD2020_Japan_Japan_005429.jpg,train,alligator_crack,RDD2020,Japan_0054
RDD2020_Japan_Japan_005437.jpg,train,alligator_crack,RDD2020,Japan_0054
RDD2020_Japan_Japan_005438.jpg,train,both,RDD2020,Japan_0054
RDD2020_Japan_Japan_005443.jpg,train,alligator_crack,RDD2020,Japan_0054
RDD2020_Japan_Japan_005445.jpg,train,alligator_crack,RDD2020,Japan_0054
RDD2020_Japan_Japan_005446.jpg,train,alligator_crack,RDD2020,Japan_0054
RDD2020_Japan_Japan_005448.jpg,train,alligator_crack,RDD2020,Japan_0054
RDD2020_Japan_Japan_005454.jpg,train,alligator_crack,RDD2020,Japan_0054
RDD2020_Japan_Japan_005464.jpg,train,both,RDD2020,Japan_0054
RDD2020_Japan_Japan_005465.jpg,train,alligator_crack,RDD2020,Japan_0054
RDD2020_Japan_Japan_005467.jpg,train,alligator_crack,RDD2020,Japan_0054
RDD2020_Japan_Japan_005471.jpg,train,alligator_crack,RDD2020,Japan_0054
RDD2020_Japan_Japan_005472.jpg,train,alligator_crack,RDD2020,Japan_0054
RDD2020_Japan_Japan_005476.jpg,train,alligator_crack,RDD2020,Japan_0054
RDD2020_Japan_Japan_005477.jpg,train,alligator_crack,RDD2020,Japan_0054
RDD2020_Japan_Japan_005484.jpg,train,alligator_crack,RDD2020,Japan_0054
RDD2020_Japan_Japan_005486.jpg,train,alligator_crack,RDD2020,Japan_0054
RDD2020_Japan_Japan_005494.jpg,train,alligator_crack,RDD2020,Japan_0054
RDD2020_Japan_Japan_005495.jpg,train,alligator_crack,RDD2020,Japan_0054
RDD2020_Japan_Japan_005499.jpg,train,alligator_crack,RDD2020,Japan_0054
RDD2020_Japan_Japan_012702.jpg,train,alligator_crack,RDD2020,Japan_0127
RDD2020_Japan_Japan_012704.jpg,train,both,RDD2020,Japan_0127
RDD2020_Japan_Japan_012706.jpg,train,alligator_crack,RDD2020,Japan_0127
RDD2020_Japan_Japan_012708.jpg,train,alligator_crack,RDD2020,Japan_0127
RDD2020_Japan_Japan_012714.jpg,train,alligator_crack,RDD2020,Japan_0127
RDD2020_Japan_Japan_012719.jpg,train,alligator_crack,RDD2020,Japan_0127
RDD2020_Japan_Japan_012720.jpg,train,alligator_crack,RDD2020,Japan_0127
RDD2020_Japan_Japan_012722.jpg,train,alligator_crack,RDD2020,Japan_0127
RDD2020_Japan_Japan_012724.jpg,train,both,RDD2020,Japan_0127
RDD2020_Japan_Japan_012725.jpg,train,alligator_crack,RDD2020,Japan_0127
RDD2020_Japan_Japan_012729.jpg,train,alligator_crack,RDD2020,Japan_0127
RDD2020_Japan_Japan_012732.jpg,train,alligator_crack,RDD2020,Japan_0127
RDD2020_Japan_Japan_012734.jpg,train,both,RDD2020,Japan_0127
RDD2020_Japan_Japan_012735.jpg,train,alligator_crack,RDD2020,Japan_0127
RDD2020_Japan_Japan_012739.jpg,train,both,RDD2020,Japan_0127
RDD2020_Japan_Japan_012740.jpg,train,pothole,RDD2020,Japan_0127
RDD2020_Japan_Japan_012741.jpg,train,alligator_crack,RDD2020,Japan_0127
RDD2020_Japan_Japan_012742.jpg,train,both,RDD2020,Japan_0127
RDD2020_Japan_Japan_012744.jpg,train,pothole,RDD2020,Japan_0127
RDD2020_Japan_Japan_012747.jpg,train,pothole,RDD2020,Japan_0127
RDD2020_Japan_Japan_012749.jpg,train,alligator_crack,RDD2020,Japan_0127
RDD2020_Japan_Japan_012754.jpg,train,both,RDD2020,Japan_0127
RDD2020_Japan_Japan_012756.jpg,train,alligator_crack,RDD2020,Japan_0127
RDD2020_Japan_Japan_012759.jpg,train,alligator_crack,RDD2020,Japan_0127
RDD2020_Japan_Japan_012761.jpg,train,alligator_crack,RDD2020,Japan_0127
RDD2020_Japan_Japan_012762.jpg,train,alligator_crack,RDD2020,Japan_0127
RDD2020_Japan_Japan_012763.jpg,train,pothole,RDD2020,Japan_0127
RDD2020_Japan_Japan_012768.jpg,train,both,RDD2020,Japan_0127
RDD2020_Japan_Japan_012770.jpg,train,alligator_crack,RDD2020,Japan_0127
RDD2020_Japan_Japan_012780.jpg,train,alligator_crack,RDD2020,Japan_0127
RDD2020_Japan_Japan_012784.jpg,train,both,RDD2020,Japan_0127
RDD2020_Japan_Japan_012785.jpg,train,both,RDD2020,Japan_0127
RDD2020_Japan_Japan_012789.jpg,train,both,RDD2020,Japan_0127
RDD2020_Japan_Japan_012791.jpg,train,pothole,RDD2020,Japan_0127
RDD2020_Japan_Japan_012793.jpg,train,alligator_crack,RDD2020,Japan_0127
RDD2020_Japan_Japan_012794.jpg,train,alligator_crack,RDD2020,Japan_0127
RDD2020_Japan_Japan_012795.jpg,train,both,RDD2020,Japan_0127
RDD2020_Japan_Japan_012796.jpg,train,pothole,RDD2020,Japan_0127
RDD2020_India_India_009510.jpg,train,both,RDD2020,India_0095
RDD2020_India_India_009517.jpg,train,both,RDD2020,India_0095
RDD2020_India_India_009526.jpg,train,pothole,RDD2020,India_0095
RDD2020_India_India_009528.jpg,train,pothole,RDD2020,India_0095
RDD2020_India_India_009536.jpg,train,both,RDD2020,India_0095
RDD2020_India_India_009541.jpg,train,alligator_crack,RDD2020,India_0095
RDD2020_India_India_009553.jpg,train,both,RDD2020,India_0095
RDD2020_India_India_009556.jpg,train,alligator_crack,RDD2020,India_0095
RDD2020_India_India_009564.jpg,train,pothole,RDD2020,India_0095
RDD2020_India_India_009568.jpg,train,alligator_crack,RDD2020,India_0095
RDD2020_India_India_009573.jpg,train,both,RDD2020,India_0095
RDD2020_India_India_009574.jpg,train,alligator_crack,RDD2020,India_0095
RDD2020_India_India_009579.jpg,train,pothole,RDD2020,India_0095
RDD2020_India_India_009581.jpg,train,both,RDD2020,India_0095
RDD2020_India_India_009586.jpg,train,both,RDD2020,India_0095
RDD2020_India_India_009592.jpg,train,alligator_crack,RDD2020,India_0095
RDD2020_India_India_009595.jpg,train,alligator_crack,RDD2020,India_0095
RDD2020_Japan_Japan_011302.jpg,train,alligator_crack,RDD2020,Japan_0113
RDD2020_Japan_Japan_011306.jpg,train,alligator_crack,RDD2020,Japan_0113
RDD2020_Japan_Japan_011311.jpg,train,pothole,RDD2020,Japan_0113
RDD2020_Japan_Japan_011313.jpg,train,alligator_crack,RDD2020,Japan_0113
RDD2020_Japan_Japan_011319.jpg,train,alligator_crack,RDD2020,Japan_0113
RDD2020_Japan_Japan_011321.jpg,train,alligator_crack,RDD2020,Japan_0113
RDD2020_Japan_Japan_011323.jpg,train,alligator_crack,RDD2020,Japan_0113
RDD2020_Japan_Japan_011325.jpg,train,alligator_crack,RDD2020,Japan_0113
RDD2020_Japan_Japan_011326.jpg,train,alligator_crack,RDD2020,Japan_0113
RDD2020_Japan_Japan_011328.jpg,train,both,RDD2020,Japan_0113
RDD2020_Japan_Japan_011329.jpg,train,alligator_crack,RDD2020,Japan_0113
RDD2020_Japan_Japan_011330.jpg,train,alligator_crack,RDD2020,Japan_0113
RDD2020_Japan_Japan_011335.jpg,train,alligator_crack,RDD2020,Japan_0113
RDD2020_Japan_Japan_011336.jpg,train,alligator_crack,RDD2020,Japan_0113
RDD2020_Japan_Japan_011338.jpg,train,pothole,RDD2020,Japan_0113
RDD2020_Japan_Japan_011339.jpg,train,alligator_crack,RDD2020,Japan_0113
RDD2020_Japan_Japan_011346.jpg,train,both,RDD2020,Japan_0113
RDD2020_Japan_Japan_011347.jpg,train,alligator_crack,RDD2020,Japan_0113
RDD2020_Japan_Japan_011350.jpg,train,alligator_crack,RDD2020,Japan_0113
RDD2020_Japan_Japan_011355.jpg,train,alligator_crack,RDD2020,Japan_0113
RDD2020_Japan_Japan_011356.jpg,train,alligator_crack,RDD2020,Japan_0113
RDD2020_Japan_Japan_011359.jpg,train,alligator_crack,RDD2020,Japan_0113
RDD2020_Japan_Japan_011363.jpg,train,alligator_crack,RDD2020,Japan_0113
RDD2020_Japan_Japan_011367.jpg,train,alligator_crack,RDD2020,Japan_0113
RDD2020_Japan_Japan_011372.jpg,train,alligator_crack,RDD2020,Japan_0113
RDD2020_Japan_Japan_011374.jpg,train,pothole,RDD2020,Japan_0113
RDD2020_Japan_Japan_011375.jpg,train,alligator_crack,RDD2020,Japan_0113
RDD2020_Japan_Japan_011380.jpg,train,alligator_crack,RDD2020,Japan_0113
RDD2020_Japan_Japan_011382.jpg,train,alligator_crack,RDD2020,Japan_0113
RDD2020_Japan_Japan_011383.jpg,train,alligator_crack,RDD2020,Japan_0113
RDD2020_Japan_Japan_011384.jpg,train,pothole,RDD2020,Japan_0113
RDD2020_Japan_Japan_011385.jpg,train,alligator_crack,RDD2020,Japan_0113
RDD2020_Japan_Japan_011389.jpg,train,alligator_crack,RDD2020,Japan_0113
RDD2020_Japan_Japan_011390.jpg,train,pothole,RDD2020,Japan_0113
RDD2020_Japan_Japan_011392.jpg,train,both,RDD2020,Japan_0113
RDD2020_Japan_Japan_011393.jpg,train,alligator_crack,RDD2020,Japan_0113
RDD2020_Japan_Japan_011395.jpg,train,alligator_crack,RDD2020,Japan_0113
RDD2020_Japan_Japan_011398.jpg,train,alligator_crack,RDD2020,Japan_0113
RDD2020_Japan_Japan_011399.jpg,train,alligator_crack,RDD2020,Japan_0113
RDD2020_Japan_Japan_002400.jpg,train,alligator_crack,RDD2020,Japan_0024
RDD2020_Japan_Japan_002401.jpg,train,alligator_crack,RDD2020,Japan_0024
RDD2020_Japan_Japan_002402.jpg,train,alligator_crack,RDD2020,Japan_0024
RDD2020_Japan_Japan_002408.jpg,train,alligator_crack,RDD2020,Japan_0024
RDD2020_Japan_Japan_002411.jpg,train,alligator_crack,RDD2020,Japan_0024
RDD2020_Japan_Japan_002413.jpg,train,alligator_crack,RDD2020,Japan_0024
RDD2020_Japan_Japan_002416.jpg,train,pothole,RDD2020,Japan_0024
RDD2020_Japan_Japan_002419.jpg,train,alligator_crack,RDD2020,Japan_0024
RDD2020_Japan_Japan_002420.jpg,train,pothole,RDD2020,Japan_0024
RDD2020_Japan_Japan_002421.jpg,train,alligator_crack,RDD2020,Japan_0024
RDD2020_Japan_Japan_002423.jpg,train,alligator_crack,RDD2020,Japan_0024
RDD2020_Japan_Japan_002424.jpg,train,alligator_crack,RDD2020,Japan_0024
RDD2020_Japan_Japan_002426.jpg,train,alligator_crack,RDD2020,Japan_0024
RDD2020_Japan_Japan_002427.jpg,train,alligator_crack,RDD2020,Japan_0024
RDD2020_Japan_Japan_002433.jpg,train,alligator_crack,RDD2020,Japan_0024
RDD2020_Japan_Japan_002434.jpg,train,alligator_crack,RDD2020,Japan_0024
RDD2020_Japan_Japan_002435.jpg,train,alligator_crack,RDD2020,Japan_0024
RDD2020_Japan_Japan_002438.jpg,train,both,RDD2020,Japan_0024
RDD2020_Japan_Japan_002442.jpg,train,alligator_crack,RDD2020,Japan_0024
RDD2020_Japan_Japan_002444.jpg,train,alligator_crack,RDD2020,Japan_0024
RDD2020_Japan_Japan_002446.jpg,train,pothole,RDD2020,Japan_0024
RDD2020_Japan_Japan_002448.jpg,train,alligator_crack,RDD2020,Japan_0024
RDD2020_Japan_Japan_002451.jpg,train,both,RDD2020,Japan_0024
RDD2020_Japan_Japan_002453.jpg,train,both,RDD2020,Japan_0024
RDD2020_Japan_Japan_002458.jpg,train,alligator_crack,RDD2020,Japan_0024
RDD2020_Japan_Japan_002459.jpg,train,alligator_crack,RDD2020,Japan_0024
RDD2020_Japan_Japan_002464.jpg,train,alligator_crack,RDD2020,Japan_0024
RDD2020_Japan_Japan_002472.jpg,train,alligator_crack,RDD2020,Japan_0024
RDD2020_Japan_Japan_002473.jpg,train,pothole,RDD2020,Japan_0024
RDD2020_Japan_Japan_002474.jpg,train,alligator_crack,RDD2020,Japan_0024
RDD2020_Japan_Japan_002476.jpg,train,alligator_crack,RDD2020,Japan_0024
RDD2020_Japan_Japan_002477.jpg,train,alligator_crack,RDD2020,Japan_0024
RDD2020_Japan_Japan_002479.jpg,train,alligator_crack,RDD2020,Japan_0024
RDD2020_Japan_Japan_002481.jpg,train,alligator_crack,RDD2020,Japan_0024
RDD2020_Japan_Japan_002483.jpg,train,alligator_crack,RDD2020,Japan_0024
RDD2020_Japan_Japan_002491.jpg,train,alligator_crack,RDD2020,Japan_0024
RDD2020_Japan_Japan_002495.jpg,train,alligator_crack,RDD2020,Japan_0024
RDD2020_Japan_Japan_002496.jpg,train,both,RDD2020,Japan_0024
RDD2020_Japan_Japan_002497.jpg,train,alligator_crack,RDD2020,Japan_0024
RDD2020_Japan_Japan_002498.jpg,train,both,RDD2020,Japan_0024
RDD2020_Japan_Japan_002499.jpg,train,alligator_crack,RDD2020,Japan_0024
RDD2020_Czech_Czech_001740.jpg,train,pothole,RDD2020,Czech_0017
RDD2020_Czech_Czech_001754.jpg,train,alligator_crack,RDD2020,Czech_0017
RDD2020_Czech_Czech_001788.jpg,train,alligator_crack,RDD2020,Czech_0017
RDD2020_Japan_Japan_010403.jpg,train,both,RDD2020,Japan_0104
RDD2020_Japan_Japan_010405.jpg,train,alligator_crack,RDD2020,Japan_0104
RDD2020_Japan_Japan_010407.jpg,train,alligator_crack,RDD2020,Japan_0104
RDD2020_Japan_Japan_010410.jpg,train,alligator_crack,RDD2020,Japan_0104
RDD2020_Japan_Japan_010413.jpg,train,alligator_crack,RDD2020,Japan_0104
RDD2020_Japan_Japan_010416.jpg,train,alligator_crack,RDD2020,Japan_0104
RDD2020_Japan_Japan_010417.jpg,train,alligator_crack,RDD2020,Japan_0104
RDD2020_Japan_Japan_010420.jpg,train,both,RDD2020,Japan_0104
RDD2020_Japan_Japan_010422.jpg,train,both,RDD2020,Japan_0104
RDD2020_Japan_Japan_010423.jpg,train,alligator_crack,RDD2020,Japan_0104
RDD2020_Japan_Japan_010426.jpg,train,alligator_crack,RDD2020,Japan_0104
RDD2020_Japan_Japan_010427.jpg,train,both,RDD2020,Japan_0104
RDD2020_Japan_Japan_010428.jpg,train,alligator_crack,RDD2020,Japan_0104
RDD2020_Japan_Japan_010432.jpg,train,alligator_crack,RDD2020,Japan_0104
RDD2020_Japan_Japan_010433.jpg,train,alligator_crack,RDD2020,Japan_0104
RDD2020_Japan_Japan_010434.jpg,train,alligator_crack,RDD2020,Japan_0104
RDD2020_Japan_Japan_010436.jpg,train,alligator_crack,RDD2020,Japan_0104
RDD2020_Japan_Japan_010437.jpg,train,alligator_crack,RDD2020,Japan_0104
RDD2020_Japan_Japan_010439.jpg,train,alligator_crack,RDD2020,Japan_0104
RDD2020_Japan_Japan_010440.jpg,train,alligator_crack,RDD2020,Japan_0104
RDD2020_Japan_Japan_010442.jpg,train,alligator_crack,RDD2020,Japan_0104
RDD2020_Japan_Japan_010444.jpg,train,alligator_crack,RDD2020,Japan_0104
RDD2020_Japan_Japan_010445.jpg,train,alligator_crack,RDD2020,Japan_0104
RDD2020_Japan_Japan_010455.jpg,train,alligator_crack,RDD2020,Japan_0104
RDD2020_Japan_Japan_010456.jpg,train,alligator_crack,RDD2020,Japan_0104
RDD2020_Japan_Japan_010459.jpg,train,alligator_crack,RDD2020,Japan_0104
RDD2020_Japan_Japan_010460.jpg,train,alligator_crack,RDD2020,Japan_0104
RDD2020_Japan_Japan_010464.jpg,train,both,RDD2020,Japan_0104
RDD2020_Japan_Japan_010467.jpg,train,alligator_crack,RDD2020,Japan_0104
RDD2020_Japan_Japan_010472.jpg,train,pothole,RDD2020,Japan_0104
RDD2020_Japan_Japan_010473.jpg,train,alligator_crack,RDD2020,Japan_0104
RDD2020_Japan_Japan_010477.jpg,train,alligator_crack,RDD2020,Japan_0104
RDD2020_Japan_Japan_010479.jpg,train,alligator_crack,RDD2020,Japan_0104
RDD2020_Japan_Japan_010480.jpg,train,alligator_crack,RDD2020,Japan_0104
RDD2020_Japan_Japan_010481.jpg,train,alligator_crack,RDD2020,Japan_0104
RDD2020_Japan_Japan_010482.jpg,train,alligator_crack,RDD2020,Japan_0104
RDD2020_Japan_Japan_010484.jpg,train,alligator_crack,RDD2020,Japan_0104
RDD2020_Japan_Japan_010486.jpg,train,alligator_crack,RDD2020,Japan_0104
RDD2020_Japan_Japan_010487.jpg,train,alligator_crack,RDD2020,Japan_0104
RDD2020_Japan_Japan_010496.jpg,train,alligator_crack,RDD2020,Japan_0104
RDD2020_Japan_Japan_010499.jpg,train,alligator_crack,RDD2020,Japan_0104
RDD2020_Japan_Japan_000100.jpg,train,negative_background,RDD2020,Japan_0001
RDD2020_Japan_Japan_000101.jpg,train,negative_background,RDD2020,Japan_0001
RDD2020_Japan_Japan_000103.jpg,train,negative_background,RDD2020,Japan_0001
RDD2020_Japan_Japan_000104.jpg,train,negative_background,RDD2020,Japan_0001
RDD2020_Japan_Japan_000105.jpg,train,negative_background,RDD2020,Japan_0001
RDD2020_Japan_Japan_000106.jpg,train,negative_background,RDD2020,Japan_0001
RDD2020_Japan_Japan_000108.jpg,train,alligator_crack,RDD2020,Japan_0001
RDD2020_Japan_Japan_000110.jpg,train,alligator_crack,RDD2020,Japan_0001
RDD2020_Japan_Japan_000111.jpg,train,alligator_crack,RDD2020,Japan_0001
RDD2020_Japan_Japan_000112.jpg,train,negative_background,RDD2020,Japan_0001
RDD2020_Japan_Japan_000113.jpg,train,negative_background,RDD2020,Japan_0001
RDD2020_Japan_Japan_000114.jpg,train,negative_background,RDD2020,Japan_0001
RDD2020_Japan_Japan_000115.jpg,train,negative_background,RDD2020,Japan_0001
RDD2020_Japan_Japan_000117.jpg,train,both,RDD2020,Japan_0001
RDD2020_Japan_Japan_000118.jpg,train,negative_background,RDD2020,Japan_0001
RDD2020_Japan_Japan_000119.jpg,train,alligator_crack,RDD2020,Japan_0001
RDD2020_Japan_Japan_000120.jpg,train,negative_background,RDD2020,Japan_0001
RDD2020_Japan_Japan_000121.jpg,train,negative_background,RDD2020,Japan_0001
RDD2020_Japan_Japan_000122.jpg,train,alligator_crack,RDD2020,Japan_0001
RDD2020_Japan_Japan_000123.jpg,train,negative_background,RDD2020,Japan_0001
RDD2020_Japan_Japan_000124.jpg,train,negative_background,RDD2020,Japan_0001
RDD2020_Japan_Japan_000126.jpg,train,negative_background,RDD2020,Japan_0001
RDD2020_Japan_Japan_000127.jpg,train,negative_background,RDD2020,Japan_0001
RDD2020_Japan_Japan_000128.jpg,train,alligator_crack,RDD2020,Japan_0001
RDD2020_Japan_Japan_000129.jpg,train,pothole,RDD2020,Japan_0001
RDD2020_Japan_Japan_000130.jpg,train,negative_background,RDD2020,Japan_0001
RDD2020_Japan_Japan_000131.jpg,train,negative_background,RDD2020,Japan_0001
RDD2020_Japan_Japan_000133.jpg,train,negative_background,RDD2020,Japan_0001
RDD2020_Japan_Japan_000135.jpg,train,negative_background,RDD2020,Japan_0001
RDD2020_Japan_Japan_000136.jpg,train,alligator_crack,RDD2020,Japan_0001
RDD2020_Japan_Japan_000137.jpg,train,alligator_crack,RDD2020,Japan_0001
RDD2020_Japan_Japan_000138.jpg,train,negative_background,RDD2020,Japan_0001
RDD2020_Japan_Japan_000140.jpg,train,alligator_crack,RDD2020,Japan_0001
RDD2020_Japan_Japan_000142.jpg,train,negative_background,RDD2020,Japan_0001
RDD2020_Japan_Japan_000143.jpg,train,negative_background,RDD2020,Japan_0001
RDD2020_Japan_Japan_000144.jpg,train,alligator_crack,RDD2020,Japan_0001
RDD2020_Japan_Japan_000145.jpg,train,negative_background,RDD2020,Japan_0001
RDD2020_Japan_Japan_000146.jpg,train,negative_background,RDD2020,Japan_0001
RDD2020_Japan_Japan_000150.jpg,train,negative_background,RDD2020,Japan_0001
RDD2020_Japan_Japan_000151.jpg,train,alligator_crack,RDD2020,Japan_0001
RDD2020_Japan_Japan_000152.jpg,train,negative_background,RDD2020,Japan_0001
RDD2020_Japan_Japan_000153.jpg,train,alligator_crack,RDD2020,Japan_0001
RDD2020_Japan_Japan_000154.jpg,train,negative_background,RDD2020,Japan_0001
RDD2020_Japan_Japan_000155.jpg,train,alligator_crack,RDD2020,Japan_0001
RDD2020_Japan_Japan_000158.jpg,train,alligator_crack,RDD2020,Japan_0001
RDD2020_Japan_Japan_000160.jpg,train,negative_background,RDD2020,Japan_0001
RDD2020_Japan_Japan_000162.jpg,train,negative_background,RDD2020,Japan_0001
RDD2020_Japan_Japan_000164.jpg,train,alligator_crack,RDD2020,Japan_0001
RDD2020_Japan_Japan_000165.jpg,train,both,RDD2020,Japan_0001
RDD2020_Japan_Japan_000166.jpg,train,both,RDD2020,Japan_0001
RDD2020_Japan_Japan_000168.jpg,train,alligator_crack,RDD2020,Japan_0001
RDD2020_Japan_Japan_000169.jpg,train,alligator_crack,RDD2020,Japan_0001
RDD2020_Japan_Japan_000170.jpg,train,alligator_crack,RDD2020,Japan_0001
RDD2020_Japan_Japan_000171.jpg,train,negative_background,RDD2020,Japan_0001
RDD2020_Japan_Japan_000172.jpg,train,pothole,RDD2020,Japan_0001
RDD2020_Japan_Japan_000175.jpg,train,negative_background,RDD2020,Japan_0001
RDD2020_Japan_Japan_000176.jpg,train,alligator_crack,RDD2020,Japan_0001
RDD2020_Japan_Japan_000177.jpg,train,negative_background,RDD2020,Japan_0001
RDD2020_Japan_Japan_000178.jpg,train,negative_background,RDD2020,Japan_0001
RDD2020_Japan_Japan_000179.jpg,train,alligator_crack,RDD2020,Japan_0001
RDD2020_Japan_Japan_000180.jpg,train,negative_background,RDD2020,Japan_0001
RDD2020_Japan_Japan_000182.jpg,train,negative_background,RDD2020,Japan_0001
RDD2020_Japan_Japan_000183.jpg,train,negative_background,RDD2020,Japan_0001
RDD2020_Japan_Japan_000184.jpg,train,both,RDD2020,Japan_0001
RDD2020_Japan_Japan_000186.jpg,train,alligator_crack,RDD2020,Japan_0001
RDD2020_Japan_Japan_000187.jpg,train,pothole,RDD2020,Japan_0001
RDD2020_Japan_Japan_000188.jpg,train,alligator_crack,RDD2020,Japan_0001
RDD2020_Japan_Japan_000189.jpg,train,pothole,RDD2020,Japan_0001
RDD2020_Japan_Japan_000190.jpg,train,alligator_crack,RDD2020,Japan_0001
RDD2020_Japan_Japan_000192.jpg,train,alligator_crack,RDD2020,Japan_0001
RDD2020_Japan_Japan_000193.jpg,train,alligator_crack,RDD2020,Japan_0001
RDD2020_Japan_Japan_000194.jpg,train,negative_background,RDD2020,Japan_0001
RDD2020_Japan_Japan_000196.jpg,train,alligator_crack,RDD2020,Japan_0001
RDD2020_Japan_Japan_000197.jpg,train,alligator_crack,RDD2020,Japan_0001
RDD2020_Japan_Japan_000198.jpg,train,negative_background,RDD2020,Japan_0001
RDD2020_Japan_Japan_000199.jpg,train,negative_background,RDD2020,Japan_0001
Pothole600_training_0000.png,train,pothole,Pothole600,pothole600_training
Pothole600_training_0001.png,train,pothole,Pothole600,pothole600_training
Pothole600_training_0002.png,train,pothole,Pothole600,pothole600_training
Pothole600_training_0003.png,train,pothole,Pothole600,pothole600_training
Pothole600_training_0004.png,train,pothole,Pothole600,pothole600_training
Pothole600_training_0005.png,train,pothole,Pothole600,pothole600_training
Pothole600_training_0006.png,train,pothole,Pothole600,pothole600_training
Pothole600_training_0007.png,train,pothole,Pothole600,pothole600_training
Pothole600_training_0008.png,train,pothole,Pothole600,pothole600_training
Pothole600_training_0009.png,train,pothole,Pothole600,pothole600_training
Pothole600_training_0010.png,train,pothole,Pothole600,pothole600_training
Pothole600_training_0011.png,train,pothole,Pothole600,pothole600_training
Pothole600_training_0012.png,train,pothole,Pothole600,pothole600_training
Pothole600_training_0013.png,train,pothole,Pothole600,pothole600_training
Pothole600_training_0014.png,train,pothole,Pothole600,pothole600_training
Pothole600_training_0015.png,train,pothole,Pothole600,pothole600_training
Pothole600_training_0016.png,train,pothole,Pothole600,pothole600_training
Pothole600_training_0017.png,train,pothole,Pothole600,pothole600_training
Pothole600_training_0018.png,train,pothole,Pothole600,pothole600_training
Pothole600_training_0019.png,train,pothole,Pothole600,pothole600_training
Pothole600_training_0020.png,train,pothole,Pothole600,pothole600_training
Pothole600_training_0021.png,train,pothole,Pothole600,pothole600_training
Pothole600_training_0022.png,train,pothole,Pothole600,pothole600_training
Pothole600_training_0023.png,train,pothole,Pothole600,pothole600_training
Pothole600_training_0024.png,train,pothole,Pothole600,pothole600_training
Pothole600_training_0025.png,train,pothole,Pothole600,pothole600_training
Pothole600_training_0026.png,train,pothole,Pothole600,pothole600_training
Pothole600_training_0027.png,train,pothole,Pothole600,pothole600_training
Pothole600_training_0028.png,train,pothole,Pothole600,pothole600_training
Pothole600_training_0029.png,train,pothole,Pothole600,pothole600_training
Pothole600_training_0030.png,train,pothole,Pothole600,pothole600_training
Pothole600_training_0031.png,train,pothole,Pothole600,pothole600_training
Pothole600_training_0032.png,train,pothole,Pothole600,pothole600_training
Pothole600_training_0033.png,train,pothole,Pothole600,pothole600_training
Pothole600_training_0034.png,train,pothole,Pothole600,pothole600_training
Pothole600_training_0035.png,train,pothole,Pothole600,pothole600_training
Pothole600_training_0036.png,train,pothole,Pothole600,pothole600_training
Pothole600_training_0037.png,train,pothole,Pothole600,pothole600_training
Pothole600_training_0038.png,train,pothole,Pothole600,pothole600_training
Pothole600_training_0039.png,train,pothole,Pothole600,pothole600_training
Pothole600_training_0040.png,train,pothole,Pothole600,pothole600_training
Pothole600_training_0041.png,train,pothole,Pothole600,pothole600_training
Pothole600_training_0042.png,train,pothole,Pothole600,pothole600_training
Pothole600_training_0043.png,train,pothole,Pothole600,pothole600_training
Pothole600_training_0044.png,train,pothole,Pothole600,pothole600_training
Pothole600_training_0045.png,train,pothole,Pothole600,pothole600_training
Pothole600_training_0046.png,train,pothole,Pothole600,pothole600_training
Pothole600_training_0047.png,train,pothole,Pothole600,pothole600_training
Pothole600_training_0048.png,train,pothole,Pothole600,pothole600_training
Pothole600_training_0049.png,train,pothole,Pothole600,pothole600_training
Pothole600_training_0050.png,train,pothole,Pothole600,pothole600_training
Pothole600_training_0051.png,train,pothole,Pothole600,pothole600_training
Pothole600_training_0052.png,train,pothole,Pothole600,pothole600_training
Pothole600_training_0053.png,train,pothole,Pothole600,pothole600_training
Pothole600_training_0054.png,train,pothole,Pothole600,pothole600_training
Pothole600_training_0055.png,train,pothole,Pothole600,pothole600_training
Pothole600_training_0056.png,train,pothole,Pothole600,pothole600_training
Pothole600_training_0057.png,train,pothole,Pothole600,pothole600_training
Pothole600_training_0058.png,train,pothole,Pothole600,pothole600_training
Pothole600_training_0059.png,train,pothole,Pothole600,pothole600_training
Pothole600_training_0060.png,train,pothole,Pothole600,pothole600_training
Pothole600_training_0061.png,train,pothole,Pothole600,pothole600_training
Pothole600_training_0062.png,train,pothole,Pothole600,pothole600_training
Pothole600_training_0063.png,train,pothole,Pothole600,pothole600_training
Pothole600_training_0064.png,train,pothole,Pothole600,pothole600_training
Pothole600_training_0065.png,train,pothole,Pothole600,pothole600_training
Pothole600_training_0066.png,train,pothole,Pothole600,pothole600_training
Pothole600_training_0067.png,train,pothole,Pothole600,pothole600_training
Pothole600_training_0068.png,train,pothole,Pothole600,pothole600_training
Pothole600_training_0069.png,train,pothole,Pothole600,pothole600_training
Pothole600_training_0070.png,train,pothole,Pothole600,pothole600_training
Pothole600_training_0071.png,train,pothole,Pothole600,pothole600_training
Pothole600_training_0072.png,train,pothole,Pothole600,pothole600_training
Pothole600_training_0073.png,train,pothole,Pothole600,pothole600_training
Pothole600_training_0074.png,train,pothole,Pothole600,pothole600_training
Pothole600_training_0075.png,train,pothole,Pothole600,pothole600_training
Pothole600_training_0076.png,train,pothole,Pothole600,pothole600_training
Pothole600_training_0077.png,train,pothole,Pothole600,pothole600_training
Pothole600_training_0078.png,train,pothole,Pothole600,pothole600_training
Pothole600_training_0079.png,train,pothole,Pothole600,pothole600_training
Pothole600_training_0080.png,train,pothole,Pothole600,pothole600_training
Pothole600_training_0081.png,train,pothole,Pothole600,pothole600_training
Pothole600_training_0082.png,train,pothole,Pothole600,pothole600_training
Pothole600_training_0083.png,train,pothole,Pothole600,pothole600_training
Pothole600_training_0084.png,train,pothole,Pothole600,pothole600_training
Pothole600_training_0085.png,train,pothole,Pothole600,pothole600_training
Pothole600_training_0086.png,train,pothole,Pothole600,pothole600_training
Pothole600_training_0087.png,train,pothole,Pothole600,pothole600_training
Pothole600_training_0088.png,train,pothole,Pothole600,pothole600_training
Pothole600_training_0089.png,train,pothole,Pothole600,pothole600_training
Pothole600_training_0090.png,train,pothole,Pothole600,pothole600_training
Pothole600_training_0091.png,train,pothole,Pothole600,pothole600_training
Pothole600_training_0092.png,train,pothole,Pothole600,pothole600_training
Pothole600_training_0093.png,train,pothole,Pothole600,pothole600_training
Pothole600_training_0094.png,train,pothole,Pothole600,pothole600_training
Pothole600_training_0095.png,train,pothole,Pothole600,pothole600_training
Pothole600_training_0096.png,train,pothole,Pothole600,pothole600_training
Pothole600_training_0097.png,train,pothole,Pothole600,pothole600_training
Pothole600_training_0098.png,train,pothole,Pothole600,pothole600_training
Pothole600_training_0099.png,train,pothole,Pothole600,pothole600_training
Pothole600_training_0100.png,train,pothole,Pothole600,pothole600_training
Pothole600_training_0101.png,train,pothole,Pothole600,pothole600_training
Pothole600_training_0102.png,train,pothole,Pothole600,pothole600_training
Pothole600_training_0103.png,train,pothole,Pothole600,pothole600_training
Pothole600_training_0104.png,train,pothole,Pothole600,pothole600_training
Pothole600_training_0105.png,train,pothole,Pothole600,pothole600_training
Pothole600_training_0106.png,train,pothole,Pothole600,pothole600_training
Pothole600_training_0107.png,train,pothole,Pothole600,pothole600_training
Pothole600_training_0108.png,train,pothole,Pothole600,pothole600_training
Pothole600_training_0109.png,train,pothole,Pothole600,pothole600_training
Pothole600_training_0110.png,train,pothole,Pothole600,pothole600_training
Pothole600_training_0111.png,train,pothole,Pothole600,pothole600_training
Pothole600_training_0112.png,train,pothole,Pothole600,pothole600_training
Pothole600_training_0113.png,train,pothole,Pothole600,pothole600_training
Pothole600_training_0115.png,train,pothole,Pothole600,pothole600_training
Pothole600_training_0116.png,train,pothole,Pothole600,pothole600_training
Pothole600_training_0117.png,train,pothole,Pothole600,pothole600_training
Pothole600_training_0118.png,train,pothole,Pothole600,pothole600_training
Pothole600_training_0119.png,train,pothole,Pothole600,pothole600_training
Pothole600_training_0120.png,train,pothole,Pothole600,pothole600_training
Pothole600_training_0121.png,train,pothole,Pothole600,pothole600_training
Pothole600_training_0122.png,train,pothole,Pothole600,pothole600_training
Pothole600_training_0123.png,train,pothole,Pothole600,pothole600_training
Pothole600_training_0124.png,train,pothole,Pothole600,pothole600_training
Pothole600_training_0125.png,train,pothole,Pothole600,pothole600_training
Pothole600_training_0126.png,train,pothole,Pothole600,pothole600_training
Pothole600_training_0127.png,train,pothole,Pothole600,pothole600_training
Pothole600_training_0128.png,train,pothole,Pothole600,pothole600_training
Pothole600_training_0129.png,train,pothole,Pothole600,pothole600_training
Pothole600_training_0130.png,train,pothole,Pothole600,pothole600_training
Pothole600_training_0131.png,train,pothole,Pothole600,pothole600_training
Pothole600_training_0132.png,train,pothole,Pothole600,pothole600_training
Pothole600_training_0133.png,train,pothole,Pothole600,pothole600_training
Pothole600_training_0134.png,train,pothole,Pothole600,pothole600_training
Pothole600_training_0135.png,train,pothole,Pothole600,pothole600_training
Pothole600_training_0136.png,train,pothole,Pothole600,pothole600_training
Pothole600_training_0137.png,train,pothole,Pothole600,pothole600_training
Pothole600_training_0138.png,train,pothole,Pothole600,pothole600_training
Pothole600_training_0139.png,train,pothole,Pothole600,pothole600_training
Pothole600_training_0140.png,train,pothole,Pothole600,pothole600_training
Pothole600_training_0141.png,train,pothole,Pothole600,pothole600_training
Pothole600_training_0142.png,train,pothole,Pothole600,pothole600_training
Pothole600_training_0143.png,train,pothole,Pothole600,pothole600_training
Pothole600_training_0144.png,train,pothole,Pothole600,pothole600_training
Pothole600_training_0145.png,train,pothole,Pothole600,pothole600_training
Pothole600_training_0146.png,train,pothole,Pothole600,pothole600_training
Pothole600_training_0147.png,train,pothole,Pothole600,pothole600_training
Pothole600_training_0148.png,train,pothole,Pothole600,pothole600_training
Pothole600_training_0149.png,train,pothole,Pothole600,pothole600_training
Pothole600_training_0150.png,train,pothole,Pothole600,pothole600_training
Pothole600_training_0151.png,train,pothole,Pothole600,pothole600_training
Pothole600_training_0152.png,train,pothole,Pothole600,pothole600_training
Pothole600_training_0153.png,train,pothole,Pothole600,pothole600_training
Pothole600_training_0154.png,train,pothole,Pothole600,pothole600_training
Pothole600_training_0155.png,train,pothole,Pothole600,pothole600_training
Pothole600_training_0156.png,train,pothole,Pothole600,pothole600_training
Pothole600_training_0157.png,train,pothole,Pothole600,pothole600_training
Pothole600_training_0158.png,train,pothole,Pothole600,pothole600_training
Pothole600_training_0159.png,train,pothole,Pothole600,pothole600_training
Pothole600_training_0160.png,train,pothole,Pothole600,pothole600_training
Pothole600_training_0161.png,train,pothole,Pothole600,pothole600_training
Pothole600_training_0162.png,train,pothole,Pothole600,pothole600_training
Pothole600_training_0163.png,train,pothole,Pothole600,pothole600_training
Pothole600_training_0164.png,train,pothole,Pothole600,pothole600_training
Pothole600_training_0165.png,train,pothole,Pothole600,pothole600_training
Pothole600_training_0166.png,train,pothole,Pothole600,pothole600_training
Pothole600_training_0167.png,train,pothole,Pothole600,pothole600_training
Pothole600_training_0168.png,train,pothole,Pothole600,pothole600_training
Pothole600_training_0169.png,train,pothole,Pothole600,pothole600_training
Pothole600_training_0170.png,train,pothole,Pothole600,pothole600_training
Pothole600_training_0171.png,train,pothole,Pothole600,pothole600_training
Pothole600_training_0172.png,train,pothole,Pothole600,pothole600_training
Pothole600_training_0173.png,train,pothole,Pothole600,pothole600_training
Pothole600_training_0174.png,train,pothole,Pothole600,pothole600_training
Pothole600_training_0175.png,train,pothole,Pothole600,pothole600_training
Pothole600_training_0176.png,train,pothole,Pothole600,pothole600_training
Pothole600_training_0177.png,train,pothole,Pothole600,pothole600_training
Pothole600_training_0178.png,train,pothole,Pothole600,pothole600_training
Pothole600_training_0179.png,train,pothole,Pothole600,pothole600_training
Pothole600_training_0180.png,train,pothole,Pothole600,pothole600_training
Pothole600_training_0181.png,train,pothole,Pothole600,pothole600_training
Pothole600_training_0182.png,train,pothole,Pothole600,pothole600_training
Pothole600_training_0183.png,train,pothole,Pothole600,pothole600_training
Pothole600_training_0184.png,train,pothole,Pothole600,pothole600_training
Pothole600_training_0185.png,train,pothole,Pothole600,pothole600_training
Pothole600_training_0186.png,train,pothole,Pothole600,pothole600_training
Pothole600_training_0187.png,train,pothole,Pothole600,pothole600_training
Pothole600_training_0188.png,train,pothole,Pothole600,pothole600_training
Pothole600_training_0189.png,train,pothole,Pothole600,pothole600_training
Pothole600_training_0190.png,train,pothole,Pothole600,pothole600_training
Pothole600_training_0191.png,train,pothole,Pothole600,pothole600_training
Pothole600_training_0192.png,train,pothole,Pothole600,pothole600_training
Pothole600_training_0193.png,train,pothole,Pothole600,pothole600_training
Pothole600_training_0194.png,train,pothole,Pothole600,pothole600_training
Pothole600_training_0195.png,train,pothole,Pothole600,pothole600_training
Pothole600_training_0196.png,train,pothole,Pothole600,pothole600_training
Pothole600_training_0197.png,train,pothole,Pothole600,pothole600_training
Pothole600_training_0198.png,train,pothole,Pothole600,pothole600_training
Pothole600_training_0199.png,train,pothole,Pothole600,pothole600_training
Pothole600_training_0200.png,train,pothole,Pothole600,pothole600_training
Pothole600_training_0201.png,train,pothole,Pothole600,pothole600_training
Pothole600_training_0202.png,train,pothole,Pothole600,pothole600_training
Pothole600_training_0203.png,train,pothole,Pothole600,pothole600_training
Pothole600_training_0204.png,train,pothole,Pothole600,pothole600_training
Pothole600_training_0205.png,train,pothole,Pothole600,pothole600_training
Pothole600_training_0206.png,train,pothole,Pothole600,pothole600_training
Pothole600_training_0207.png,train,pothole,Pothole600,pothole600_training
Pothole600_training_0208.png,train,pothole,Pothole600,pothole600_training
Pothole600_training_0209.png,train,pothole,Pothole600,pothole600_training
Pothole600_training_0210.png,train,pothole,Pothole600,pothole600_training
Pothole600_training_0211.png,train,pothole,Pothole600,pothole600_training
Pothole600_training_0212.png,train,pothole,Pothole600,pothole600_training
Pothole600_training_0213.png,train,pothole,Pothole600,pothole600_training
Pothole600_training_0214.png,train,pothole,Pothole600,pothole600_training
Pothole600_training_0215.png,train,pothole,Pothole600,pothole600_training
Pothole600_training_0216.png,train,pothole,Pothole600,pothole600_training
Pothole600_training_0217.png,train,pothole,Pothole600,pothole600_training
Pothole600_training_0218.png,train,pothole,Pothole600,pothole600_training
Pothole600_training_0219.png,train,pothole,Pothole600,pothole600_training
Pothole600_training_0220.png,train,pothole,Pothole600,pothole600_training
Pothole600_training_0221.png,train,pothole,Pothole600,pothole600_training
Pothole600_training_0222.png,train,pothole,Pothole600,pothole600_training
Pothole600_training_0223.png,train,pothole,Pothole600,pothole600_training
Pothole600_training_0224.png,train,pothole,Pothole600,pothole600_training
Pothole600_training_0225.png,train,pothole,Pothole600,pothole600_training
Pothole600_training_0226.png,train,pothole,Pothole600,pothole600_training
Pothole600_training_0227.png,train,pothole,Pothole600,pothole600_training
Pothole600_training_0228.png,train,pothole,Pothole600,pothole600_training
Pothole600_training_0229.png,train,pothole,Pothole600,pothole600_training
Pothole600_training_0230.png,train,pothole,Pothole600,pothole600_training
Pothole600_training_0231.png,train,pothole,Pothole600,pothole600_training
Pothole600_training_0232.png,train,pothole,Pothole600,pothole600_training
Pothole600_training_0233.png,train,pothole,Pothole600,pothole600_training
Pothole600_training_0234.png,train,pothole,Pothole600,pothole600_training
Pothole600_training_0235.png,train,pothole,Pothole600,pothole600_training
Pothole600_training_0236.png,train,pothole,Pothole600,pothole600_training
Pothole600_training_0237.png,train,pothole,Pothole600,pothole600_training
Pothole600_training_0238.png,train,pothole,Pothole600,pothole600_training
Pothole600_training_0239.png,train,pothole,Pothole600,pothole600_training
RDD2020_Japan_Japan_010000.jpg,train,alligator_crack,RDD2020,Japan_0100
RDD2020_Japan_Japan_010001.jpg,train,pothole,RDD2020,Japan_0100
RDD2020_Japan_Japan_010005.jpg,train,both,RDD2020,Japan_0100
RDD2020_Japan_Japan_010009.jpg,train,alligator_crack,RDD2020,Japan_0100
RDD2020_Japan_Japan_010011.jpg,train,alligator_crack,RDD2020,Japan_0100
RDD2020_Japan_Japan_010014.jpg,train,alligator_crack,RDD2020,Japan_0100
RDD2020_Japan_Japan_010015.jpg,train,alligator_crack,RDD2020,Japan_0100
RDD2020_Japan_Japan_010016.jpg,train,alligator_crack,RDD2020,Japan_0100
RDD2020_Japan_Japan_010018.jpg,train,alligator_crack,RDD2020,Japan_0100
RDD2020_Japan_Japan_010019.jpg,train,alligator_crack,RDD2020,Japan_0100
RDD2020_Japan_Japan_010020.jpg,train,alligator_crack,RDD2020,Japan_0100
RDD2020_Japan_Japan_010026.jpg,train,alligator_crack,RDD2020,Japan_0100
RDD2020_Japan_Japan_010032.jpg,train,both,RDD2020,Japan_0100
RDD2020_Japan_Japan_010039.jpg,train,alligator_crack,RDD2020,Japan_0100
RDD2020_Japan_Japan_010041.jpg,train,alligator_crack,RDD2020,Japan_0100
RDD2020_Japan_Japan_010045.jpg,train,alligator_crack,RDD2020,Japan_0100
RDD2020_Japan_Japan_010047.jpg,train,alligator_crack,RDD2020,Japan_0100
RDD2020_Japan_Japan_010048.jpg,train,alligator_crack,RDD2020,Japan_0100
RDD2020_Japan_Japan_010051.jpg,train,alligator_crack,RDD2020,Japan_0100
RDD2020_Japan_Japan_010052.jpg,train,pothole,RDD2020,Japan_0100
RDD2020_Japan_Japan_010053.jpg,train,alligator_crack,RDD2020,Japan_0100
RDD2020_Japan_Japan_010054.jpg,train,pothole,RDD2020,Japan_0100
RDD2020_Japan_Japan_010055.jpg,train,alligator_crack,RDD2020,Japan_0100
RDD2020_Japan_Japan_010057.jpg,train,alligator_crack,RDD2020,Japan_0100
RDD2020_Japan_Japan_010059.jpg,train,alligator_crack,RDD2020,Japan_0100
RDD2020_Japan_Japan_010060.jpg,train,alligator_crack,RDD2020,Japan_0100
RDD2020_Japan_Japan_010062.jpg,train,alligator_crack,RDD2020,Japan_0100
RDD2020_Japan_Japan_010063.jpg,train,both,RDD2020,Japan_0100
RDD2020_Japan_Japan_010067.jpg,train,alligator_crack,RDD2020,Japan_0100
RDD2020_Japan_Japan_010068.jpg,train,alligator_crack,RDD2020,Japan_0100
RDD2020_Japan_Japan_010069.jpg,train,both,RDD2020,Japan_0100
RDD2020_Japan_Japan_010075.jpg,train,alligator_crack,RDD2020,Japan_0100
RDD2020_Japan_Japan_010077.jpg,train,alligator_crack,RDD2020,Japan_0100
RDD2020_Japan_Japan_010078.jpg,train,alligator_crack,RDD2020,Japan_0100
RDD2020_Japan_Japan_010079.jpg,train,alligator_crack,RDD2020,Japan_0100
RDD2020_Japan_Japan_010081.jpg,train,alligator_crack,RDD2020,Japan_0100
RDD2020_Japan_Japan_010089.jpg,train,alligator_crack,RDD2020,Japan_0100
RDD2020_Japan_Japan_010092.jpg,train,alligator_crack,RDD2020,Japan_0100
RDD2020_Japan_Japan_010095.jpg,train,alligator_crack,RDD2020,Japan_0100
RDD2020_Japan_Japan_010096.jpg,train,alligator_crack,RDD2020,Japan_0100
RDD2020_Japan_Japan_010097.jpg,train,alligator_crack,RDD2020,Japan_0100
RDD2020_Czech_Czech_003117.jpg,train,pothole,RDD2020,Czech_0031
RDD2020_Czech_Czech_003120.jpg,train,pothole,RDD2020,Czech_0031
RDD2020_Czech_Czech_003169.jpg,train,both,RDD2020,Czech_0031
RDD2020_Czech_Czech_003188.jpg,train,pothole,RDD2020,Czech_0031
RDD2020_Czech_Czech_003195.jpg,train,alligator_crack,RDD2020,Czech_0031
RDD2020_India_India_000600.jpg,train,negative_background,RDD2020,India_0006
RDD2020_India_India_000601.jpg,train,alligator_crack,RDD2020,India_0006
RDD2020_India_India_000602.jpg,train,negative_background,RDD2020,India_0006
RDD2020_India_India_000603.jpg,train,negative_background,RDD2020,India_0006
RDD2020_India_India_000605.jpg,train,alligator_crack,RDD2020,India_0006
RDD2020_India_India_000606.jpg,train,negative_background,RDD2020,India_0006
RDD2020_India_India_000608.jpg,train,negative_background,RDD2020,India_0006
RDD2020_India_India_000609.jpg,train,alligator_crack,RDD2020,India_0006
RDD2020_India_India_000611.jpg,train,alligator_crack,RDD2020,India_0006
RDD2020_India_India_000612.jpg,train,pothole,RDD2020,India_0006
RDD2020_India_India_000614.jpg,train,pothole,RDD2020,India_0006
RDD2020_India_India_000616.jpg,train,negative_background,RDD2020,India_0006
RDD2020_India_India_000617.jpg,train,alligator_crack,RDD2020,India_0006
RDD2020_India_India_000618.jpg,train,both,RDD2020,India_0006
RDD2020_India_India_000619.jpg,train,negative_background,RDD2020,India_0006
RDD2020_India_India_000620.jpg,train,negative_background,RDD2020,India_0006
RDD2020_India_India_000621.jpg,train,negative_background,RDD2020,India_0006
RDD2020_India_India_000622.jpg,train,alligator_crack,RDD2020,India_0006
RDD2020_India_India_000624.jpg,train,negative_background,RDD2020,India_0006
RDD2020_India_India_000625.jpg,train,negative_background,RDD2020,India_0006
RDD2020_India_India_000626.jpg,train,negative_background,RDD2020,India_0006
RDD2020_India_India_000627.jpg,train,pothole,RDD2020,India_0006
RDD2020_India_India_000628.jpg,train,both,RDD2020,India_0006
RDD2020_India_India_000630.jpg,train,alligator_crack,RDD2020,India_0006
RDD2020_India_India_000631.jpg,train,both,RDD2020,India_0006
RDD2020_India_India_000635.jpg,train,negative_background,RDD2020,India_0006
RDD2020_India_India_000636.jpg,train,negative_background,RDD2020,India_0006
RDD2020_India_India_000637.jpg,train,negative_background,RDD2020,India_0006
RDD2020_India_India_000638.jpg,train,negative_background,RDD2020,India_0006
RDD2020_India_India_000639.jpg,train,negative_background,RDD2020,India_0006
RDD2020_India_India_000642.jpg,train,negative_background,RDD2020,India_0006
RDD2020_India_India_000644.jpg,train,pothole,RDD2020,India_0006
RDD2020_India_India_000646.jpg,train,both,RDD2020,India_0006
RDD2020_India_India_000647.jpg,train,negative_background,RDD2020,India_0006
RDD2020_India_India_000648.jpg,train,negative_background,RDD2020,India_0006
RDD2020_India_India_000649.jpg,train,negative_background,RDD2020,India_0006
RDD2020_India_India_000651.jpg,train,negative_background,RDD2020,India_0006
RDD2020_India_India_000652.jpg,train,both,RDD2020,India_0006
RDD2020_India_India_000653.jpg,train,negative_background,RDD2020,India_0006
RDD2020_India_India_000654.jpg,train,pothole,RDD2020,India_0006
RDD2020_India_India_000655.jpg,train,alligator_crack,RDD2020,India_0006
RDD2020_India_India_000656.jpg,train,alligator_crack,RDD2020,India_0006
RDD2020_India_India_000657.jpg,train,negative_background,RDD2020,India_0006
RDD2020_India_India_000659.jpg,train,both,RDD2020,India_0006
RDD2020_India_India_000661.jpg,train,negative_background,RDD2020,India_0006
RDD2020_India_India_000662.jpg,train,negative_background,RDD2020,India_0006
RDD2020_India_India_000663.jpg,train,negative_background,RDD2020,India_0006
RDD2020_India_India_000665.jpg,train,alligator_crack,RDD2020,India_0006
RDD2020_India_India_000667.jpg,train,alligator_crack,RDD2020,India_0006
RDD2020_India_India_000669.jpg,train,both,RDD2020,India_0006
RDD2020_India_India_000670.jpg,train,negative_background,RDD2020,India_0006
RDD2020_India_India_000675.jpg,train,negative_background,RDD2020,India_0006
RDD2020_India_India_000676.jpg,train,alligator_crack,RDD2020,India_0006
RDD2020_India_India_000677.jpg,train,negative_background,RDD2020,India_0006
RDD2020_India_India_000678.jpg,train,alligator_crack,RDD2020,India_0006
RDD2020_India_India_000679.jpg,train,negative_background,RDD2020,India_0006
RDD2020_India_India_000680.jpg,train,alligator_crack,RDD2020,India_0006
RDD2020_India_India_000681.jpg,train,negative_background,RDD2020,India_0006
RDD2020_India_India_000682.jpg,train,pothole,RDD2020,India_0006
RDD2020_India_India_000683.jpg,train,negative_background,RDD2020,India_0006
RDD2020_India_India_000684.jpg,train,pothole,RDD2020,India_0006
RDD2020_India_India_000685.jpg,train,pothole,RDD2020,India_0006
RDD2020_India_India_000688.jpg,train,negative_background,RDD2020,India_0006
RDD2020_India_India_000690.jpg,train,alligator_crack,RDD2020,India_0006
RDD2020_India_India_000691.jpg,train,negative_background,RDD2020,India_0006
RDD2020_India_India_000692.jpg,train,negative_background,RDD2020,India_0006
RDD2020_India_India_000693.jpg,train,negative_background,RDD2020,India_0006
RDD2020_India_India_000694.jpg,train,negative_background,RDD2020,India_0006
RDD2020_India_India_000696.jpg,train,negative_background,RDD2020,India_0006
RDD2020_India_India_000697.jpg,train,negative_background,RDD2020,India_0006
RDD2020_India_India_000698.jpg,train,negative_background,RDD2020,India_0006
RDD2020_India_India_000699.jpg,train,negative_background,RDD2020,India_0006
RDD2020_Japan_Japan_002301.jpg,train,both,RDD2020,Japan_0023
RDD2020_Japan_Japan_002302.jpg,train,alligator_crack,RDD2020,Japan_0023
RDD2020_Japan_Japan_002303.jpg,train,alligator_crack,RDD2020,Japan_0023
RDD2020_Japan_Japan_002306.jpg,train,alligator_crack,RDD2020,Japan_0023
RDD2020_Japan_Japan_002307.jpg,train,alligator_crack,RDD2020,Japan_0023
RDD2020_Japan_Japan_002308.jpg,train,alligator_crack,RDD2020,Japan_0023
RDD2020_Japan_Japan_002309.jpg,train,alligator_crack,RDD2020,Japan_0023
RDD2020_Japan_Japan_002311.jpg,train,both,RDD2020,Japan_0023
RDD2020_Japan_Japan_002314.jpg,train,alligator_crack,RDD2020,Japan_0023
RDD2020_Japan_Japan_002317.jpg,train,pothole,RDD2020,Japan_0023
RDD2020_Japan_Japan_002319.jpg,train,both,RDD2020,Japan_0023
RDD2020_Japan_Japan_002323.jpg,train,alligator_crack,RDD2020,Japan_0023
RDD2020_Japan_Japan_002329.jpg,train,alligator_crack,RDD2020,Japan_0023
RDD2020_Japan_Japan_002330.jpg,train,alligator_crack,RDD2020,Japan_0023
RDD2020_Japan_Japan_002331.jpg,train,alligator_crack,RDD2020,Japan_0023
RDD2020_Japan_Japan_002332.jpg,train,alligator_crack,RDD2020,Japan_0023
RDD2020_Japan_Japan_002333.jpg,train,alligator_crack,RDD2020,Japan_0023
RDD2020_Japan_Japan_002338.jpg,train,alligator_crack,RDD2020,Japan_0023
RDD2020_Japan_Japan_002339.jpg,train,pothole,RDD2020,Japan_0023
RDD2020_Japan_Japan_002342.jpg,train,alligator_crack,RDD2020,Japan_0023
RDD2020_Japan_Japan_002349.jpg,train,alligator_crack,RDD2020,Japan_0023
RDD2020_Japan_Japan_002354.jpg,train,alligator_crack,RDD2020,Japan_0023
RDD2020_Japan_Japan_002357.jpg,train,both,RDD2020,Japan_0023
RDD2020_Japan_Japan_002358.jpg,train,both,RDD2020,Japan_0023
RDD2020_Japan_Japan_002362.jpg,train,both,RDD2020,Japan_0023
RDD2020_Japan_Japan_002363.jpg,train,alligator_crack,RDD2020,Japan_0023
RDD2020_Japan_Japan_002365.jpg,train,both,RDD2020,Japan_0023
RDD2020_Japan_Japan_002368.jpg,train,alligator_crack,RDD2020,Japan_0023
RDD2020_Japan_Japan_002372.jpg,train,both,RDD2020,Japan_0023
RDD2020_Japan_Japan_002373.jpg,train,both,RDD2020,Japan_0023
RDD2020_Japan_Japan_002377.jpg,train,both,RDD2020,Japan_0023
RDD2020_Japan_Japan_002379.jpg,train,pothole,RDD2020,Japan_0023
RDD2020_Japan_Japan_002380.jpg,train,alligator_crack,RDD2020,Japan_0023
RDD2020_Japan_Japan_002382.jpg,train,alligator_crack,RDD2020,Japan_0023
RDD2020_Japan_Japan_002384.jpg,train,alligator_crack,RDD2020,Japan_0023
RDD2020_Japan_Japan_002389.jpg,train,alligator_crack,RDD2020,Japan_0023
RDD2020_Japan_Japan_002390.jpg,train,alligator_crack,RDD2020,Japan_0023
RDD2020_Japan_Japan_002392.jpg,train,alligator_crack,RDD2020,Japan_0023
RDD2020_Japan_Japan_002393.jpg,train,both,RDD2020,Japan_0023
RDD2020_Japan_Japan_002394.jpg,train,alligator_crack,RDD2020,Japan_0023
RDD2020_Japan_Japan_002396.jpg,train,both,RDD2020,Japan_0023
RDD2020_Japan_Japan_002398.jpg,train,alligator_crack,RDD2020,Japan_0023
RDD2020_Japan_Japan_002399.jpg,train,alligator_crack,RDD2020,Japan_0023
RDD2020_Japan_Japan_000400.jpg,train,negative_background,RDD2020,Japan_0004
RDD2020_Japan_Japan_000401.jpg,train,alligator_crack,RDD2020,Japan_0004
RDD2020_Japan_Japan_000402.jpg,train,alligator_crack,RDD2020,Japan_0004
RDD2020_Japan_Japan_000403.jpg,train,negative_background,RDD2020,Japan_0004
RDD2020_Japan_Japan_000404.jpg,train,alligator_crack,RDD2020,Japan_0004
RDD2020_Japan_Japan_000405.jpg,train,negative_background,RDD2020,Japan_0004
RDD2020_Japan_Japan_000406.jpg,train,negative_background,RDD2020,Japan_0004
RDD2020_Japan_Japan_000407.jpg,train,alligator_crack,RDD2020,Japan_0004
RDD2020_Japan_Japan_000409.jpg,train,alligator_crack,RDD2020,Japan_0004
RDD2020_Japan_Japan_000410.jpg,train,alligator_crack,RDD2020,Japan_0004
RDD2020_Japan_Japan_000412.jpg,train,negative_background,RDD2020,Japan_0004
RDD2020_Japan_Japan_000413.jpg,train,both,RDD2020,Japan_0004
RDD2020_Japan_Japan_000414.jpg,train,alligator_crack,RDD2020,Japan_0004
RDD2020_Japan_Japan_000415.jpg,train,alligator_crack,RDD2020,Japan_0004
RDD2020_Japan_Japan_000416.jpg,train,negative_background,RDD2020,Japan_0004
RDD2020_Japan_Japan_000418.jpg,train,alligator_crack,RDD2020,Japan_0004
RDD2020_Japan_Japan_000419.jpg,train,alligator_crack,RDD2020,Japan_0004
RDD2020_Japan_Japan_000420.jpg,train,negative_background,RDD2020,Japan_0004
RDD2020_Japan_Japan_000421.jpg,train,negative_background,RDD2020,Japan_0004
RDD2020_Japan_Japan_000422.jpg,train,negative_background,RDD2020,Japan_0004
RDD2020_Japan_Japan_000423.jpg,train,pothole,RDD2020,Japan_0004
RDD2020_Japan_Japan_000424.jpg,train,negative_background,RDD2020,Japan_0004
RDD2020_Japan_Japan_000425.jpg,train,pothole,RDD2020,Japan_0004
RDD2020_Japan_Japan_000426.jpg,train,alligator_crack,RDD2020,Japan_0004
RDD2020_Japan_Japan_000427.jpg,train,negative_background,RDD2020,Japan_0004
RDD2020_Japan_Japan_000428.jpg,train,alligator_crack,RDD2020,Japan_0004
RDD2020_Japan_Japan_000429.jpg,train,negative_background,RDD2020,Japan_0004
RDD2020_Japan_Japan_000430.jpg,train,alligator_crack,RDD2020,Japan_0004
RDD2020_Japan_Japan_000431.jpg,train,negative_background,RDD2020,Japan_0004
RDD2020_Japan_Japan_000432.jpg,train,negative_background,RDD2020,Japan_0004
RDD2020_Japan_Japan_000433.jpg,train,alligator_crack,RDD2020,Japan_0004
RDD2020_Japan_Japan_000434.jpg,train,negative_background,RDD2020,Japan_0004
RDD2020_Japan_Japan_000435.jpg,train,alligator_crack,RDD2020,Japan_0004
RDD2020_Japan_Japan_000436.jpg,train,negative_background,RDD2020,Japan_0004
RDD2020_Japan_Japan_000437.jpg,train,negative_background,RDD2020,Japan_0004
RDD2020_Japan_Japan_000438.jpg,train,alligator_crack,RDD2020,Japan_0004
RDD2020_Japan_Japan_000439.jpg,train,negative_background,RDD2020,Japan_0004
RDD2020_Japan_Japan_000440.jpg,train,alligator_crack,RDD2020,Japan_0004
RDD2020_Japan_Japan_000441.jpg,train,negative_background,RDD2020,Japan_0004
RDD2020_Japan_Japan_000442.jpg,train,alligator_crack,RDD2020,Japan_0004
RDD2020_Japan_Japan_000444.jpg,train,negative_background,RDD2020,Japan_0004
RDD2020_Japan_Japan_000445.jpg,train,alligator_crack,RDD2020,Japan_0004
RDD2020_Japan_Japan_000446.jpg,train,both,RDD2020,Japan_0004
RDD2020_Japan_Japan_000447.jpg,train,negative_background,RDD2020,Japan_0004
RDD2020_Japan_Japan_000448.jpg,train,alligator_crack,RDD2020,Japan_0004
RDD2020_Japan_Japan_000449.jpg,train,both,RDD2020,Japan_0004
RDD2020_Japan_Japan_000450.jpg,train,negative_background,RDD2020,Japan_0004
RDD2020_Japan_Japan_000452.jpg,train,alligator_crack,RDD2020,Japan_0004
RDD2020_Japan_Japan_000453.jpg,train,both,RDD2020,Japan_0004
RDD2020_Japan_Japan_000454.jpg,train,negative_background,RDD2020,Japan_0004
RDD2020_Japan_Japan_000455.jpg,train,alligator_crack,RDD2020,Japan_0004
RDD2020_Japan_Japan_000456.jpg,train,negative_background,RDD2020,Japan_0004
RDD2020_Japan_Japan_000457.jpg,train,negative_background,RDD2020,Japan_0004
RDD2020_Japan_Japan_000458.jpg,train,negative_background,RDD2020,Japan_0004
RDD2020_Japan_Japan_000460.jpg,train,pothole,RDD2020,Japan_0004
RDD2020_Japan_Japan_000461.jpg,train,negative_background,RDD2020,Japan_0004
RDD2020_Japan_Japan_000463.jpg,train,alligator_crack,RDD2020,Japan_0004
RDD2020_Japan_Japan_000464.jpg,train,alligator_crack,RDD2020,Japan_0004
RDD2020_Japan_Japan_000465.jpg,train,alligator_crack,RDD2020,Japan_0004
RDD2020_Japan_Japan_000466.jpg,train,negative_background,RDD2020,Japan_0004
RDD2020_Japan_Japan_000467.jpg,train,alligator_crack,RDD2020,Japan_0004
RDD2020_Japan_Japan_000468.jpg,train,negative_background,RDD2020,Japan_0004
RDD2020_Japan_Japan_000469.jpg,train,alligator_crack,RDD2020,Japan_0004
RDD2020_Japan_Japan_000471.jpg,train,alligator_crack,RDD2020,Japan_0004
RDD2020_Japan_Japan_000473.jpg,train,alligator_crack,RDD2020,Japan_0004
RDD2020_Japan_Japan_000474.jpg,train,negative_background,RDD2020,Japan_0004
RDD2020_Japan_Japan_000476.jpg,train,negative_background,RDD2020,Japan_0004
RDD2020_Japan_Japan_000477.jpg,train,negative_background,RDD2020,Japan_0004
RDD2020_Japan_Japan_000478.jpg,train,negative_background,RDD2020,Japan_0004
RDD2020_Japan_Japan_000480.jpg,train,alligator_crack,RDD2020,Japan_0004
RDD2020_Japan_Japan_000481.jpg,train,negative_background,RDD2020,Japan_0004
RDD2020_Japan_Japan_000483.jpg,train,negative_background,RDD2020,Japan_0004
RDD2020_Japan_Japan_000484.jpg,train,alligator_crack,RDD2020,Japan_0004
RDD2020_Japan_Japan_000485.jpg,train,negative_background,RDD2020,Japan_0004
RDD2020_Japan_Japan_000486.jpg,train,alligator_crack,RDD2020,Japan_0004
RDD2020_Japan_Japan_000487.jpg,train,negative_background,RDD2020,Japan_0004
RDD2020_Japan_Japan_000488.jpg,train,alligator_crack,RDD2020,Japan_0004
RDD2020_Japan_Japan_000489.jpg,train,negative_background,RDD2020,Japan_0004
RDD2020_Japan_Japan_000490.jpg,train,negative_background,RDD2020,Japan_0004
RDD2020_Japan_Japan_000492.jpg,train,negative_background,RDD2020,Japan_0004
RDD2020_Japan_Japan_000493.jpg,train,negative_background,RDD2020,Japan_0004
RDD2020_Japan_Japan_000494.jpg,train,alligator_crack,RDD2020,Japan_0004
RDD2020_Japan_Japan_000495.jpg,train,negative_background,RDD2020,Japan_0004
RDD2020_Japan_Japan_000496.jpg,train,negative_background,RDD2020,Japan_0004
RDD2020_Japan_Japan_000498.jpg,train,alligator_crack,RDD2020,Japan_0004
RDD2020_Czech_Czech_003241.jpg,train,pothole,RDD2020,Czech_0032
RDD2020_Czech_Czech_003285.jpg,train,pothole,RDD2020,Czech_0032
RDD2020_Czech_Czech_003287.jpg,train,alligator_crack,RDD2020,Czech_0032
RDD2020_India_India_007308.jpg,train,both,RDD2020,India_0073
RDD2020_India_India_007309.jpg,train,pothole,RDD2020,India_0073
RDD2020_India_India_007310.jpg,train,pothole,RDD2020,India_0073
RDD2020_India_India_007318.jpg,train,alligator_crack,RDD2020,India_0073
RDD2020_India_India_007319.jpg,train,alligator_crack,RDD2020,India_0073
RDD2020_India_India_007321.jpg,train,pothole,RDD2020,India_0073
RDD2020_India_India_007322.jpg,train,pothole,RDD2020,India_0073
RDD2020_India_India_007323.jpg,train,alligator_crack,RDD2020,India_0073
RDD2020_India_India_007327.jpg,train,pothole,RDD2020,India_0073
RDD2020_India_India_007328.jpg,train,alligator_crack,RDD2020,India_0073
RDD2020_India_India_007329.jpg,train,pothole,RDD2020,India_0073
RDD2020_India_India_007333.jpg,train,alligator_crack,RDD2020,India_0073
RDD2020_India_India_007342.jpg,train,both,RDD2020,India_0073
RDD2020_India_India_007343.jpg,train,both,RDD2020,India_0073
RDD2020_India_India_007345.jpg,train,alligator_crack,RDD2020,India_0073
RDD2020_India_India_007354.jpg,train,alligator_crack,RDD2020,India_0073
RDD2020_India_India_007357.jpg,train,pothole,RDD2020,India_0073
RDD2020_India_India_007359.jpg,train,alligator_crack,RDD2020,India_0073
RDD2020_India_India_007362.jpg,train,both,RDD2020,India_0073
RDD2020_India_India_007363.jpg,train,pothole,RDD2020,India_0073
RDD2020_India_India_007368.jpg,train,both,RDD2020,India_0073
RDD2020_India_India_007371.jpg,train,pothole,RDD2020,India_0073
RDD2020_India_India_007372.jpg,train,alligator_crack,RDD2020,India_0073
RDD2020_India_India_007376.jpg,train,alligator_crack,RDD2020,India_0073
RDD2020_India_India_007377.jpg,train,alligator_crack,RDD2020,India_0073
RDD2020_India_India_007383.jpg,train,pothole,RDD2020,India_0073
RDD2020_India_India_007385.jpg,train,alligator_crack,RDD2020,India_0073
RDD2020_India_India_007387.jpg,train,alligator_crack,RDD2020,India_0073
RDD2020_India_India_007390.jpg,train,both,RDD2020,India_0073
RDD2020_India_India_007398.jpg,train,alligator_crack,RDD2020,India_0073
RDD2020_India_India_007399.jpg,train,pothole,RDD2020,India_0073
RDD2020_Czech_Czech_002215.jpg,train,alligator_crack,RDD2020,Czech_0022
RDD2020_Czech_Czech_002222.jpg,train,alligator_crack,RDD2020,Czech_0022
RDD2020_Czech_Czech_002231.jpg,train,alligator_crack,RDD2020,Czech_0022
RDD2020_Czech_Czech_002244.jpg,train,pothole,RDD2020,Czech_0022
RDD2020_Czech_Czech_002248.jpg,train,pothole,RDD2020,Czech_0022
RDD2020_Czech_Czech_002264.jpg,train,pothole,RDD2020,Czech_0022
RDD2020_Czech_Czech_002297.jpg,train,alligator_crack,RDD2020,Czech_0022
RDD2020_Japan_Japan_006900.jpg,train,alligator_crack,RDD2020,Japan_0069
RDD2020_Japan_Japan_006901.jpg,train,alligator_crack,RDD2020,Japan_0069
RDD2020_Japan_Japan_006903.jpg,train,alligator_crack,RDD2020,Japan_0069
RDD2020_Japan_Japan_006904.jpg,train,pothole,RDD2020,Japan_0069
RDD2020_Japan_Japan_006911.jpg,train,alligator_crack,RDD2020,Japan_0069
RDD2020_Japan_Japan_006915.jpg,train,alligator_crack,RDD2020,Japan_0069
RDD2020_Japan_Japan_006916.jpg,train,alligator_crack,RDD2020,Japan_0069
RDD2020_Japan_Japan_006919.jpg,train,alligator_crack,RDD2020,Japan_0069
RDD2020_Japan_Japan_006921.jpg,train,alligator_crack,RDD2020,Japan_0069
RDD2020_Japan_Japan_006923.jpg,train,alligator_crack,RDD2020,Japan_0069
RDD2020_Japan_Japan_006928.jpg,train,alligator_crack,RDD2020,Japan_0069
RDD2020_Japan_Japan_006931.jpg,train,alligator_crack,RDD2020,Japan_0069
RDD2020_Japan_Japan_006932.jpg,train,alligator_crack,RDD2020,Japan_0069
RDD2020_Japan_Japan_006935.jpg,train,alligator_crack,RDD2020,Japan_0069
RDD2020_Japan_Japan_006936.jpg,train,alligator_crack,RDD2020,Japan_0069
RDD2020_Japan_Japan_006938.jpg,train,alligator_crack,RDD2020,Japan_0069
RDD2020_Japan_Japan_006946.jpg,train,both,RDD2020,Japan_0069
RDD2020_Japan_Japan_006951.jpg,train,alligator_crack,RDD2020,Japan_0069
RDD2020_Japan_Japan_006953.jpg,train,alligator_crack,RDD2020,Japan_0069
RDD2020_Japan_Japan_006954.jpg,train,pothole,RDD2020,Japan_0069
RDD2020_Japan_Japan_006958.jpg,train,alligator_crack,RDD2020,Japan_0069
RDD2020_Japan_Japan_006959.jpg,train,both,RDD2020,Japan_0069
RDD2020_Japan_Japan_006961.jpg,train,alligator_crack,RDD2020,Japan_0069
RDD2020_Japan_Japan_006967.jpg,train,both,RDD2020,Japan_0069
RDD2020_Japan_Japan_006968.jpg,train,both,RDD2020,Japan_0069
RDD2020_Japan_Japan_006971.jpg,train,alligator_crack,RDD2020,Japan_0069
RDD2020_Japan_Japan_006972.jpg,train,alligator_crack,RDD2020,Japan_0069
RDD2020_Japan_Japan_006976.jpg,train,both,RDD2020,Japan_0069
RDD2020_Japan_Japan_006980.jpg,train,alligator_crack,RDD2020,Japan_0069
RDD2020_Japan_Japan_006981.jpg,train,alligator_crack,RDD2020,Japan_0069
RDD2020_Japan_Japan_006983.jpg,train,alligator_crack,RDD2020,Japan_0069
RDD2020_Japan_Japan_006984.jpg,train,alligator_crack,RDD2020,Japan_0069
RDD2020_Japan_Japan_006985.jpg,train,alligator_crack,RDD2020,Japan_0069
RDD2020_Japan_Japan_006988.jpg,train,alligator_crack,RDD2020,Japan_0069
RDD2020_Japan_Japan_006990.jpg,train,alligator_crack,RDD2020,Japan_0069
RDD2020_Japan_Japan_006991.jpg,train,alligator_crack,RDD2020,Japan_0069
RDD2020_Japan_Japan_006994.jpg,train,alligator_crack,RDD2020,Japan_0069
RDD2020_Japan_Japan_006995.jpg,train,alligator_crack,RDD2020,Japan_0069
RDD2020_Japan_Japan_006996.jpg,train,both,RDD2020,Japan_0069
RDD2020_Japan_Japan_006997.jpg,train,alligator_crack,RDD2020,Japan_0069
RDD2020_Japan_Japan_006999.jpg,train,alligator_crack,RDD2020,Japan_0069
RDD2020_India_India_007801.jpg,train,both,RDD2020,India_0078
RDD2020_India_India_007806.jpg,train,both,RDD2020,India_0078
RDD2020_India_India_007807.jpg,train,alligator_crack,RDD2020,India_0078
RDD2020_India_India_007809.jpg,train,alligator_crack,RDD2020,India_0078
RDD2020_India_India_007810.jpg,train,pothole,RDD2020,India_0078
RDD2020_India_India_007811.jpg,train,alligator_crack,RDD2020,India_0078
RDD2020_India_India_007816.jpg,train,alligator_crack,RDD2020,India_0078
RDD2020_India_India_007817.jpg,train,alligator_crack,RDD2020,India_0078
RDD2020_India_India_007824.jpg,train,alligator_crack,RDD2020,India_0078
RDD2020_India_India_007834.jpg,train,alligator_crack,RDD2020,India_0078
RDD2020_India_India_007844.jpg,train,alligator_crack,RDD2020,India_0078
RDD2020_India_India_007849.jpg,train,alligator_crack,RDD2020,India_0078
RDD2020_India_India_007852.jpg,train,pothole,RDD2020,India_0078
RDD2020_India_India_007859.jpg,train,alligator_crack,RDD2020,India_0078
RDD2020_India_India_007861.jpg,train,pothole,RDD2020,India_0078
RDD2020_India_India_007863.jpg,train,both,RDD2020,India_0078
RDD2020_India_India_007880.jpg,train,pothole,RDD2020,India_0078
RDD2020_India_India_007883.jpg,train,pothole,RDD2020,India_0078
RDD2020_India_India_007884.jpg,train,alligator_crack,RDD2020,India_0078
RDD2020_India_India_007886.jpg,train,alligator_crack,RDD2020,India_0078
RDD2020_India_India_007888.jpg,train,alligator_crack,RDD2020,India_0078
RDD2020_India_India_007890.jpg,train,pothole,RDD2020,India_0078
RDD2020_India_India_007893.jpg,train,pothole,RDD2020,India_0078
RDD2020_Japan_Japan_000600.jpg,train,negative_background,RDD2020,Japan_0006
RDD2020_Japan_Japan_000601.jpg,train,negative_background,RDD2020,Japan_0006
RDD2020_Japan_Japan_000602.jpg,train,alligator_crack,RDD2020,Japan_0006
RDD2020_Japan_Japan_000603.jpg,train,both,RDD2020,Japan_0006
RDD2020_Japan_Japan_000604.jpg,train,alligator_crack,RDD2020,Japan_0006
RDD2020_Japan_Japan_000605.jpg,train,pothole,RDD2020,Japan_0006
RDD2020_Japan_Japan_000608.jpg,train,alligator_crack,RDD2020,Japan_0006
RDD2020_Japan_Japan_000609.jpg,train,negative_background,RDD2020,Japan_0006
RDD2020_Japan_Japan_000610.jpg,train,alligator_crack,RDD2020,Japan_0006
RDD2020_Japan_Japan_000611.jpg,train,alligator_crack,RDD2020,Japan_0006
RDD2020_Japan_Japan_000612.jpg,train,negative_background,RDD2020,Japan_0006
RDD2020_Japan_Japan_000613.jpg,train,negative_background,RDD2020,Japan_0006
RDD2020_Japan_Japan_000615.jpg,train,negative_background,RDD2020,Japan_0006
RDD2020_Japan_Japan_000616.jpg,train,pothole,RDD2020,Japan_0006
RDD2020_Japan_Japan_000617.jpg,train,alligator_crack,RDD2020,Japan_0006
RDD2020_Japan_Japan_000619.jpg,train,alligator_crack,RDD2020,Japan_0006
RDD2020_Japan_Japan_000620.jpg,train,alligator_crack,RDD2020,Japan_0006
RDD2020_Japan_Japan_000623.jpg,train,pothole,RDD2020,Japan_0006
RDD2020_Japan_Japan_000625.jpg,train,alligator_crack,RDD2020,Japan_0006
RDD2020_Japan_Japan_000626.jpg,train,negative_background,RDD2020,Japan_0006
RDD2020_Japan_Japan_000627.jpg,train,alligator_crack,RDD2020,Japan_0006
RDD2020_Japan_Japan_000628.jpg,train,negative_background,RDD2020,Japan_0006
RDD2020_Japan_Japan_000630.jpg,train,alligator_crack,RDD2020,Japan_0006
RDD2020_Japan_Japan_000631.jpg,train,negative_background,RDD2020,Japan_0006
RDD2020_Japan_Japan_000632.jpg,train,alligator_crack,RDD2020,Japan_0006
RDD2020_Japan_Japan_000633.jpg,train,alligator_crack,RDD2020,Japan_0006
RDD2020_Japan_Japan_000634.jpg,train,negative_background,RDD2020,Japan_0006
RDD2020_Japan_Japan_000635.jpg,train,negative_background,RDD2020,Japan_0006
RDD2020_Japan_Japan_000636.jpg,train,alligator_crack,RDD2020,Japan_0006
RDD2020_Japan_Japan_000637.jpg,train,negative_background,RDD2020,Japan_0006
RDD2020_Japan_Japan_000638.jpg,train,negative_background,RDD2020,Japan_0006
RDD2020_Japan_Japan_000639.jpg,train,both,RDD2020,Japan_0006
RDD2020_Japan_Japan_000641.jpg,train,alligator_crack,RDD2020,Japan_0006
RDD2020_Japan_Japan_000642.jpg,train,negative_background,RDD2020,Japan_0006
RDD2020_Japan_Japan_000643.jpg,train,negative_background,RDD2020,Japan_0006
RDD2020_Japan_Japan_000644.jpg,train,both,RDD2020,Japan_0006
RDD2020_Japan_Japan_000645.jpg,train,alligator_crack,RDD2020,Japan_0006
RDD2020_Japan_Japan_000646.jpg,train,alligator_crack,RDD2020,Japan_0006
RDD2020_Japan_Japan_000648.jpg,train,alligator_crack,RDD2020,Japan_0006
RDD2020_Japan_Japan_000649.jpg,train,negative_background,RDD2020,Japan_0006
RDD2020_Japan_Japan_000650.jpg,train,pothole,RDD2020,Japan_0006
RDD2020_Japan_Japan_000651.jpg,train,negative_background,RDD2020,Japan_0006
RDD2020_Japan_Japan_000652.jpg,train,negative_background,RDD2020,Japan_0006
RDD2020_Japan_Japan_000653.jpg,train,alligator_crack,RDD2020,Japan_0006
RDD2020_Japan_Japan_000654.jpg,train,negative_background,RDD2020,Japan_0006
RDD2020_Japan_Japan_000655.jpg,train,pothole,RDD2020,Japan_0006
RDD2020_Japan_Japan_000656.jpg,train,alligator_crack,RDD2020,Japan_0006
RDD2020_Japan_Japan_000657.jpg,train,negative_background,RDD2020,Japan_0006
RDD2020_Japan_Japan_000658.jpg,train,negative_background,RDD2020,Japan_0006
RDD2020_Japan_Japan_000659.jpg,train,negative_background,RDD2020,Japan_0006
RDD2020_Japan_Japan_000662.jpg,train,both,RDD2020,Japan_0006
RDD2020_Japan_Japan_000663.jpg,train,negative_background,RDD2020,Japan_0006
RDD2020_Japan_Japan_000664.jpg,train,alligator_crack,RDD2020,Japan_0006
RDD2020_Japan_Japan_000665.jpg,train,negative_background,RDD2020,Japan_0006
RDD2020_Japan_Japan_000666.jpg,train,pothole,RDD2020,Japan_0006
RDD2020_Japan_Japan_000667.jpg,train,both,RDD2020,Japan_0006
RDD2020_Japan_Japan_000668.jpg,train,negative_background,RDD2020,Japan_0006
RDD2020_Japan_Japan_000669.jpg,train,negative_background,RDD2020,Japan_0006
RDD2020_Japan_Japan_000670.jpg,train,negative_background,RDD2020,Japan_0006
RDD2020_Japan_Japan_000671.jpg,train,negative_background,RDD2020,Japan_0006
RDD2020_Japan_Japan_000672.jpg,train,alligator_crack,RDD2020,Japan_0006
RDD2020_Japan_Japan_000673.jpg,train,alligator_crack,RDD2020,Japan_0006
RDD2020_Japan_Japan_000675.jpg,train,negative_background,RDD2020,Japan_0006
RDD2020_Japan_Japan_000676.jpg,train,negative_background,RDD2020,Japan_0006
RDD2020_Japan_Japan_000677.jpg,train,negative_background,RDD2020,Japan_0006
RDD2020_Japan_Japan_000679.jpg,train,negative_background,RDD2020,Japan_0006
RDD2020_Japan_Japan_000680.jpg,train,alligator_crack,RDD2020,Japan_0006
RDD2020_Japan_Japan_000681.jpg,train,negative_background,RDD2020,Japan_0006
RDD2020_Japan_Japan_000683.jpg,train,both,RDD2020,Japan_0006
RDD2020_Japan_Japan_000684.jpg,train,negative_background,RDD2020,Japan_0006
RDD2020_Japan_Japan_000685.jpg,train,negative_background,RDD2020,Japan_0006
RDD2020_Japan_Japan_000687.jpg,train,negative_background,RDD2020,Japan_0006
RDD2020_Japan_Japan_000688.jpg,train,negative_background,RDD2020,Japan_0006
RDD2020_Japan_Japan_000690.jpg,train,negative_background,RDD2020,Japan_0006
RDD2020_Japan_Japan_000691.jpg,train,negative_background,RDD2020,Japan_0006
RDD2020_Japan_Japan_000693.jpg,train,alligator_crack,RDD2020,Japan_0006
RDD2020_Japan_Japan_000694.jpg,train,alligator_crack,RDD2020,Japan_0006
RDD2020_Japan_Japan_000695.jpg,train,alligator_crack,RDD2020,Japan_0006
RDD2020_Japan_Japan_000696.jpg,train,negative_background,RDD2020,Japan_0006
RDD2020_Japan_Japan_000697.jpg,train,alligator_crack,RDD2020,Japan_0006
RDD2020_Japan_Japan_000698.jpg,train,alligator_crack,RDD2020,Japan_0006
RDD2020_Japan_Japan_011600.jpg,train,alligator_crack,RDD2020,Japan_0116
RDD2020_Japan_Japan_011602.jpg,train,alligator_crack,RDD2020,Japan_0116
RDD2020_Japan_Japan_011606.jpg,train,alligator_crack,RDD2020,Japan_0116
RDD2020_Japan_Japan_011609.jpg,train,alligator_crack,RDD2020,Japan_0116
RDD2020_Japan_Japan_011610.jpg,train,both,RDD2020,Japan_0116
RDD2020_Japan_Japan_011612.jpg,train,both,RDD2020,Japan_0116
RDD2020_Japan_Japan_011619.jpg,train,alligator_crack,RDD2020,Japan_0116
RDD2020_Japan_Japan_011620.jpg,train,alligator_crack,RDD2020,Japan_0116
RDD2020_Japan_Japan_011623.jpg,train,pothole,RDD2020,Japan_0116
RDD2020_Japan_Japan_011626.jpg,train,alligator_crack,RDD2020,Japan_0116
RDD2020_Japan_Japan_011627.jpg,train,pothole,RDD2020,Japan_0116
RDD2020_Japan_Japan_011628.jpg,train,pothole,RDD2020,Japan_0116
RDD2020_Japan_Japan_011631.jpg,train,both,RDD2020,Japan_0116
RDD2020_Japan_Japan_011638.jpg,train,alligator_crack,RDD2020,Japan_0116
RDD2020_Japan_Japan_011640.jpg,train,alligator_crack,RDD2020,Japan_0116
RDD2020_Japan_Japan_011642.jpg,train,alligator_crack,RDD2020,Japan_0116
RDD2020_Japan_Japan_011643.jpg,train,alligator_crack,RDD2020,Japan_0116
RDD2020_Japan_Japan_011644.jpg,train,alligator_crack,RDD2020,Japan_0116
RDD2020_Japan_Japan_011645.jpg,train,alligator_crack,RDD2020,Japan_0116
RDD2020_Japan_Japan_011647.jpg,train,alligator_crack,RDD2020,Japan_0116
RDD2020_Japan_Japan_011648.jpg,train,alligator_crack,RDD2020,Japan_0116
RDD2020_Japan_Japan_011650.jpg,train,both,RDD2020,Japan_0116
RDD2020_Japan_Japan_011653.jpg,train,both,RDD2020,Japan_0116
RDD2020_Japan_Japan_011654.jpg,train,alligator_crack,RDD2020,Japan_0116
RDD2020_Japan_Japan_011655.jpg,train,alligator_crack,RDD2020,Japan_0116
RDD2020_Japan_Japan_011658.jpg,train,both,RDD2020,Japan_0116
RDD2020_Japan_Japan_011660.jpg,train,alligator_crack,RDD2020,Japan_0116
RDD2020_Japan_Japan_011661.jpg,train,both,RDD2020,Japan_0116
RDD2020_Japan_Japan_011664.jpg,train,alligator_crack,RDD2020,Japan_0116
RDD2020_Japan_Japan_011671.jpg,train,alligator_crack,RDD2020,Japan_0116
RDD2020_Japan_Japan_011677.jpg,train,alligator_crack,RDD2020,Japan_0116
RDD2020_Japan_Japan_011679.jpg,train,alligator_crack,RDD2020,Japan_0116
RDD2020_Japan_Japan_011681.jpg,train,alligator_crack,RDD2020,Japan_0116
RDD2020_Japan_Japan_011685.jpg,train,alligator_crack,RDD2020,Japan_0116
RDD2020_Japan_Japan_011692.jpg,train,alligator_crack,RDD2020,Japan_0116
RDD2020_Japan_Japan_011694.jpg,train,alligator_crack,RDD2020,Japan_0116
RDD2020_Japan_Japan_011697.jpg,train,alligator_crack,RDD2020,Japan_0116
RDD2020_Japan_Japan_011698.jpg,train,alligator_crack,RDD2020,Japan_0116
RDD2020_Japan_Japan_011699.jpg,train,alligator_crack,RDD2020,Japan_0116
RDD2020_Japan_Japan_010501.jpg,train,alligator_crack,RDD2020,Japan_0105
RDD2020_Japan_Japan_010503.jpg,train,alligator_crack,RDD2020,Japan_0105
RDD2020_Japan_Japan_010504.jpg,train,alligator_crack,RDD2020,Japan_0105
RDD2020_Japan_Japan_010505.jpg,train,both,RDD2020,Japan_0105
RDD2020_Japan_Japan_010507.jpg,train,both,RDD2020,Japan_0105
RDD2020_Japan_Japan_010508.jpg,train,alligator_crack,RDD2020,Japan_0105
RDD2020_Japan_Japan_010509.jpg,train,alligator_crack,RDD2020,Japan_0105
RDD2020_Japan_Japan_010510.jpg,train,pothole,RDD2020,Japan_0105
RDD2020_Japan_Japan_010511.jpg,train,alligator_crack,RDD2020,Japan_0105
RDD2020_Japan_Japan_010514.jpg,train,alligator_crack,RDD2020,Japan_0105
RDD2020_Japan_Japan_010515.jpg,train,alligator_crack,RDD2020,Japan_0105
RDD2020_Japan_Japan_010516.jpg,train,alligator_crack,RDD2020,Japan_0105
RDD2020_Japan_Japan_010517.jpg,train,alligator_crack,RDD2020,Japan_0105
RDD2020_Japan_Japan_010519.jpg,train,alligator_crack,RDD2020,Japan_0105
RDD2020_Japan_Japan_010520.jpg,train,alligator_crack,RDD2020,Japan_0105
RDD2020_Japan_Japan_010526.jpg,train,alligator_crack,RDD2020,Japan_0105
RDD2020_Japan_Japan_010528.jpg,train,both,RDD2020,Japan_0105
RDD2020_Japan_Japan_010530.jpg,train,alligator_crack,RDD2020,Japan_0105
RDD2020_Japan_Japan_010532.jpg,train,pothole,RDD2020,Japan_0105
RDD2020_Japan_Japan_010533.jpg,train,pothole,RDD2020,Japan_0105
RDD2020_Japan_Japan_010534.jpg,train,alligator_crack,RDD2020,Japan_0105
RDD2020_Japan_Japan_010538.jpg,train,alligator_crack,RDD2020,Japan_0105
RDD2020_Japan_Japan_010541.jpg,train,alligator_crack,RDD2020,Japan_0105
RDD2020_Japan_Japan_010545.jpg,train,alligator_crack,RDD2020,Japan_0105
RDD2020_Japan_Japan_010546.jpg,train,both,RDD2020,Japan_0105
RDD2020_Japan_Japan_010547.jpg,train,alligator_crack,RDD2020,Japan_0105
RDD2020_Japan_Japan_010548.jpg,train,both,RDD2020,Japan_0105
RDD2020_Japan_Japan_010550.jpg,train,alligator_crack,RDD2020,Japan_0105
RDD2020_Japan_Japan_010552.jpg,train,both,RDD2020,Japan_0105
RDD2020_Japan_Japan_010553.jpg,train,both,RDD2020,Japan_0105
RDD2020_Japan_Japan_010555.jpg,train,alligator_crack,RDD2020,Japan_0105
RDD2020_Japan_Japan_010556.jpg,train,alligator_crack,RDD2020,Japan_0105
RDD2020_Japan_Japan_010558.jpg,train,alligator_crack,RDD2020,Japan_0105
RDD2020_Japan_Japan_010561.jpg,train,pothole,RDD2020,Japan_0105
RDD2020_Japan_Japan_010562.jpg,train,both,RDD2020,Japan_0105
RDD2020_Japan_Japan_010566.jpg,train,alligator_crack,RDD2020,Japan_0105
RDD2020_Japan_Japan_010569.jpg,train,pothole,RDD2020,Japan_0105
RDD2020_Japan_Japan_010570.jpg,train,both,RDD2020,Japan_0105
RDD2020_Japan_Japan_010571.jpg,train,both,RDD2020,Japan_0105
RDD2020_Japan_Japan_010573.jpg,train,alligator_crack,RDD2020,Japan_0105
RDD2020_Japan_Japan_010577.jpg,train,alligator_crack,RDD2020,Japan_0105
RDD2020_Japan_Japan_010578.jpg,train,both,RDD2020,Japan_0105
RDD2020_Japan_Japan_010585.jpg,train,alligator_crack,RDD2020,Japan_0105
RDD2020_Japan_Japan_010586.jpg,train,alligator_crack,RDD2020,Japan_0105
RDD2020_Japan_Japan_010587.jpg,train,alligator_crack,RDD2020,Japan_0105
RDD2020_Japan_Japan_010589.jpg,train,alligator_crack,RDD2020,Japan_0105
RDD2020_Japan_Japan_010591.jpg,train,alligator_crack,RDD2020,Japan_0105
RDD2020_Japan_Japan_010592.jpg,train,alligator_crack,RDD2020,Japan_0105
RDD2020_Japan_Japan_010594.jpg,train,alligator_crack,RDD2020,Japan_0105
RDD2020_Japan_Japan_010595.jpg,train,both,RDD2020,Japan_0105
RDD2020_Japan_Japan_010596.jpg,train,alligator_crack,RDD2020,Japan_0105
RDD2020_Japan_Japan_010597.jpg,train,alligator_crack,RDD2020,Japan_0105
RDD2020_Czech_Czech_001512.jpg,train,pothole,RDD2020,Czech_0015
RDD2020_Czech_Czech_001514.jpg,train,pothole,RDD2020,Czech_0015
RDD2020_Czech_Czech_001533.jpg,train,pothole,RDD2020,Czech_0015
RDD2020_Czech_Czech_001545.jpg,train,pothole,RDD2020,Czech_0015
RDD2020_Czech_Czech_001554.jpg,train,pothole,RDD2020,Czech_0015
RDD2020_Czech_Czech_001564.jpg,train,alligator_crack,RDD2020,Czech_0015
RDD2020_Czech_Czech_001579.jpg,train,alligator_crack,RDD2020,Czech_0015
RDD2020_India_India_003201.jpg,train,pothole,RDD2020,India_0032
RDD2020_India_India_003203.jpg,train,alligator_crack,RDD2020,India_0032
RDD2020_India_India_003205.jpg,train,alligator_crack,RDD2020,India_0032
RDD2020_India_India_003214.jpg,train,pothole,RDD2020,India_0032
RDD2020_India_India_003217.jpg,train,both,RDD2020,India_0032
RDD2020_India_India_003228.jpg,train,pothole,RDD2020,India_0032
RDD2020_India_India_003231.jpg,train,pothole,RDD2020,India_0032
RDD2020_India_India_003236.jpg,train,alligator_crack,RDD2020,India_0032
RDD2020_India_India_003239.jpg,train,pothole,RDD2020,India_0032
RDD2020_India_India_003242.jpg,train,alligator_crack,RDD2020,India_0032
RDD2020_India_India_003245.jpg,train,alligator_crack,RDD2020,India_0032
RDD2020_India_India_003246.jpg,train,alligator_crack,RDD2020,India_0032
RDD2020_India_India_003247.jpg,train,alligator_crack,RDD2020,India_0032
RDD2020_India_India_003251.jpg,train,pothole,RDD2020,India_0032
RDD2020_India_India_003262.jpg,train,both,RDD2020,India_0032
RDD2020_India_India_003265.jpg,train,alligator_crack,RDD2020,India_0032
RDD2020_India_India_003270.jpg,train,alligator_crack,RDD2020,India_0032
RDD2020_India_India_003272.jpg,train,pothole,RDD2020,India_0032
RDD2020_India_India_003274.jpg,train,pothole,RDD2020,India_0032
RDD2020_India_India_003278.jpg,train,pothole,RDD2020,India_0032
RDD2020_India_India_003284.jpg,train,pothole,RDD2020,India_0032
RDD2020_India_India_003290.jpg,train,alligator_crack,RDD2020,India_0032
RDD2020_India_India_003292.jpg,train,both,RDD2020,India_0032
RDD2020_India_India_003293.jpg,train,alligator_crack,RDD2020,India_0032
RDD2020_India_India_003294.jpg,train,alligator_crack,RDD2020,India_0032
RDD2020_India_India_004200.jpg,train,alligator_crack,RDD2020,India_0042
RDD2020_India_India_004201.jpg,train,alligator_crack,RDD2020,India_0042
RDD2020_India_India_004205.jpg,train,alligator_crack,RDD2020,India_0042
RDD2020_India_India_004208.jpg,train,both,RDD2020,India_0042
RDD2020_India_India_004209.jpg,train,pothole,RDD2020,India_0042
RDD2020_India_India_004210.jpg,train,alligator_crack,RDD2020,India_0042
RDD2020_India_India_004226.jpg,train,pothole,RDD2020,India_0042
RDD2020_India_India_004238.jpg,train,alligator_crack,RDD2020,India_0042
RDD2020_India_India_004242.jpg,train,alligator_crack,RDD2020,India_0042
RDD2020_India_India_004243.jpg,train,pothole,RDD2020,India_0042
RDD2020_India_India_004249.jpg,train,alligator_crack,RDD2020,India_0042
RDD2020_India_India_004253.jpg,train,pothole,RDD2020,India_0042
RDD2020_India_India_004256.jpg,train,pothole,RDD2020,India_0042
RDD2020_India_India_004257.jpg,train,alligator_crack,RDD2020,India_0042
RDD2020_India_India_004263.jpg,train,pothole,RDD2020,India_0042
RDD2020_India_India_004264.jpg,train,alligator_crack,RDD2020,India_0042
RDD2020_India_India_004268.jpg,train,alligator_crack,RDD2020,India_0042
RDD2020_India_India_004274.jpg,train,alligator_crack,RDD2020,India_0042
RDD2020_India_India_004278.jpg,train,pothole,RDD2020,India_0042
RDD2020_India_India_004285.jpg,train,both,RDD2020,India_0042
RDD2020_India_India_004290.jpg,train,pothole,RDD2020,India_0042
RDD2020_India_India_004293.jpg,train,both,RDD2020,India_0042
RDD2020_India_India_004294.jpg,train,pothole,RDD2020,India_0042
RDD2020_India_India_004297.jpg,train,alligator_crack,RDD2020,India_0042
RDD2020_India_India_004298.jpg,train,pothole,RDD2020,India_0042
RDD2020_India_India_004299.jpg,train,pothole,RDD2020,India_0042
RDD2020_Japan_Japan_009404.jpg,train,alligator_crack,RDD2020,Japan_0094
RDD2020_Japan_Japan_009408.jpg,train,alligator_crack,RDD2020,Japan_0094
RDD2020_Japan_Japan_009409.jpg,train,both,RDD2020,Japan_0094
RDD2020_Japan_Japan_009411.jpg,train,alligator_crack,RDD2020,Japan_0094
RDD2020_Japan_Japan_009412.jpg,train,alligator_crack,RDD2020,Japan_0094
RDD2020_Japan_Japan_009413.jpg,train,pothole,RDD2020,Japan_0094
RDD2020_Japan_Japan_009415.jpg,train,alligator_crack,RDD2020,Japan_0094
RDD2020_Japan_Japan_009417.jpg,train,alligator_crack,RDD2020,Japan_0094
RDD2020_Japan_Japan_009422.jpg,train,alligator_crack,RDD2020,Japan_0094
RDD2020_Japan_Japan_009426.jpg,train,alligator_crack,RDD2020,Japan_0094
RDD2020_Japan_Japan_009427.jpg,train,both,RDD2020,Japan_0094
RDD2020_Japan_Japan_009429.jpg,train,alligator_crack,RDD2020,Japan_0094
RDD2020_Japan_Japan_009430.jpg,train,alligator_crack,RDD2020,Japan_0094
RDD2020_Japan_Japan_009433.jpg,train,alligator_crack,RDD2020,Japan_0094
RDD2020_Japan_Japan_009435.jpg,train,alligator_crack,RDD2020,Japan_0094
RDD2020_Japan_Japan_009436.jpg,train,alligator_crack,RDD2020,Japan_0094
RDD2020_Japan_Japan_009440.jpg,train,alligator_crack,RDD2020,Japan_0094
RDD2020_Japan_Japan_009441.jpg,train,alligator_crack,RDD2020,Japan_0094
RDD2020_Japan_Japan_009444.jpg,train,pothole,RDD2020,Japan_0094
RDD2020_Japan_Japan_009447.jpg,train,alligator_crack,RDD2020,Japan_0094
RDD2020_Japan_Japan_009449.jpg,train,alligator_crack,RDD2020,Japan_0094
RDD2020_Japan_Japan_009452.jpg,train,alligator_crack,RDD2020,Japan_0094
RDD2020_Japan_Japan_009453.jpg,train,alligator_crack,RDD2020,Japan_0094
RDD2020_Japan_Japan_009454.jpg,train,pothole,RDD2020,Japan_0094
RDD2020_Japan_Japan_009457.jpg,train,alligator_crack,RDD2020,Japan_0094
RDD2020_Japan_Japan_009458.jpg,train,alligator_crack,RDD2020,Japan_0094
RDD2020_Japan_Japan_009460.jpg,train,alligator_crack,RDD2020,Japan_0094
RDD2020_Japan_Japan_009461.jpg,train,pothole,RDD2020,Japan_0094
RDD2020_Japan_Japan_009463.jpg,train,alligator_crack,RDD2020,Japan_0094
RDD2020_Japan_Japan_009464.jpg,train,alligator_crack,RDD2020,Japan_0094
RDD2020_Japan_Japan_009465.jpg,train,alligator_crack,RDD2020,Japan_0094
RDD2020_Japan_Japan_009470.jpg,train,alligator_crack,RDD2020,Japan_0094
RDD2020_Japan_Japan_009471.jpg,train,alligator_crack,RDD2020,Japan_0094
RDD2020_Japan_Japan_009474.jpg,train,alligator_crack,RDD2020,Japan_0094
RDD2020_Japan_Japan_009476.jpg,train,alligator_crack,RDD2020,Japan_0094
RDD2020_Japan_Japan_009479.jpg,train,both,RDD2020,Japan_0094
RDD2020_Japan_Japan_009480.jpg,train,alligator_crack,RDD2020,Japan_0094
RDD2020_Japan_Japan_009481.jpg,train,both,RDD2020,Japan_0094
RDD2020_Japan_Japan_009483.jpg,train,alligator_crack,RDD2020,Japan_0094
RDD2020_Japan_Japan_009484.jpg,train,pothole,RDD2020,Japan_0094
RDD2020_Japan_Japan_009488.jpg,train,alligator_crack,RDD2020,Japan_0094
RDD2020_Japan_Japan_009490.jpg,train,both,RDD2020,Japan_0094
RDD2020_Japan_Japan_009491.jpg,train,alligator_crack,RDD2020,Japan_0094
RDD2020_Japan_Japan_009492.jpg,train,both,RDD2020,Japan_0094
RDD2020_Japan_Japan_009494.jpg,train,pothole,RDD2020,Japan_0094
RDD2020_Japan_Japan_009499.jpg,train,alligator_crack,RDD2020,Japan_0094
RDD2020_India_India_008906.jpg,train,both,RDD2020,India_0089
RDD2020_India_India_008909.jpg,train,alligator_crack,RDD2020,India_0089
RDD2020_India_India_008915.jpg,train,pothole,RDD2020,India_0089
RDD2020_India_India_008918.jpg,train,alligator_crack,RDD2020,India_0089
RDD2020_India_India_008925.jpg,train,pothole,RDD2020,India_0089
RDD2020_India_India_008926.jpg,train,both,RDD2020,India_0089
RDD2020_India_India_008927.jpg,train,pothole,RDD2020,India_0089
RDD2020_India_India_008928.jpg,train,alligator_crack,RDD2020,India_0089
RDD2020_India_India_008933.jpg,train,pothole,RDD2020,India_0089
RDD2020_India_India_008942.jpg,train,pothole,RDD2020,India_0089
RDD2020_India_India_008944.jpg,train,pothole,RDD2020,India_0089
RDD2020_India_India_008948.jpg,train,pothole,RDD2020,India_0089
RDD2020_India_India_008950.jpg,train,pothole,RDD2020,India_0089
RDD2020_India_India_008952.jpg,train,alligator_crack,RDD2020,India_0089
RDD2020_India_India_008953.jpg,train,both,RDD2020,India_0089
RDD2020_India_India_008957.jpg,train,pothole,RDD2020,India_0089
RDD2020_India_India_008960.jpg,train,alligator_crack,RDD2020,India_0089
RDD2020_India_India_008963.jpg,train,pothole,RDD2020,India_0089
RDD2020_India_India_008969.jpg,train,both,RDD2020,India_0089
RDD2020_India_India_008971.jpg,train,both,RDD2020,India_0089
RDD2020_India_India_008977.jpg,train,alligator_crack,RDD2020,India_0089
RDD2020_India_India_008982.jpg,train,alligator_crack,RDD2020,India_0089
RDD2020_India_India_008984.jpg,train,pothole,RDD2020,India_0089
RDD2020_India_India_008985.jpg,train,alligator_crack,RDD2020,India_0089
RDD2020_India_India_008986.jpg,train,alligator_crack,RDD2020,India_0089
RDD2020_India_India_008988.jpg,train,pothole,RDD2020,India_0089
RDD2020_India_India_008990.jpg,train,alligator_crack,RDD2020,India_0089
RDD2020_India_India_008991.jpg,train,pothole,RDD2020,India_0089
RDD2020_India_India_008993.jpg,train,alligator_crack,RDD2020,India_0089
RDD2020_India_India_008997.jpg,train,alligator_crack,RDD2020,India_0089
RDD2020_India_India_008998.jpg,train,alligator_crack,RDD2020,India_0089
RDD2020_Japan_Japan_010600.jpg,train,alligator_crack,RDD2020,Japan_0106
RDD2020_Japan_Japan_010607.jpg,train,pothole,RDD2020,Japan_0106
RDD2020_Japan_Japan_010608.jpg,train,alligator_crack,RDD2020,Japan_0106
RDD2020_Japan_Japan_010611.jpg,train,pothole,RDD2020,Japan_0106
RDD2020_Japan_Japan_010619.jpg,train,alligator_crack,RDD2020,Japan_0106
RDD2020_Japan_Japan_010622.jpg,train,alligator_crack,RDD2020,Japan_0106
RDD2020_Japan_Japan_010625.jpg,train,alligator_crack,RDD2020,Japan_0106
RDD2020_Japan_Japan_010627.jpg,train,alligator_crack,RDD2020,Japan_0106
RDD2020_Japan_Japan_010631.jpg,train,alligator_crack,RDD2020,Japan_0106
RDD2020_Japan_Japan_010632.jpg,train,both,RDD2020,Japan_0106
RDD2020_Japan_Japan_010634.jpg,train,alligator_crack,RDD2020,Japan_0106
RDD2020_Japan_Japan_010635.jpg,train,alligator_crack,RDD2020,Japan_0106
RDD2020_Japan_Japan_010636.jpg,train,both,RDD2020,Japan_0106
RDD2020_Japan_Japan_010639.jpg,train,alligator_crack,RDD2020,Japan_0106
RDD2020_Japan_Japan_010650.jpg,train,alligator_crack,RDD2020,Japan_0106
RDD2020_Japan_Japan_010653.jpg,train,alligator_crack,RDD2020,Japan_0106
RDD2020_Japan_Japan_010657.jpg,train,alligator_crack,RDD2020,Japan_0106
RDD2020_Japan_Japan_010658.jpg,train,alligator_crack,RDD2020,Japan_0106
RDD2020_Japan_Japan_010659.jpg,train,alligator_crack,RDD2020,Japan_0106
RDD2020_Japan_Japan_010661.jpg,train,alligator_crack,RDD2020,Japan_0106
RDD2020_Japan_Japan_010662.jpg,train,alligator_crack,RDD2020,Japan_0106
RDD2020_Japan_Japan_010664.jpg,train,alligator_crack,RDD2020,Japan_0106
RDD2020_Japan_Japan_010666.jpg,train,alligator_crack,RDD2020,Japan_0106
RDD2020_Japan_Japan_010669.jpg,train,alligator_crack,RDD2020,Japan_0106
RDD2020_Japan_Japan_010672.jpg,train,alligator_crack,RDD2020,Japan_0106
RDD2020_Japan_Japan_010674.jpg,train,alligator_crack,RDD2020,Japan_0106
RDD2020_Japan_Japan_010675.jpg,train,alligator_crack,RDD2020,Japan_0106
RDD2020_Japan_Japan_010682.jpg,train,alligator_crack,RDD2020,Japan_0106
RDD2020_Japan_Japan_010683.jpg,train,alligator_crack,RDD2020,Japan_0106
RDD2020_Japan_Japan_010684.jpg,train,alligator_crack,RDD2020,Japan_0106
RDD2020_Japan_Japan_010686.jpg,train,both,RDD2020,Japan_0106
RDD2020_Japan_Japan_010687.jpg,train,alligator_crack,RDD2020,Japan_0106
RDD2020_Japan_Japan_010693.jpg,train,alligator_crack,RDD2020,Japan_0106
RDD2020_Japan_Japan_010695.jpg,train,both,RDD2020,Japan_0106
RDD2020_Japan_Japan_010699.jpg,train,pothole,RDD2020,Japan_0106
RDD2020_Japan_Japan_012101.jpg,train,both,RDD2020,Japan_0121
RDD2020_Japan_Japan_012108.jpg,train,both,RDD2020,Japan_0121
RDD2020_Japan_Japan_012115.jpg,train,alligator_crack,RDD2020,Japan_0121
RDD2020_Japan_Japan_012117.jpg,train,alligator_crack,RDD2020,Japan_0121
RDD2020_Japan_Japan_012120.jpg,train,both,RDD2020,Japan_0121
RDD2020_Japan_Japan_012121.jpg,train,alligator_crack,RDD2020,Japan_0121
RDD2020_Japan_Japan_012123.jpg,train,alligator_crack,RDD2020,Japan_0121
RDD2020_Japan_Japan_012127.jpg,train,alligator_crack,RDD2020,Japan_0121
RDD2020_Japan_Japan_012130.jpg,train,alligator_crack,RDD2020,Japan_0121
RDD2020_Japan_Japan_012131.jpg,train,pothole,RDD2020,Japan_0121
RDD2020_Japan_Japan_012133.jpg,train,both,RDD2020,Japan_0121
RDD2020_Japan_Japan_012143.jpg,train,alligator_crack,RDD2020,Japan_0121
RDD2020_Japan_Japan_012144.jpg,train,alligator_crack,RDD2020,Japan_0121
RDD2020_Japan_Japan_012152.jpg,train,alligator_crack,RDD2020,Japan_0121
RDD2020_Japan_Japan_012158.jpg,train,both,RDD2020,Japan_0121
RDD2020_Japan_Japan_012159.jpg,train,alligator_crack,RDD2020,Japan_0121
RDD2020_Japan_Japan_012160.jpg,train,alligator_crack,RDD2020,Japan_0121
RDD2020_Japan_Japan_012164.jpg,train,alligator_crack,RDD2020,Japan_0121
RDD2020_Japan_Japan_012165.jpg,train,alligator_crack,RDD2020,Japan_0121
RDD2020_Japan_Japan_012167.jpg,train,pothole,RDD2020,Japan_0121
RDD2020_Japan_Japan_012168.jpg,train,alligator_crack,RDD2020,Japan_0121
RDD2020_Japan_Japan_012170.jpg,train,both,RDD2020,Japan_0121
RDD2020_Japan_Japan_012172.jpg,train,alligator_crack,RDD2020,Japan_0121
RDD2020_Japan_Japan_012174.jpg,train,alligator_crack,RDD2020,Japan_0121
RDD2020_Japan_Japan_012175.jpg,train,alligator_crack,RDD2020,Japan_0121
RDD2020_Japan_Japan_012176.jpg,train,alligator_crack,RDD2020,Japan_0121
RDD2020_Japan_Japan_012178.jpg,train,alligator_crack,RDD2020,Japan_0121
RDD2020_Japan_Japan_012180.jpg,train,pothole,RDD2020,Japan_0121
RDD2020_Japan_Japan_012182.jpg,train,alligator_crack,RDD2020,Japan_0121
RDD2020_Japan_Japan_012184.jpg,train,alligator_crack,RDD2020,Japan_0121
RDD2020_Japan_Japan_012185.jpg,train,alligator_crack,RDD2020,Japan_0121
RDD2020_Japan_Japan_012191.jpg,train,both,RDD2020,Japan_0121
RDD2020_Japan_Japan_012192.jpg,train,alligator_crack,RDD2020,Japan_0121
RDD2020_Japan_Japan_012193.jpg,train,alligator_crack,RDD2020,Japan_0121
RDD2020_Japan_Japan_012195.jpg,train,alligator_crack,RDD2020,Japan_0121
RDD2020_Japan_Japan_012196.jpg,train,alligator_crack,RDD2020,Japan_0121
RDD2020_Japan_Japan_012197.jpg,train,alligator_crack,RDD2020,Japan_0121
RDD2020_Japan_Japan_012198.jpg,train,alligator_crack,RDD2020,Japan_0121
RDD2020_India_India_000300.jpg,train,negative_background,RDD2020,India_0003
RDD2020_India_India_000301.jpg,train,pothole,RDD2020,India_0003
RDD2020_India_India_000302.jpg,train,alligator_crack,RDD2020,India_0003
RDD2020_India_India_000303.jpg,train,negative_background,RDD2020,India_0003
RDD2020_India_India_000304.jpg,train,negative_background,RDD2020,India_0003
RDD2020_India_India_000305.jpg,train,negative_background,RDD2020,India_0003
RDD2020_India_India_000306.jpg,train,negative_background,RDD2020,India_0003
RDD2020_India_India_000308.jpg,train,negative_background,RDD2020,India_0003
RDD2020_India_India_000309.jpg,train,alligator_crack,RDD2020,India_0003
RDD2020_India_India_000310.jpg,train,alligator_crack,RDD2020,India_0003
RDD2020_India_India_000311.jpg,train,negative_background,RDD2020,India_0003
RDD2020_India_India_000312.jpg,train,negative_background,RDD2020,India_0003
RDD2020_India_India_000313.jpg,train,negative_background,RDD2020,India_0003
RDD2020_India_India_000315.jpg,train,negative_background,RDD2020,India_0003
RDD2020_India_India_000316.jpg,train,both,RDD2020,India_0003
RDD2020_India_India_000317.jpg,train,both,RDD2020,India_0003
RDD2020_India_India_000318.jpg,train,negative_background,RDD2020,India_0003
RDD2020_India_India_000319.jpg,train,negative_background,RDD2020,India_0003
RDD2020_India_India_000320.jpg,train,pothole,RDD2020,India_0003
RDD2020_India_India_000321.jpg,train,negative_background,RDD2020,India_0003
RDD2020_India_India_000323.jpg,train,both,RDD2020,India_0003
RDD2020_India_India_000325.jpg,train,negative_background,RDD2020,India_0003
RDD2020_India_India_000326.jpg,train,negative_background,RDD2020,India_0003
RDD2020_India_India_000327.jpg,train,negative_background,RDD2020,India_0003
RDD2020_India_India_000329.jpg,train,negative_background,RDD2020,India_0003
RDD2020_India_India_000330.jpg,train,negative_background,RDD2020,India_0003
RDD2020_India_India_000332.jpg,train,negative_background,RDD2020,India_0003
RDD2020_India_India_000333.jpg,train,negative_background,RDD2020,India_0003
RDD2020_India_India_000334.jpg,train,negative_background,RDD2020,India_0003
RDD2020_India_India_000335.jpg,train,negative_background,RDD2020,India_0003
RDD2020_India_India_000336.jpg,train,negative_background,RDD2020,India_0003
RDD2020_India_India_000337.jpg,train,negative_background,RDD2020,India_0003
RDD2020_India_India_000338.jpg,train,negative_background,RDD2020,India_0003
RDD2020_India_India_000339.jpg,train,negative_background,RDD2020,India_0003
RDD2020_India_India_000340.jpg,train,negative_background,RDD2020,India_0003
RDD2020_India_India_000341.jpg,train,negative_background,RDD2020,India_0003
RDD2020_India_India_000343.jpg,train,alligator_crack,RDD2020,India_0003
RDD2020_India_India_000345.jpg,train,negative_background,RDD2020,India_0003
RDD2020_India_India_000347.jpg,train,negative_background,RDD2020,India_0003
RDD2020_India_India_000348.jpg,train,alligator_crack,RDD2020,India_0003
RDD2020_India_India_000349.jpg,train,negative_background,RDD2020,India_0003
RDD2020_India_India_000350.jpg,train,alligator_crack,RDD2020,India_0003
RDD2020_India_India_000351.jpg,train,negative_background,RDD2020,India_0003
RDD2020_India_India_000352.jpg,train,both,RDD2020,India_0003
RDD2020_India_India_000353.jpg,train,alligator_crack,RDD2020,India_0003
RDD2020_India_India_000354.jpg,train,negative_background,RDD2020,India_0003
RDD2020_India_India_000356.jpg,train,negative_background,RDD2020,India_0003
RDD2020_India_India_000358.jpg,train,negative_background,RDD2020,India_0003
RDD2020_India_India_000359.jpg,train,negative_background,RDD2020,India_0003
RDD2020_India_India_000361.jpg,train,both,RDD2020,India_0003
RDD2020_India_India_000362.jpg,train,alligator_crack,RDD2020,India_0003
RDD2020_India_India_000363.jpg,train,negative_background,RDD2020,India_0003
RDD2020_India_India_000365.jpg,train,negative_background,RDD2020,India_0003
RDD2020_India_India_000366.jpg,train,negative_background,RDD2020,India_0003
RDD2020_India_India_000367.jpg,train,both,RDD2020,India_0003
RDD2020_India_India_000368.jpg,train,pothole,RDD2020,India_0003
RDD2020_India_India_000369.jpg,train,alligator_crack,RDD2020,India_0003
RDD2020_India_India_000371.jpg,train,alligator_crack,RDD2020,India_0003
RDD2020_India_India_000372.jpg,train,negative_background,RDD2020,India_0003
RDD2020_India_India_000373.jpg,train,pothole,RDD2020,India_0003
RDD2020_India_India_000375.jpg,train,negative_background,RDD2020,India_0003
RDD2020_India_India_000376.jpg,train,negative_background,RDD2020,India_0003
RDD2020_India_India_000378.jpg,train,negative_background,RDD2020,India_0003
RDD2020_India_India_000379.jpg,train,negative_background,RDD2020,India_0003
RDD2020_India_India_000382.jpg,train,alligator_crack,RDD2020,India_0003
RDD2020_India_India_000383.jpg,train,both,RDD2020,India_0003
RDD2020_India_India_000384.jpg,train,both,RDD2020,India_0003
RDD2020_India_India_000385.jpg,train,negative_background,RDD2020,India_0003
RDD2020_India_India_000387.jpg,train,negative_background,RDD2020,India_0003
RDD2020_India_India_000389.jpg,train,pothole,RDD2020,India_0003
RDD2020_India_India_000390.jpg,train,negative_background,RDD2020,India_0003
RDD2020_India_India_000391.jpg,train,pothole,RDD2020,India_0003
RDD2020_India_India_000392.jpg,train,pothole,RDD2020,India_0003
RDD2020_India_India_000393.jpg,train,negative_background,RDD2020,India_0003
RDD2020_India_India_000394.jpg,train,negative_background,RDD2020,India_0003
RDD2020_India_India_000395.jpg,train,negative_background,RDD2020,India_0003
RDD2020_India_India_000399.jpg,train,pothole,RDD2020,India_0003
RDD2020_Japan_Japan_003603.jpg,train,alligator_crack,RDD2020,Japan_0036
RDD2020_Japan_Japan_003604.jpg,train,alligator_crack,RDD2020,Japan_0036
RDD2020_Japan_Japan_003605.jpg,train,pothole,RDD2020,Japan_0036
RDD2020_Japan_Japan_003607.jpg,train,alligator_crack,RDD2020,Japan_0036
RDD2020_Japan_Japan_003609.jpg,train,alligator_crack,RDD2020,Japan_0036
RDD2020_Japan_Japan_003610.jpg,train,pothole,RDD2020,Japan_0036
RDD2020_Japan_Japan_003611.jpg,train,alligator_crack,RDD2020,Japan_0036
RDD2020_Japan_Japan_003613.jpg,train,alligator_crack,RDD2020,Japan_0036
RDD2020_Japan_Japan_003614.jpg,train,alligator_crack,RDD2020,Japan_0036
RDD2020_Japan_Japan_003621.jpg,train,alligator_crack,RDD2020,Japan_0036
RDD2020_Japan_Japan_003623.jpg,train,alligator_crack,RDD2020,Japan_0036
RDD2020_Japan_Japan_003624.jpg,train,alligator_crack,RDD2020,Japan_0036
RDD2020_Japan_Japan_003625.jpg,train,alligator_crack,RDD2020,Japan_0036
RDD2020_Japan_Japan_003627.jpg,train,pothole,RDD2020,Japan_0036
RDD2020_Japan_Japan_003629.jpg,train,alligator_crack,RDD2020,Japan_0036
RDD2020_Japan_Japan_003632.jpg,train,alligator_crack,RDD2020,Japan_0036
RDD2020_Japan_Japan_003633.jpg,train,alligator_crack,RDD2020,Japan_0036
RDD2020_Japan_Japan_003635.jpg,train,alligator_crack,RDD2020,Japan_0036
RDD2020_Japan_Japan_003638.jpg,train,alligator_crack,RDD2020,Japan_0036
RDD2020_Japan_Japan_003643.jpg,train,alligator_crack,RDD2020,Japan_0036
RDD2020_Japan_Japan_003644.jpg,train,alligator_crack,RDD2020,Japan_0036
RDD2020_Japan_Japan_003646.jpg,train,both,RDD2020,Japan_0036
RDD2020_Japan_Japan_003649.jpg,train,pothole,RDD2020,Japan_0036
RDD2020_Japan_Japan_003651.jpg,train,alligator_crack,RDD2020,Japan_0036
RDD2020_Japan_Japan_003652.jpg,train,alligator_crack,RDD2020,Japan_0036
RDD2020_Japan_Japan_003654.jpg,train,alligator_crack,RDD2020,Japan_0036
RDD2020_Japan_Japan_003658.jpg,train,alligator_crack,RDD2020,Japan_0036
RDD2020_Japan_Japan_003659.jpg,train,alligator_crack,RDD2020,Japan_0036
RDD2020_Japan_Japan_003662.jpg,train,pothole,RDD2020,Japan_0036
RDD2020_Japan_Japan_003664.jpg,train,pothole,RDD2020,Japan_0036
RDD2020_Japan_Japan_003665.jpg,train,pothole,RDD2020,Japan_0036
RDD2020_Japan_Japan_003668.jpg,train,alligator_crack,RDD2020,Japan_0036
RDD2020_Japan_Japan_003670.jpg,train,pothole,RDD2020,Japan_0036
RDD2020_Japan_Japan_003671.jpg,train,alligator_crack,RDD2020,Japan_0036
RDD2020_Japan_Japan_003674.jpg,train,alligator_crack,RDD2020,Japan_0036
RDD2020_Japan_Japan_003678.jpg,train,alligator_crack,RDD2020,Japan_0036
RDD2020_Japan_Japan_003680.jpg,train,alligator_crack,RDD2020,Japan_0036
RDD2020_Japan_Japan_003682.jpg,train,pothole,RDD2020,Japan_0036
RDD2020_Japan_Japan_003684.jpg,train,both,RDD2020,Japan_0036
RDD2020_Japan_Japan_003688.jpg,train,pothole,RDD2020,Japan_0036
RDD2020_Japan_Japan_003689.jpg,train,pothole,RDD2020,Japan_0036
RDD2020_Japan_Japan_003690.jpg,train,both,RDD2020,Japan_0036
RDD2020_Japan_Japan_003693.jpg,train,alligator_crack,RDD2020,Japan_0036
RDD2020_Japan_Japan_003697.jpg,train,alligator_crack,RDD2020,Japan_0036
RDD2020_Japan_Japan_003698.jpg,train,alligator_crack,RDD2020,Japan_0036
RDD2020_India_India_004508.jpg,train,alligator_crack,RDD2020,India_0045
RDD2020_India_India_004509.jpg,train,both,RDD2020,India_0045
RDD2020_India_India_004511.jpg,train,both,RDD2020,India_0045
RDD2020_India_India_004512.jpg,train,pothole,RDD2020,India_0045
RDD2020_India_India_004524.jpg,train,pothole,RDD2020,India_0045
RDD2020_India_India_004531.jpg,train,alligator_crack,RDD2020,India_0045
RDD2020_India_India_004537.jpg,train,alligator_crack,RDD2020,India_0045
RDD2020_India_India_004542.jpg,train,pothole,RDD2020,India_0045
RDD2020_India_India_004543.jpg,train,alligator_crack,RDD2020,India_0045
RDD2020_India_India_004548.jpg,train,alligator_crack,RDD2020,India_0045
RDD2020_India_India_004550.jpg,train,alligator_crack,RDD2020,India_0045
RDD2020_India_India_004551.jpg,train,both,RDD2020,India_0045
RDD2020_India_India_004553.jpg,train,pothole,RDD2020,India_0045
RDD2020_India_India_004554.jpg,train,alligator_crack,RDD2020,India_0045
RDD2020_India_India_004556.jpg,train,both,RDD2020,India_0045
RDD2020_India_India_004562.jpg,train,alligator_crack,RDD2020,India_0045
RDD2020_India_India_004563.jpg,train,alligator_crack,RDD2020,India_0045
RDD2020_India_India_004571.jpg,train,alligator_crack,RDD2020,India_0045
RDD2020_India_India_004586.jpg,train,both,RDD2020,India_0045
RDD2020_India_India_004592.jpg,train,both,RDD2020,India_0045
RDD2020_India_India_004593.jpg,train,pothole,RDD2020,India_0045
RDD2020_India_India_004599.jpg,train,alligator_crack,RDD2020,India_0045
RDD2020_Czech_Czech_001428.jpg,train,alligator_crack,RDD2020,Czech_0014
RDD2020_Czech_Czech_001437.jpg,train,pothole,RDD2020,Czech_0014
RDD2020_Czech_Czech_001495.jpg,train,pothole,RDD2020,Czech_0014
RDD2020_Japan_Japan_009201.jpg,train,alligator_crack,RDD2020,Japan_0092
RDD2020_Japan_Japan_009203.jpg,train,alligator_crack,RDD2020,Japan_0092
RDD2020_Japan_Japan_009206.jpg,train,pothole,RDD2020,Japan_0092
RDD2020_Japan_Japan_009207.jpg,train,pothole,RDD2020,Japan_0092
RDD2020_Japan_Japan_009208.jpg,train,both,RDD2020,Japan_0092
RDD2020_Japan_Japan_009210.jpg,train,alligator_crack,RDD2020,Japan_0092
RDD2020_Japan_Japan_009211.jpg,train,both,RDD2020,Japan_0092
RDD2020_Japan_Japan_009212.jpg,train,both,RDD2020,Japan_0092
RDD2020_Japan_Japan_009214.jpg,train,alligator_crack,RDD2020,Japan_0092
RDD2020_Japan_Japan_009215.jpg,train,both,RDD2020,Japan_0092
RDD2020_Japan_Japan_009216.jpg,train,alligator_crack,RDD2020,Japan_0092
RDD2020_Japan_Japan_009219.jpg,train,pothole,RDD2020,Japan_0092
RDD2020_Japan_Japan_009220.jpg,train,alligator_crack,RDD2020,Japan_0092
RDD2020_Japan_Japan_009223.jpg,train,alligator_crack,RDD2020,Japan_0092
RDD2020_Japan_Japan_009224.jpg,train,alligator_crack,RDD2020,Japan_0092
RDD2020_Japan_Japan_009229.jpg,train,alligator_crack,RDD2020,Japan_0092
RDD2020_Japan_Japan_009231.jpg,train,alligator_crack,RDD2020,Japan_0092
RDD2020_Japan_Japan_009232.jpg,train,alligator_crack,RDD2020,Japan_0092
RDD2020_Japan_Japan_009233.jpg,train,alligator_crack,RDD2020,Japan_0092
RDD2020_Japan_Japan_009236.jpg,train,alligator_crack,RDD2020,Japan_0092
RDD2020_Japan_Japan_009237.jpg,train,pothole,RDD2020,Japan_0092
RDD2020_Japan_Japan_009243.jpg,train,alligator_crack,RDD2020,Japan_0092
RDD2020_Japan_Japan_009249.jpg,train,alligator_crack,RDD2020,Japan_0092
RDD2020_Japan_Japan_009252.jpg,train,both,RDD2020,Japan_0092
RDD2020_Japan_Japan_009257.jpg,train,pothole,RDD2020,Japan_0092
RDD2020_Japan_Japan_009258.jpg,train,alligator_crack,RDD2020,Japan_0092
RDD2020_Japan_Japan_009260.jpg,train,alligator_crack,RDD2020,Japan_0092
RDD2020_Japan_Japan_009262.jpg,train,pothole,RDD2020,Japan_0092
RDD2020_Japan_Japan_009263.jpg,train,both,RDD2020,Japan_0092
RDD2020_Japan_Japan_009264.jpg,train,alligator_crack,RDD2020,Japan_0092
RDD2020_Japan_Japan_009266.jpg,train,alligator_crack,RDD2020,Japan_0092
RDD2020_Japan_Japan_009267.jpg,train,alligator_crack,RDD2020,Japan_0092
RDD2020_Japan_Japan_009269.jpg,train,alligator_crack,RDD2020,Japan_0092
RDD2020_Japan_Japan_009273.jpg,train,alligator_crack,RDD2020,Japan_0092
RDD2020_Japan_Japan_009277.jpg,train,alligator_crack,RDD2020,Japan_0092
RDD2020_Japan_Japan_009278.jpg,train,alligator_crack,RDD2020,Japan_0092
RDD2020_Japan_Japan_009279.jpg,train,pothole,RDD2020,Japan_0092
RDD2020_Japan_Japan_009282.jpg,train,alligator_crack,RDD2020,Japan_0092
RDD2020_Japan_Japan_009287.jpg,train,alligator_crack,RDD2020,Japan_0092
RDD2020_Japan_Japan_009288.jpg,train,both,RDD2020,Japan_0092
RDD2020_Japan_Japan_009290.jpg,train,alligator_crack,RDD2020,Japan_0092
RDD2020_Japan_Japan_009291.jpg,train,alligator_crack,RDD2020,Japan_0092
RDD2020_Japan_Japan_009293.jpg,train,pothole,RDD2020,Japan_0092
RDD2020_Japan_Japan_009295.jpg,train,alligator_crack,RDD2020,Japan_0092
RDD2020_Japan_Japan_009296.jpg,train,alligator_crack,RDD2020,Japan_0092
RDD2020_Japan_Japan_009297.jpg,train,alligator_crack,RDD2020,Japan_0092
RDD2020_Japan_Japan_009298.jpg,train,alligator_crack,RDD2020,Japan_0092
RDD2020_Japan_Japan_009299.jpg,train,alligator_crack,RDD2020,Japan_0092
RDD2020_India_India_006502.jpg,train,pothole,RDD2020,India_0065
RDD2020_India_India_006518.jpg,train,pothole,RDD2020,India_0065
RDD2020_India_India_006519.jpg,train,alligator_crack,RDD2020,India_0065
RDD2020_India_India_006520.jpg,train,pothole,RDD2020,India_0065
RDD2020_India_India_006524.jpg,train,both,RDD2020,India_0065
RDD2020_India_India_006529.jpg,train,pothole,RDD2020,India_0065
RDD2020_India_India_006530.jpg,train,pothole,RDD2020,India_0065
RDD2020_India_India_006532.jpg,train,pothole,RDD2020,India_0065
RDD2020_India_India_006535.jpg,train,both,RDD2020,India_0065
RDD2020_India_India_006536.jpg,train,both,RDD2020,India_0065
RDD2020_India_India_006537.jpg,train,alligator_crack,RDD2020,India_0065
RDD2020_India_India_006543.jpg,train,alligator_crack,RDD2020,India_0065
RDD2020_India_India_006544.jpg,train,pothole,RDD2020,India_0065
RDD2020_India_India_006545.jpg,train,alligator_crack,RDD2020,India_0065
RDD2020_India_India_006549.jpg,train,pothole,RDD2020,India_0065
RDD2020_India_India_006555.jpg,train,pothole,RDD2020,India_0065
RDD2020_India_India_006557.jpg,train,alligator_crack,RDD2020,India_0065
RDD2020_India_India_006564.jpg,train,pothole,RDD2020,India_0065
RDD2020_India_India_006580.jpg,train,both,RDD2020,India_0065
RDD2020_India_India_006581.jpg,train,pothole,RDD2020,India_0065
RDD2020_India_India_006582.jpg,train,alligator_crack,RDD2020,India_0065
RDD2020_India_India_006589.jpg,train,alligator_crack,RDD2020,India_0065
RDD2020_India_India_006592.jpg,train,alligator_crack,RDD2020,India_0065
RDD2020_India_India_006593.jpg,train,pothole,RDD2020,India_0065
RDD2020_India_India_006594.jpg,train,alligator_crack,RDD2020,India_0065
RDD2020_India_India_006595.jpg,train,pothole,RDD2020,India_0065
RDD2020_India_India_006598.jpg,train,alligator_crack,RDD2020,India_0065
RDD2020_Japan_Japan_008804.jpg,train,pothole,RDD2020,Japan_0088
RDD2020_Japan_Japan_008805.jpg,train,alligator_crack,RDD2020,Japan_0088
RDD2020_Japan_Japan_008808.jpg,train,alligator_crack,RDD2020,Japan_0088
RDD2020_Japan_Japan_008809.jpg,train,alligator_crack,RDD2020,Japan_0088
RDD2020_Japan_Japan_008813.jpg,train,both,RDD2020,Japan_0088
RDD2020_Japan_Japan_008816.jpg,train,both,RDD2020,Japan_0088
RDD2020_Japan_Japan_008817.jpg,train,alligator_crack,RDD2020,Japan_0088
RDD2020_Japan_Japan_008818.jpg,train,alligator_crack,RDD2020,Japan_0088
RDD2020_Japan_Japan_008819.jpg,train,alligator_crack,RDD2020,Japan_0088
RDD2020_Japan_Japan_008825.jpg,train,alligator_crack,RDD2020,Japan_0088
RDD2020_Japan_Japan_008827.jpg,train,alligator_crack,RDD2020,Japan_0088
RDD2020_Japan_Japan_008828.jpg,train,alligator_crack,RDD2020,Japan_0088
RDD2020_Japan_Japan_008830.jpg,train,pothole,RDD2020,Japan_0088
RDD2020_Japan_Japan_008831.jpg,train,alligator_crack,RDD2020,Japan_0088
RDD2020_Japan_Japan_008832.jpg,train,alligator_crack,RDD2020,Japan_0088
RDD2020_Japan_Japan_008835.jpg,train,alligator_crack,RDD2020,Japan_0088
RDD2020_Japan_Japan_008839.jpg,train,alligator_crack,RDD2020,Japan_0088
RDD2020_Japan_Japan_008840.jpg,train,alligator_crack,RDD2020,Japan_0088
RDD2020_Japan_Japan_008843.jpg,train,both,RDD2020,Japan_0088
RDD2020_Japan_Japan_008844.jpg,train,alligator_crack,RDD2020,Japan_0088
RDD2020_Japan_Japan_008845.jpg,train,alligator_crack,RDD2020,Japan_0088
RDD2020_Japan_Japan_008846.jpg,train,alligator_crack,RDD2020,Japan_0088
RDD2020_Japan_Japan_008848.jpg,train,alligator_crack,RDD2020,Japan_0088
RDD2020_Japan_Japan_008852.jpg,train,both,RDD2020,Japan_0088
RDD2020_Japan_Japan_008855.jpg,train,alligator_crack,RDD2020,Japan_0088
RDD2020_Japan_Japan_008858.jpg,train,alligator_crack,RDD2020,Japan_0088
RDD2020_Japan_Japan_008862.jpg,train,alligator_crack,RDD2020,Japan_0088
RDD2020_Japan_Japan_008870.jpg,train,alligator_crack,RDD2020,Japan_0088
RDD2020_Japan_Japan_008872.jpg,train,alligator_crack,RDD2020,Japan_0088
RDD2020_Japan_Japan_008874.jpg,train,pothole,RDD2020,Japan_0088
RDD2020_Japan_Japan_008876.jpg,train,alligator_crack,RDD2020,Japan_0088
RDD2020_Japan_Japan_008877.jpg,train,alligator_crack,RDD2020,Japan_0088
RDD2020_Japan_Japan_008878.jpg,train,alligator_crack,RDD2020,Japan_0088
RDD2020_Japan_Japan_008882.jpg,train,alligator_crack,RDD2020,Japan_0088
RDD2020_Japan_Japan_008888.jpg,train,alligator_crack,RDD2020,Japan_0088
RDD2020_Japan_Japan_008889.jpg,train,alligator_crack,RDD2020,Japan_0088
RDD2020_Japan_Japan_008890.jpg,train,alligator_crack,RDD2020,Japan_0088
RDD2020_Japan_Japan_008891.jpg,train,alligator_crack,RDD2020,Japan_0088
RDD2020_Japan_Japan_008894.jpg,train,alligator_crack,RDD2020,Japan_0088
RDD2020_Japan_Japan_008898.jpg,train,alligator_crack,RDD2020,Japan_0088
RDD2020_India_India_007900.jpg,train,pothole,RDD2020,India_0079
RDD2020_India_India_007906.jpg,train,alligator_crack,RDD2020,India_0079
RDD2020_India_India_007909.jpg,train,pothole,RDD2020,India_0079
RDD2020_India_India_007911.jpg,train,alligator_crack,RDD2020,India_0079
RDD2020_India_India_007912.jpg,train,both,RDD2020,India_0079
RDD2020_India_India_007915.jpg,train,both,RDD2020,India_0079
RDD2020_India_India_007917.jpg,train,pothole,RDD2020,India_0079
RDD2020_India_India_007920.jpg,train,alligator_crack,RDD2020,India_0079
RDD2020_India_India_007935.jpg,train,alligator_crack,RDD2020,India_0079
RDD2020_India_India_007943.jpg,train,pothole,RDD2020,India_0079
RDD2020_India_India_007946.jpg,train,both,RDD2020,India_0079
RDD2020_India_India_007954.jpg,train,pothole,RDD2020,India_0079
RDD2020_India_India_007955.jpg,train,both,RDD2020,India_0079
RDD2020_India_India_007962.jpg,train,pothole,RDD2020,India_0079
RDD2020_India_India_007964.jpg,train,alligator_crack,RDD2020,India_0079
RDD2020_India_India_007966.jpg,train,alligator_crack,RDD2020,India_0079
RDD2020_India_India_007972.jpg,train,pothole,RDD2020,India_0079
RDD2020_India_India_007974.jpg,train,both,RDD2020,India_0079
RDD2020_India_India_007981.jpg,train,pothole,RDD2020,India_0079
RDD2020_India_India_007983.jpg,train,both,RDD2020,India_0079
RDD2020_India_India_007985.jpg,train,alligator_crack,RDD2020,India_0079
RDD2020_India_India_007989.jpg,train,pothole,RDD2020,India_0079
RDD2020_India_India_007991.jpg,train,both,RDD2020,India_0079
RDD2020_India_India_007997.jpg,train,alligator_crack,RDD2020,India_0079
RDD2020_India_India_007998.jpg,train,both,RDD2020,India_0079
RDD2020_India_India_007999.jpg,train,alligator_crack,RDD2020,India_0079
RDD2020_Japan_Japan_007101.jpg,train,alligator_crack,RDD2020,Japan_0071
RDD2020_Japan_Japan_007105.jpg,train,alligator_crack,RDD2020,Japan_0071
RDD2020_Japan_Japan_007109.jpg,train,alligator_crack,RDD2020,Japan_0071
RDD2020_Japan_Japan_007111.jpg,train,alligator_crack,RDD2020,Japan_0071
RDD2020_Japan_Japan_007114.jpg,train,pothole,RDD2020,Japan_0071
RDD2020_Japan_Japan_007117.jpg,train,alligator_crack,RDD2020,Japan_0071
RDD2020_Japan_Japan_007121.jpg,train,pothole,RDD2020,Japan_0071
RDD2020_Japan_Japan_007123.jpg,train,alligator_crack,RDD2020,Japan_0071
RDD2020_Japan_Japan_007127.jpg,train,alligator_crack,RDD2020,Japan_0071
RDD2020_Japan_Japan_007128.jpg,train,alligator_crack,RDD2020,Japan_0071
RDD2020_Japan_Japan_007129.jpg,train,both,RDD2020,Japan_0071
RDD2020_Japan_Japan_007134.jpg,train,alligator_crack,RDD2020,Japan_0071
RDD2020_Japan_Japan_007139.jpg,train,alligator_crack,RDD2020,Japan_0071
RDD2020_Japan_Japan_007142.jpg,train,pothole,RDD2020,Japan_0071
RDD2020_Japan_Japan_007143.jpg,train,alligator_crack,RDD2020,Japan_0071
RDD2020_Japan_Japan_007145.jpg,train,alligator_crack,RDD2020,Japan_0071
RDD2020_Japan_Japan_007148.jpg,train,pothole,RDD2020,Japan_0071
RDD2020_Japan_Japan_007149.jpg,train,alligator_crack,RDD2020,Japan_0071
RDD2020_Japan_Japan_007152.jpg,train,alligator_crack,RDD2020,Japan_0071
RDD2020_Japan_Japan_007153.jpg,train,alligator_crack,RDD2020,Japan_0071
RDD2020_Japan_Japan_007158.jpg,train,alligator_crack,RDD2020,Japan_0071
RDD2020_Japan_Japan_007159.jpg,train,alligator_crack,RDD2020,Japan_0071
RDD2020_Japan_Japan_007160.jpg,train,both,RDD2020,Japan_0071
RDD2020_Japan_Japan_007162.jpg,train,pothole,RDD2020,Japan_0071
RDD2020_Japan_Japan_007163.jpg,train,alligator_crack,RDD2020,Japan_0071
RDD2020_Japan_Japan_007164.jpg,train,alligator_crack,RDD2020,Japan_0071
RDD2020_Japan_Japan_007166.jpg,train,alligator_crack,RDD2020,Japan_0071
RDD2020_Japan_Japan_007167.jpg,train,alligator_crack,RDD2020,Japan_0071
RDD2020_Japan_Japan_007168.jpg,train,alligator_crack,RDD2020,Japan_0071
RDD2020_Japan_Japan_007171.jpg,train,alligator_crack,RDD2020,Japan_0071
RDD2020_Japan_Japan_007173.jpg,train,pothole,RDD2020,Japan_0071
RDD2020_Japan_Japan_007176.jpg,train,alligator_crack,RDD2020,Japan_0071
RDD2020_Japan_Japan_007184.jpg,train,alligator_crack,RDD2020,Japan_0071
RDD2020_Japan_Japan_007186.jpg,train,alligator_crack,RDD2020,Japan_0071
RDD2020_Japan_Japan_007187.jpg,train,alligator_crack,RDD2020,Japan_0071
RDD2020_Japan_Japan_007191.jpg,train,alligator_crack,RDD2020,Japan_0071
RDD2020_Japan_Japan_007193.jpg,train,alligator_crack,RDD2020,Japan_0071
RDD2020_Japan_Japan_007194.jpg,train,alligator_crack,RDD2020,Japan_0071
RDD2020_Japan_Japan_007195.jpg,train,alligator_crack,RDD2020,Japan_0071
RDD2020_Japan_Japan_007196.jpg,train,pothole,RDD2020,Japan_0071
RDD2020_Czech_Czech_001107.jpg,train,pothole,RDD2020,Czech_0011
RDD2020_Czech_Czech_001114.jpg,train,pothole,RDD2020,Czech_0011
RDD2020_Czech_Czech_001120.jpg,train,alligator_crack,RDD2020,Czech_0011
RDD2020_Czech_Czech_001129.jpg,train,pothole,RDD2020,Czech_0011
RDD2020_Czech_Czech_001167.jpg,train,alligator_crack,RDD2020,Czech_0011
RDD2020_Czech_Czech_001176.jpg,train,alligator_crack,RDD2020,Czech_0011
RDD2020_Czech_Czech_001190.jpg,train,alligator_crack,RDD2020,Czech_0011
RDD2020_Czech_Czech_001025.jpg,train,pothole,RDD2020,Czech_0010
RDD2020_Czech_Czech_001041.jpg,train,alligator_crack,RDD2020,Czech_0010
RDD2020_Czech_Czech_001053.jpg,train,pothole,RDD2020,Czech_0010
RDD2020_Czech_Czech_001054.jpg,train,pothole,RDD2020,Czech_0010
RDD2020_Czech_Czech_001057.jpg,train,alligator_crack,RDD2020,Czech_0010
RDD2020_Czech_Czech_001090.jpg,train,pothole,RDD2020,Czech_0010
RDD2020_Czech_Czech_001099.jpg,train,alligator_crack,RDD2020,Czech_0010
RDD2020_Japan_Japan_002101.jpg,train,alligator_crack,RDD2020,Japan_0021
RDD2020_Japan_Japan_002104.jpg,train,alligator_crack,RDD2020,Japan_0021
RDD2020_Japan_Japan_002110.jpg,train,alligator_crack,RDD2020,Japan_0021
RDD2020_Japan_Japan_002115.jpg,train,alligator_crack,RDD2020,Japan_0021
RDD2020_Japan_Japan_002120.jpg,train,both,RDD2020,Japan_0021
RDD2020_Japan_Japan_002121.jpg,train,both,RDD2020,Japan_0021
RDD2020_Japan_Japan_002122.jpg,train,both,RDD2020,Japan_0021
RDD2020_Japan_Japan_002124.jpg,train,both,RDD2020,Japan_0021
RDD2020_Japan_Japan_002125.jpg,train,alligator_crack,RDD2020,Japan_0021
RDD2020_Japan_Japan_002133.jpg,train,both,RDD2020,Japan_0021
RDD2020_Japan_Japan_002134.jpg,train,alligator_crack,RDD2020,Japan_0021
RDD2020_Japan_Japan_002138.jpg,train,alligator_crack,RDD2020,Japan_0021
RDD2020_Japan_Japan_002142.jpg,train,alligator_crack,RDD2020,Japan_0021
RDD2020_Japan_Japan_002143.jpg,train,alligator_crack,RDD2020,Japan_0021
RDD2020_Japan_Japan_002146.jpg,train,alligator_crack,RDD2020,Japan_0021
RDD2020_Japan_Japan_002148.jpg,train,alligator_crack,RDD2020,Japan_0021
RDD2020_Japan_Japan_002151.jpg,train,alligator_crack,RDD2020,Japan_0021
RDD2020_Japan_Japan_002152.jpg,train,both,RDD2020,Japan_0021
RDD2020_Japan_Japan_002153.jpg,train,pothole,RDD2020,Japan_0021
RDD2020_Japan_Japan_002154.jpg,train,both,RDD2020,Japan_0021
RDD2020_Japan_Japan_002155.jpg,train,alligator_crack,RDD2020,Japan_0021
RDD2020_Japan_Japan_002163.jpg,train,alligator_crack,RDD2020,Japan_0021
RDD2020_Japan_Japan_002168.jpg,train,alligator_crack,RDD2020,Japan_0021
RDD2020_Japan_Japan_002169.jpg,train,alligator_crack,RDD2020,Japan_0021
RDD2020_Japan_Japan_002172.jpg,train,alligator_crack,RDD2020,Japan_0021
RDD2020_Japan_Japan_002179.jpg,train,alligator_crack,RDD2020,Japan_0021
RDD2020_Japan_Japan_002181.jpg,train,alligator_crack,RDD2020,Japan_0021
RDD2020_Japan_Japan_002182.jpg,train,alligator_crack,RDD2020,Japan_0021
RDD2020_Japan_Japan_002184.jpg,train,alligator_crack,RDD2020,Japan_0021
RDD2020_Japan_Japan_002188.jpg,train,pothole,RDD2020,Japan_0021
RDD2020_Japan_Japan_002189.jpg,train,alligator_crack,RDD2020,Japan_0021
RDD2020_Japan_Japan_002192.jpg,train,alligator_crack,RDD2020,Japan_0021
RDD2020_Japan_Japan_002197.jpg,train,alligator_crack,RDD2020,Japan_0021
RDD2020_India_India_000400.jpg,train,negative_background,RDD2020,India_0004
RDD2020_India_India_000402.jpg,train,pothole,RDD2020,India_0004
RDD2020_India_India_000403.jpg,train,alligator_crack,RDD2020,India_0004
RDD2020_India_India_000405.jpg,train,negative_background,RDD2020,India_0004
RDD2020_India_India_000406.jpg,train,negative_background,RDD2020,India_0004
RDD2020_India_India_000407.jpg,train,negative_background,RDD2020,India_0004
RDD2020_India_India_000408.jpg,train,negative_background,RDD2020,India_0004
RDD2020_India_India_000409.jpg,train,alligator_crack,RDD2020,India_0004
RDD2020_India_India_000410.jpg,train,negative_background,RDD2020,India_0004
RDD2020_India_India_000411.jpg,train,negative_background,RDD2020,India_0004
RDD2020_India_India_000412.jpg,train,alligator_crack,RDD2020,India_0004
RDD2020_India_India_000414.jpg,train,negative_background,RDD2020,India_0004
RDD2020_India_India_000415.jpg,train,negative_background,RDD2020,India_0004
RDD2020_India_India_000416.jpg,train,alligator_crack,RDD2020,India_0004
RDD2020_India_India_000417.jpg,train,negative_background,RDD2020,India_0004
RDD2020_India_India_000418.jpg,train,negative_background,RDD2020,India_0004
RDD2020_India_India_000420.jpg,train,negative_background,RDD2020,India_0004
RDD2020_India_India_000421.jpg,train,alligator_crack,RDD2020,India_0004
RDD2020_India_India_000423.jpg,train,negative_background,RDD2020,India_0004
RDD2020_India_India_000424.jpg,train,alligator_crack,RDD2020,India_0004
RDD2020_India_India_000425.jpg,train,negative_background,RDD2020,India_0004
RDD2020_India_India_000426.jpg,train,negative_background,RDD2020,India_0004
RDD2020_India_India_000427.jpg,train,alligator_crack,RDD2020,India_0004
RDD2020_India_India_000428.jpg,train,negative_background,RDD2020,India_0004
RDD2020_India_India_000429.jpg,train,negative_background,RDD2020,India_0004
RDD2020_India_India_000430.jpg,train,negative_background,RDD2020,India_0004
RDD2020_India_India_000431.jpg,train,pothole,RDD2020,India_0004
RDD2020_India_India_000432.jpg,train,alligator_crack,RDD2020,India_0004
RDD2020_India_India_000433.jpg,train,negative_background,RDD2020,India_0004
RDD2020_India_India_000434.jpg,train,negative_background,RDD2020,India_0004
RDD2020_India_India_000436.jpg,train,alligator_crack,RDD2020,India_0004
RDD2020_India_India_000437.jpg,train,negative_background,RDD2020,India_0004
RDD2020_India_India_000438.jpg,train,pothole,RDD2020,India_0004
RDD2020_India_India_000439.jpg,train,both,RDD2020,India_0004
RDD2020_India_India_000440.jpg,train,pothole,RDD2020,India_0004
RDD2020_India_India_000442.jpg,train,negative_background,RDD2020,India_0004
RDD2020_India_India_000444.jpg,train,negative_background,RDD2020,India_0004
RDD2020_India_India_000445.jpg,train,negative_background,RDD2020,India_0004
RDD2020_India_India_000446.jpg,train,negative_background,RDD2020,India_0004
RDD2020_India_India_000447.jpg,train,negative_background,RDD2020,India_0004
RDD2020_India_India_000448.jpg,train,pothole,RDD2020,India_0004
RDD2020_India_India_000449.jpg,train,negative_background,RDD2020,India_0004
RDD2020_India_India_000451.jpg,train,negative_background,RDD2020,India_0004
RDD2020_India_India_000452.jpg,train,negative_background,RDD2020,India_0004
RDD2020_India_India_000453.jpg,train,negative_background,RDD2020,India_0004
RDD2020_India_India_000454.jpg,train,negative_background,RDD2020,India_0004
RDD2020_India_India_000455.jpg,train,alligator_crack,RDD2020,India_0004
RDD2020_India_India_000456.jpg,train,pothole,RDD2020,India_0004
RDD2020_India_India_000457.jpg,train,negative_background,RDD2020,India_0004
RDD2020_India_India_000459.jpg,train,alligator_crack,RDD2020,India_0004
RDD2020_India_India_000461.jpg,train,negative_background,RDD2020,India_0004
RDD2020_India_India_000462.jpg,train,alligator_crack,RDD2020,India_0004
RDD2020_India_India_000465.jpg,train,negative_background,RDD2020,India_0004
RDD2020_India_India_000466.jpg,train,both,RDD2020,India_0004
RDD2020_India_India_000467.jpg,train,alligator_crack,RDD2020,India_0004
RDD2020_India_India_000470.jpg,train,pothole,RDD2020,India_0004
RDD2020_India_India_000471.jpg,train,alligator_crack,RDD2020,India_0004
RDD2020_India_India_000472.jpg,train,both,RDD2020,India_0004
RDD2020_India_India_000473.jpg,train,negative_background,RDD2020,India_0004
RDD2020_India_India_000474.jpg,train,negative_background,RDD2020,India_0004
RDD2020_India_India_000475.jpg,train,both,RDD2020,India_0004
RDD2020_India_India_000476.jpg,train,negative_background,RDD2020,India_0004
RDD2020_India_India_000477.jpg,train,negative_background,RDD2020,India_0004
RDD2020_India_India_000478.jpg,train,negative_background,RDD2020,India_0004
RDD2020_India_India_000480.jpg,train,alligator_crack,RDD2020,India_0004
RDD2020_India_India_000481.jpg,train,negative_background,RDD2020,India_0004
RDD2020_India_India_000482.jpg,train,negative_background,RDD2020,India_0004
RDD2020_India_India_000483.jpg,train,alligator_crack,RDD2020,India_0004
RDD2020_India_India_000484.jpg,train,negative_background,RDD2020,India_0004
RDD2020_India_India_000485.jpg,train,pothole,RDD2020,India_0004
RDD2020_India_India_000486.jpg,train,both,RDD2020,India_0004
RDD2020_India_India_000487.jpg,train,negative_background,RDD2020,India_0004
RDD2020_India_India_000488.jpg,train,negative_background,RDD2020,India_0004
RDD2020_India_India_000489.jpg,train,negative_background,RDD2020,India_0004
RDD2020_India_India_000492.jpg,train,negative_background,RDD2020,India_0004
RDD2020_India_India_000493.jpg,train,alligator_crack,RDD2020,India_0004
RDD2020_India_India_000494.jpg,train,negative_background,RDD2020,India_0004
RDD2020_India_India_000495.jpg,train,negative_background,RDD2020,India_0004
RDD2020_India_India_000496.jpg,train,negative_background,RDD2020,India_0004
RDD2020_India_India_000497.jpg,train,negative_background,RDD2020,India_0004
RDD2020_India_India_000498.jpg,train,alligator_crack,RDD2020,India_0004
RDD2020_India_India_000499.jpg,train,negative_background,RDD2020,India_0004
RDD2020_Japan_Japan_012401.jpg,train,alligator_crack,RDD2020,Japan_0124
RDD2020_Japan_Japan_012403.jpg,train,alligator_crack,RDD2020,Japan_0124
RDD2020_Japan_Japan_012404.jpg,train,both,RDD2020,Japan_0124
RDD2020_Japan_Japan_012406.jpg,train,alligator_crack,RDD2020,Japan_0124
RDD2020_Japan_Japan_012411.jpg,train,alligator_crack,RDD2020,Japan_0124
RDD2020_Japan_Japan_012415.jpg,train,alligator_crack,RDD2020,Japan_0124
RDD2020_Japan_Japan_012416.jpg,train,alligator_crack,RDD2020,Japan_0124
RDD2020_Japan_Japan_012420.jpg,train,alligator_crack,RDD2020,Japan_0124
RDD2020_Japan_Japan_012422.jpg,train,alligator_crack,RDD2020,Japan_0124
RDD2020_Japan_Japan_012425.jpg,train,alligator_crack,RDD2020,Japan_0124
RDD2020_Japan_Japan_012426.jpg,train,alligator_crack,RDD2020,Japan_0124
RDD2020_Japan_Japan_012427.jpg,train,alligator_crack,RDD2020,Japan_0124
RDD2020_Japan_Japan_012429.jpg,train,both,RDD2020,Japan_0124
RDD2020_Japan_Japan_012430.jpg,train,both,RDD2020,Japan_0124
RDD2020_Japan_Japan_012432.jpg,train,alligator_crack,RDD2020,Japan_0124
RDD2020_Japan_Japan_012436.jpg,train,alligator_crack,RDD2020,Japan_0124
RDD2020_Japan_Japan_012438.jpg,train,both,RDD2020,Japan_0124
RDD2020_Japan_Japan_012443.jpg,train,both,RDD2020,Japan_0124
RDD2020_Japan_Japan_012444.jpg,train,alligator_crack,RDD2020,Japan_0124
RDD2020_Japan_Japan_012446.jpg,train,both,RDD2020,Japan_0124
RDD2020_Japan_Japan_012448.jpg,train,alligator_crack,RDD2020,Japan_0124
RDD2020_Japan_Japan_012452.jpg,train,pothole,RDD2020,Japan_0124
RDD2020_Japan_Japan_012454.jpg,train,alligator_crack,RDD2020,Japan_0124
RDD2020_Japan_Japan_012456.jpg,train,alligator_crack,RDD2020,Japan_0124
RDD2020_Japan_Japan_012463.jpg,train,alligator_crack,RDD2020,Japan_0124
RDD2020_Japan_Japan_012464.jpg,train,alligator_crack,RDD2020,Japan_0124
RDD2020_Japan_Japan_012468.jpg,train,alligator_crack,RDD2020,Japan_0124
RDD2020_Japan_Japan_012471.jpg,train,alligator_crack,RDD2020,Japan_0124
RDD2020_Japan_Japan_012477.jpg,train,alligator_crack,RDD2020,Japan_0124
RDD2020_Japan_Japan_012481.jpg,train,alligator_crack,RDD2020,Japan_0124
RDD2020_Japan_Japan_012482.jpg,train,both,RDD2020,Japan_0124
RDD2020_Japan_Japan_012484.jpg,train,alligator_crack,RDD2020,Japan_0124
RDD2020_Japan_Japan_012485.jpg,train,alligator_crack,RDD2020,Japan_0124
RDD2020_Japan_Japan_012487.jpg,train,alligator_crack,RDD2020,Japan_0124
RDD2020_Japan_Japan_012489.jpg,train,alligator_crack,RDD2020,Japan_0124
RDD2020_Japan_Japan_012491.jpg,train,alligator_crack,RDD2020,Japan_0124
RDD2020_Japan_Japan_012493.jpg,train,alligator_crack,RDD2020,Japan_0124
RDD2020_Japan_Japan_012498.jpg,train,alligator_crack,RDD2020,Japan_0124
RDD2020_Czech_Czech_002804.jpg,train,alligator_crack,RDD2020,Czech_0028
RDD2020_Czech_Czech_002813.jpg,train,alligator_crack,RDD2020,Czech_0028
RDD2020_Czech_Czech_002819.jpg,train,pothole,RDD2020,Czech_0028
RDD2020_Czech_Czech_002824.jpg,train,alligator_crack,RDD2020,Czech_0028
RDD2020_Czech_Czech_002841.jpg,train,alligator_crack,RDD2020,Czech_0028
RDD2020_Czech_Czech_002842.jpg,train,pothole,RDD2020,Czech_0028
RDD2020_Czech_Czech_002866.jpg,train,pothole,RDD2020,Czech_0028
RDD2020_Czech_Czech_002867.jpg,train,alligator_crack,RDD2020,Czech_0028
RDD2020_Czech_Czech_002878.jpg,train,alligator_crack,RDD2020,Czech_0028
RDD2020_India_India_008400.jpg,train,both,RDD2020,India_0084
RDD2020_India_India_008407.jpg,train,alligator_crack,RDD2020,India_0084
RDD2020_India_India_008416.jpg,train,both,RDD2020,India_0084
RDD2020_India_India_008421.jpg,train,pothole,RDD2020,India_0084
RDD2020_India_India_008425.jpg,train,pothole,RDD2020,India_0084
RDD2020_India_India_008430.jpg,train,alligator_crack,RDD2020,India_0084
RDD2020_India_India_008436.jpg,train,pothole,RDD2020,India_0084
RDD2020_India_India_008440.jpg,train,both,RDD2020,India_0084
RDD2020_India_India_008446.jpg,train,pothole,RDD2020,India_0084
RDD2020_India_India_008458.jpg,train,pothole,RDD2020,India_0084
RDD2020_India_India_008465.jpg,train,both,RDD2020,India_0084
RDD2020_India_India_008466.jpg,train,alligator_crack,RDD2020,India_0084
RDD2020_India_India_008468.jpg,train,alligator_crack,RDD2020,India_0084
RDD2020_India_India_008471.jpg,train,both,RDD2020,India_0084
RDD2020_India_India_008475.jpg,train,pothole,RDD2020,India_0084
RDD2020_India_India_008479.jpg,train,pothole,RDD2020,India_0084
RDD2020_India_India_008480.jpg,train,alligator_crack,RDD2020,India_0084
RDD2020_India_India_008486.jpg,train,alligator_crack,RDD2020,India_0084
RDD2020_India_India_008492.jpg,train,pothole,RDD2020,India_0084
RDD2020_India_India_008494.jpg,train,alligator_crack,RDD2020,India_0084
RDD2020_India_India_008496.jpg,train,alligator_crack,RDD2020,India_0084
RDD2020_India_India_008499.jpg,train,pothole,RDD2020,India_0084
RDD2020_Japan_Japan_004900.jpg,train,alligator_crack,RDD2020,Japan_0049
RDD2020_Japan_Japan_004904.jpg,train,alligator_crack,RDD2020,Japan_0049
RDD2020_Japan_Japan_004905.jpg,train,both,RDD2020,Japan_0049
RDD2020_Japan_Japan_004907.jpg,train,alligator_crack,RDD2020,Japan_0049
RDD2020_Japan_Japan_004912.jpg,train,both,RDD2020,Japan_0049
RDD2020_Japan_Japan_004913.jpg,train,both,RDD2020,Japan_0049
RDD2020_Japan_Japan_004914.jpg,train,pothole,RDD2020,Japan_0049
RDD2020_Japan_Japan_004915.jpg,train,alligator_crack,RDD2020,Japan_0049
RDD2020_Japan_Japan_004917.jpg,train,alligator_crack,RDD2020,Japan_0049
RDD2020_Japan_Japan_004919.jpg,train,alligator_crack,RDD2020,Japan_0049
RDD2020_Japan_Japan_004920.jpg,train,alligator_crack,RDD2020,Japan_0049
RDD2020_Japan_Japan_004923.jpg,train,alligator_crack,RDD2020,Japan_0049
RDD2020_Japan_Japan_004924.jpg,train,alligator_crack,RDD2020,Japan_0049
RDD2020_Japan_Japan_004929.jpg,train,alligator_crack,RDD2020,Japan_0049
RDD2020_Japan_Japan_004930.jpg,train,both,RDD2020,Japan_0049
RDD2020_Japan_Japan_004938.jpg,train,alligator_crack,RDD2020,Japan_0049
RDD2020_Japan_Japan_004941.jpg,train,alligator_crack,RDD2020,Japan_0049
RDD2020_Japan_Japan_004945.jpg,train,alligator_crack,RDD2020,Japan_0049
RDD2020_Japan_Japan_004946.jpg,train,alligator_crack,RDD2020,Japan_0049
RDD2020_Japan_Japan_004953.jpg,train,alligator_crack,RDD2020,Japan_0049
RDD2020_Japan_Japan_004957.jpg,train,alligator_crack,RDD2020,Japan_0049
RDD2020_Japan_Japan_004958.jpg,train,pothole,RDD2020,Japan_0049
RDD2020_Japan_Japan_004964.jpg,train,alligator_crack,RDD2020,Japan_0049
RDD2020_Japan_Japan_004965.jpg,train,alligator_crack,RDD2020,Japan_0049
RDD2020_Japan_Japan_004967.jpg,train,alligator_crack,RDD2020,Japan_0049
RDD2020_Japan_Japan_004970.jpg,train,both,RDD2020,Japan_0049
RDD2020_Japan_Japan_004971.jpg,train,alligator_crack,RDD2020,Japan_0049
RDD2020_Japan_Japan_004977.jpg,train,alligator_crack,RDD2020,Japan_0049
RDD2020_Japan_Japan_004981.jpg,train,alligator_crack,RDD2020,Japan_0049
RDD2020_Japan_Japan_004982.jpg,train,alligator_crack,RDD2020,Japan_0049
RDD2020_Japan_Japan_004984.jpg,train,both,RDD2020,Japan_0049
RDD2020_Japan_Japan_004986.jpg,train,alligator_crack,RDD2020,Japan_0049
RDD2020_Japan_Japan_004988.jpg,train,pothole,RDD2020,Japan_0049
RDD2020_Japan_Japan_004994.jpg,train,pothole,RDD2020,Japan_0049
RDD2020_Japan_Japan_004995.jpg,train,alligator_crack,RDD2020,Japan_0049
RDD2020_Japan_Japan_004999.jpg,train,alligator_crack,RDD2020,Japan_0049
RDD2020_Czech_Czech_000904.jpg,train,pothole,RDD2020,Czech_0009
RDD2020_Czech_Czech_000920.jpg,train,pothole,RDD2020,Czech_0009
RDD2020_Czech_Czech_000926.jpg,train,alligator_crack,RDD2020,Czech_0009
RDD2020_Czech_Czech_000937.jpg,train,pothole,RDD2020,Czech_0009
RDD2020_Czech_Czech_000973.jpg,train,both,RDD2020,Czech_0009
RDD2020_Czech_Czech_000976.jpg,train,pothole,RDD2020,Czech_0009
RDD2020_Czech_Czech_000982.jpg,train,both,RDD2020,Czech_0009
Pothole600_testing_0000.png,train,pothole,Pothole600,pothole600_testing
Pothole600_testing_0001.png,train,pothole,Pothole600,pothole600_testing
Pothole600_testing_0002.png,train,pothole,Pothole600,pothole600_testing
Pothole600_testing_0003.png,train,pothole,Pothole600,pothole600_testing
Pothole600_testing_0004.png,train,pothole,Pothole600,pothole600_testing
Pothole600_testing_0005.png,train,pothole,Pothole600,pothole600_testing
Pothole600_testing_0006.png,train,pothole,Pothole600,pothole600_testing
Pothole600_testing_0007.png,train,pothole,Pothole600,pothole600_testing
Pothole600_testing_0008.png,train,pothole,Pothole600,pothole600_testing
Pothole600_testing_0009.png,train,pothole,Pothole600,pothole600_testing
Pothole600_testing_0010.png,train,pothole,Pothole600,pothole600_testing
Pothole600_testing_0011.png,train,pothole,Pothole600,pothole600_testing
Pothole600_testing_0012.png,train,pothole,Pothole600,pothole600_testing
Pothole600_testing_0013.png,train,pothole,Pothole600,pothole600_testing
Pothole600_testing_0014.png,train,pothole,Pothole600,pothole600_testing
Pothole600_testing_0015.png,train,pothole,Pothole600,pothole600_testing
Pothole600_testing_0016.png,train,pothole,Pothole600,pothole600_testing
Pothole600_testing_0017.png,train,pothole,Pothole600,pothole600_testing
Pothole600_testing_0018.png,train,pothole,Pothole600,pothole600_testing
Pothole600_testing_0019.png,train,pothole,Pothole600,pothole600_testing
Pothole600_testing_0020.png,train,pothole,Pothole600,pothole600_testing
Pothole600_testing_0021.png,train,pothole,Pothole600,pothole600_testing
Pothole600_testing_0022.png,train,pothole,Pothole600,pothole600_testing
Pothole600_testing_0023.png,train,pothole,Pothole600,pothole600_testing
Pothole600_testing_0024.png,train,pothole,Pothole600,pothole600_testing
Pothole600_testing_0025.png,train,pothole,Pothole600,pothole600_testing
Pothole600_testing_0026.png,train,pothole,Pothole600,pothole600_testing
Pothole600_testing_0027.png,train,pothole,Pothole600,pothole600_testing
Pothole600_testing_0028.png,train,pothole,Pothole600,pothole600_testing
Pothole600_testing_0029.png,train,pothole,Pothole600,pothole600_testing
Pothole600_testing_0030.png,train,pothole,Pothole600,pothole600_testing
Pothole600_testing_0031.png,train,pothole,Pothole600,pothole600_testing
Pothole600_testing_0032.png,train,pothole,Pothole600,pothole600_testing
Pothole600_testing_0033.png,train,pothole,Pothole600,pothole600_testing
Pothole600_testing_0034.png,train,pothole,Pothole600,pothole600_testing
Pothole600_testing_0035.png,train,pothole,Pothole600,pothole600_testing
Pothole600_testing_0037.png,train,pothole,Pothole600,pothole600_testing
Pothole600_testing_0038.png,train,pothole,Pothole600,pothole600_testing
Pothole600_testing_0040.png,train,pothole,Pothole600,pothole600_testing
Pothole600_testing_0041.png,train,pothole,Pothole600,pothole600_testing
Pothole600_testing_0042.png,train,pothole,Pothole600,pothole600_testing
Pothole600_testing_0043.png,train,pothole,Pothole600,pothole600_testing
Pothole600_testing_0045.png,train,pothole,Pothole600,pothole600_testing
Pothole600_testing_0046.png,train,pothole,Pothole600,pothole600_testing
Pothole600_testing_0048.png,train,pothole,Pothole600,pothole600_testing
Pothole600_testing_0049.png,train,pothole,Pothole600,pothole600_testing
Pothole600_testing_0050.png,train,pothole,Pothole600,pothole600_testing
Pothole600_testing_0051.png,train,pothole,Pothole600,pothole600_testing
Pothole600_testing_0052.png,train,pothole,Pothole600,pothole600_testing
Pothole600_testing_0053.png,train,pothole,Pothole600,pothole600_testing
Pothole600_testing_0054.png,train,pothole,Pothole600,pothole600_testing
Pothole600_testing_0055.png,train,pothole,Pothole600,pothole600_testing
Pothole600_testing_0062.png,train,pothole,Pothole600,pothole600_testing
Pothole600_testing_0063.png,train,pothole,Pothole600,pothole600_testing
Pothole600_testing_0064.png,train,pothole,Pothole600,pothole600_testing
Pothole600_testing_0065.png,train,pothole,Pothole600,pothole600_testing
Pothole600_testing_0066.png,train,pothole,Pothole600,pothole600_testing
Pothole600_testing_0067.png,train,pothole,Pothole600,pothole600_testing
Pothole600_testing_0068.png,train,pothole,Pothole600,pothole600_testing
Pothole600_testing_0069.png,train,pothole,Pothole600,pothole600_testing
Pothole600_testing_0070.png,train,pothole,Pothole600,pothole600_testing
Pothole600_testing_0071.png,train,pothole,Pothole600,pothole600_testing
Pothole600_testing_0072.png,train,pothole,Pothole600,pothole600_testing
Pothole600_testing_0073.png,train,pothole,Pothole600,pothole600_testing
Pothole600_testing_0074.png,train,pothole,Pothole600,pothole600_testing
Pothole600_testing_0075.png,train,pothole,Pothole600,pothole600_testing
Pothole600_testing_0076.png,train,pothole,Pothole600,pothole600_testing
Pothole600_testing_0077.png,train,pothole,Pothole600,pothole600_testing
Pothole600_testing_0078.png,train,pothole,Pothole600,pothole600_testing
Pothole600_testing_0079.png,train,pothole,Pothole600,pothole600_testing
Pothole600_testing_0080.png,train,pothole,Pothole600,pothole600_testing
Pothole600_testing_0081.png,train,pothole,Pothole600,pothole600_testing
Pothole600_testing_0082.png,train,pothole,Pothole600,pothole600_testing
Pothole600_testing_0083.png,train,pothole,Pothole600,pothole600_testing
Pothole600_testing_0084.png,train,pothole,Pothole600,pothole600_testing
Pothole600_testing_0085.png,train,pothole,Pothole600,pothole600_testing
Pothole600_testing_0086.png,train,pothole,Pothole600,pothole600_testing
Pothole600_testing_0087.png,train,pothole,Pothole600,pothole600_testing
Pothole600_testing_0088.png,train,pothole,Pothole600,pothole600_testing
Pothole600_testing_0089.png,train,pothole,Pothole600,pothole600_testing
Pothole600_testing_0090.png,train,pothole,Pothole600,pothole600_testing
Pothole600_testing_0091.png,train,pothole,Pothole600,pothole600_testing
Pothole600_testing_0092.png,train,pothole,Pothole600,pothole600_testing
Pothole600_testing_0093.png,train,pothole,Pothole600,pothole600_testing
Pothole600_testing_0094.png,train,pothole,Pothole600,pothole600_testing
Pothole600_testing_0095.png,train,pothole,Pothole600,pothole600_testing
Pothole600_testing_0096.png,train,pothole,Pothole600,pothole600_testing
Pothole600_testing_0097.png,train,pothole,Pothole600,pothole600_testing
Pothole600_testing_0098.png,train,pothole,Pothole600,pothole600_testing
Pothole600_testing_0099.png,train,pothole,Pothole600,pothole600_testing
Pothole600_testing_0100.png,train,pothole,Pothole600,pothole600_testing
Pothole600_testing_0101.png,train,pothole,Pothole600,pothole600_testing
Pothole600_testing_0102.png,train,pothole,Pothole600,pothole600_testing
Pothole600_testing_0103.png,train,pothole,Pothole600,pothole600_testing
Pothole600_testing_0104.png,train,pothole,Pothole600,pothole600_testing
Pothole600_testing_0105.png,train,pothole,Pothole600,pothole600_testing
Pothole600_testing_0106.png,train,pothole,Pothole600,pothole600_testing
Pothole600_testing_0107.png,train,pothole,Pothole600,pothole600_testing
Pothole600_testing_0108.png,train,pothole,Pothole600,pothole600_testing
Pothole600_testing_0109.png,train,pothole,Pothole600,pothole600_testing
Pothole600_testing_0110.png,train,pothole,Pothole600,pothole600_testing
Pothole600_testing_0111.png,train,pothole,Pothole600,pothole600_testing
Pothole600_testing_0112.png,train,pothole,Pothole600,pothole600_testing
Pothole600_testing_0113.png,train,pothole,Pothole600,pothole600_testing
Pothole600_testing_0114.png,train,pothole,Pothole600,pothole600_testing
Pothole600_testing_0115.png,train,pothole,Pothole600,pothole600_testing
Pothole600_testing_0116.png,train,pothole,Pothole600,pothole600_testing
Pothole600_testing_0117.png,train,pothole,Pothole600,pothole600_testing
Pothole600_testing_0118.png,train,pothole,Pothole600,pothole600_testing
Pothole600_testing_0119.png,train,pothole,Pothole600,pothole600_testing
Pothole600_testing_0120.png,train,pothole,Pothole600,pothole600_testing
Pothole600_testing_0121.png,train,pothole,Pothole600,pothole600_testing
Pothole600_testing_0122.png,train,pothole,Pothole600,pothole600_testing
Pothole600_testing_0123.png,train,pothole,Pothole600,pothole600_testing
Pothole600_testing_0124.png,train,pothole,Pothole600,pothole600_testing
Pothole600_testing_0125.png,train,pothole,Pothole600,pothole600_testing
Pothole600_testing_0126.png,train,pothole,Pothole600,pothole600_testing
Pothole600_testing_0127.png,train,pothole,Pothole600,pothole600_testing
Pothole600_testing_0128.png,train,pothole,Pothole600,pothole600_testing
Pothole600_testing_0129.png,train,pothole,Pothole600,pothole600_testing
Pothole600_testing_0130.png,train,pothole,Pothole600,pothole600_testing
Pothole600_testing_0131.png,train,pothole,Pothole600,pothole600_testing
Pothole600_testing_0132.png,train,pothole,Pothole600,pothole600_testing
Pothole600_testing_0133.png,train,pothole,Pothole600,pothole600_testing
Pothole600_testing_0134.png,train,pothole,Pothole600,pothole600_testing
Pothole600_testing_0135.png,train,pothole,Pothole600,pothole600_testing
Pothole600_testing_0136.png,train,pothole,Pothole600,pothole600_testing
Pothole600_testing_0137.png,train,pothole,Pothole600,pothole600_testing
Pothole600_testing_0138.png,train,pothole,Pothole600,pothole600_testing
Pothole600_testing_0139.png,train,pothole,Pothole600,pothole600_testing
Pothole600_testing_0140.png,train,pothole,Pothole600,pothole600_testing
Pothole600_testing_0141.png,train,pothole,Pothole600,pothole600_testing
Pothole600_testing_0142.png,train,pothole,Pothole600,pothole600_testing
Pothole600_testing_0143.png,train,pothole,Pothole600,pothole600_testing
Pothole600_testing_0144.png,train,pothole,Pothole600,pothole600_testing
Pothole600_testing_0145.png,train,pothole,Pothole600,pothole600_testing
Pothole600_testing_0146.png,train,pothole,Pothole600,pothole600_testing
Pothole600_testing_0147.png,train,pothole,Pothole600,pothole600_testing
Pothole600_testing_0148.png,train,pothole,Pothole600,pothole600_testing
Pothole600_testing_0149.png,train,pothole,Pothole600,pothole600_testing
Pothole600_testing_0150.png,train,pothole,Pothole600,pothole600_testing
Pothole600_testing_0151.png,train,pothole,Pothole600,pothole600_testing
Pothole600_testing_0152.png,train,pothole,Pothole600,pothole600_testing
Pothole600_testing_0153.png,train,pothole,Pothole600,pothole600_testing
Pothole600_testing_0154.png,train,pothole,Pothole600,pothole600_testing
Pothole600_testing_0155.png,train,pothole,Pothole600,pothole600_testing
Pothole600_testing_0156.png,train,pothole,Pothole600,pothole600_testing
Pothole600_testing_0157.png,train,pothole,Pothole600,pothole600_testing
Pothole600_testing_0158.png,train,pothole,Pothole600,pothole600_testing
Pothole600_testing_0159.png,train,pothole,Pothole600,pothole600_testing
Pothole600_testing_0160.png,train,pothole,Pothole600,pothole600_testing
Pothole600_testing_0161.png,train,pothole,Pothole600,pothole600_testing
Pothole600_testing_0162.png,train,pothole,Pothole600,pothole600_testing
Pothole600_testing_0163.png,train,pothole,Pothole600,pothole600_testing
Pothole600_testing_0164.png,train,pothole,Pothole600,pothole600_testing
Pothole600_testing_0165.png,train,pothole,Pothole600,pothole600_testing
Pothole600_testing_0166.png,train,pothole,Pothole600,pothole600_testing
Pothole600_testing_0167.png,train,pothole,Pothole600,pothole600_testing
Pothole600_testing_0168.png,train,pothole,Pothole600,pothole600_testing
Pothole600_testing_0169.png,train,pothole,Pothole600,pothole600_testing
Pothole600_testing_0170.png,train,pothole,Pothole600,pothole600_testing
Pothole600_testing_0171.png,train,pothole,Pothole600,pothole600_testing
Pothole600_testing_0172.png,train,pothole,Pothole600,pothole600_testing
Pothole600_testing_0173.png,train,pothole,Pothole600,pothole600_testing
Pothole600_testing_0174.png,train,pothole,Pothole600,pothole600_testing
Pothole600_testing_0175.png,train,pothole,Pothole600,pothole600_testing
Pothole600_testing_0176.png,train,pothole,Pothole600,pothole600_testing
Pothole600_testing_0177.png,train,pothole,Pothole600,pothole600_testing
Pothole600_testing_0178.png,train,pothole,Pothole600,pothole600_testing
Pothole600_testing_0179.png,train,pothole,Pothole600,pothole600_testing
RDD2020_Japan_Japan_005000.jpg,train,alligator_crack,RDD2020,Japan_0050
RDD2020_Japan_Japan_005002.jpg,train,alligator_crack,RDD2020,Japan_0050
RDD2020_Japan_Japan_005003.jpg,train,alligator_crack,RDD2020,Japan_0050
RDD2020_Japan_Japan_005006.jpg,train,alligator_crack,RDD2020,Japan_0050
RDD2020_Japan_Japan_005007.jpg,train,alligator_crack,RDD2020,Japan_0050
RDD2020_Japan_Japan_005008.jpg,train,alligator_crack,RDD2020,Japan_0050
RDD2020_Japan_Japan_005011.jpg,train,pothole,RDD2020,Japan_0050
RDD2020_Japan_Japan_005012.jpg,train,alligator_crack,RDD2020,Japan_0050
RDD2020_Japan_Japan_005013.jpg,train,both,RDD2020,Japan_0050
RDD2020_Japan_Japan_005014.jpg,train,alligator_crack,RDD2020,Japan_0050
RDD2020_Japan_Japan_005015.jpg,train,alligator_crack,RDD2020,Japan_0050
RDD2020_Japan_Japan_005021.jpg,train,alligator_crack,RDD2020,Japan_0050
RDD2020_Japan_Japan_005026.jpg,train,alligator_crack,RDD2020,Japan_0050
RDD2020_Japan_Japan_005028.jpg,train,both,RDD2020,Japan_0050
RDD2020_Japan_Japan_005029.jpg,train,alligator_crack,RDD2020,Japan_0050
RDD2020_Japan_Japan_005031.jpg,train,alligator_crack,RDD2020,Japan_0050
RDD2020_Japan_Japan_005034.jpg,train,both,RDD2020,Japan_0050
RDD2020_Japan_Japan_005036.jpg,train,alligator_crack,RDD2020,Japan_0050
RDD2020_Japan_Japan_005037.jpg,train,alligator_crack,RDD2020,Japan_0050
RDD2020_Japan_Japan_005040.jpg,train,alligator_crack,RDD2020,Japan_0050
RDD2020_Japan_Japan_005044.jpg,train,both,RDD2020,Japan_0050
RDD2020_Japan_Japan_005045.jpg,train,alligator_crack,RDD2020,Japan_0050
RDD2020_Japan_Japan_005047.jpg,train,both,RDD2020,Japan_0050
RDD2020_Japan_Japan_005049.jpg,train,alligator_crack,RDD2020,Japan_0050
RDD2020_Japan_Japan_005050.jpg,train,alligator_crack,RDD2020,Japan_0050
RDD2020_Japan_Japan_005051.jpg,train,alligator_crack,RDD2020,Japan_0050
RDD2020_Japan_Japan_005052.jpg,train,alligator_crack,RDD2020,Japan_0050
RDD2020_Japan_Japan_005054.jpg,train,pothole,RDD2020,Japan_0050
RDD2020_Japan_Japan_005057.jpg,train,alligator_crack,RDD2020,Japan_0050
RDD2020_Japan_Japan_005058.jpg,train,alligator_crack,RDD2020,Japan_0050
RDD2020_Japan_Japan_005062.jpg,train,both,RDD2020,Japan_0050
RDD2020_Japan_Japan_005064.jpg,train,alligator_crack,RDD2020,Japan_0050
RDD2020_Japan_Japan_005066.jpg,train,alligator_crack,RDD2020,Japan_0050
RDD2020_Japan_Japan_005070.jpg,train,alligator_crack,RDD2020,Japan_0050
RDD2020_Japan_Japan_005071.jpg,train,both,RDD2020,Japan_0050
RDD2020_Japan_Japan_005076.jpg,train,alligator_crack,RDD2020,Japan_0050
RDD2020_Japan_Japan_005077.jpg,train,alligator_crack,RDD2020,Japan_0050
RDD2020_Japan_Japan_005086.jpg,train,alligator_crack,RDD2020,Japan_0050
RDD2020_Japan_Japan_005088.jpg,train,both,RDD2020,Japan_0050
RDD2020_Japan_Japan_005096.jpg,train,alligator_crack,RDD2020,Japan_0050
RDD2020_Japan_Japan_005099.jpg,train,pothole,RDD2020,Japan_0050
RDD2020_Japan_Japan_003500.jpg,train,alligator_crack,RDD2020,Japan_0035
RDD2020_Japan_Japan_003502.jpg,train,alligator_crack,RDD2020,Japan_0035
RDD2020_Japan_Japan_003503.jpg,train,alligator_crack,RDD2020,Japan_0035
RDD2020_Japan_Japan_003510.jpg,train,alligator_crack,RDD2020,Japan_0035
RDD2020_Japan_Japan_003513.jpg,train,both,RDD2020,Japan_0035
RDD2020_Japan_Japan_003514.jpg,train,alligator_crack,RDD2020,Japan_0035
RDD2020_Japan_Japan_003515.jpg,train,alligator_crack,RDD2020,Japan_0035
RDD2020_Japan_Japan_003520.jpg,train,both,RDD2020,Japan_0035
RDD2020_Japan_Japan_003523.jpg,train,both,RDD2020,Japan_0035
RDD2020_Japan_Japan_003525.jpg,train,alligator_crack,RDD2020,Japan_0035
RDD2020_Japan_Japan_003529.jpg,train,alligator_crack,RDD2020,Japan_0035
RDD2020_Japan_Japan_003535.jpg,train,alligator_crack,RDD2020,Japan_0035
RDD2020_Japan_Japan_003536.jpg,train,alligator_crack,RDD2020,Japan_0035
RDD2020_Japan_Japan_003538.jpg,train,alligator_crack,RDD2020,Japan_0035
RDD2020_Japan_Japan_003539.jpg,train,alligator_crack,RDD2020,Japan_0035
RDD2020_Japan_Japan_003547.jpg,train,alligator_crack,RDD2020,Japan_0035
RDD2020_Japan_Japan_003548.jpg,train,pothole,RDD2020,Japan_0035
RDD2020_Japan_Japan_003552.jpg,train,alligator_crack,RDD2020,Japan_0035
RDD2020_Japan_Japan_003553.jpg,train,pothole,RDD2020,Japan_0035
RDD2020_Japan_Japan_003554.jpg,train,alligator_crack,RDD2020,Japan_0035
RDD2020_Japan_Japan_003568.jpg,train,pothole,RDD2020,Japan_0035
RDD2020_Japan_Japan_003570.jpg,train,pothole,RDD2020,Japan_0035
RDD2020_Japan_Japan_003572.jpg,train,alligator_crack,RDD2020,Japan_0035
RDD2020_Japan_Japan_003575.jpg,train,alligator_crack,RDD2020,Japan_0035
RDD2020_Japan_Japan_003580.jpg,train,alligator_crack,RDD2020,Japan_0035
RDD2020_Japan_Japan_003581.jpg,train,alligator_crack,RDD2020,Japan_0035
RDD2020_Japan_Japan_003582.jpg,train,alligator_crack,RDD2020,Japan_0035
RDD2020_Japan_Japan_003585.jpg,train,both,RDD2020,Japan_0035
RDD2020_Japan_Japan_003593.jpg,train,alligator_crack,RDD2020,Japan_0035
RDD2020_Japan_Japan_003594.jpg,train,both,RDD2020,Japan_0035
RDD2020_Japan_Japan_003595.jpg,train,alligator_crack,RDD2020,Japan_0035
RDD2020_Japan_Japan_003596.jpg,train,pothole,RDD2020,Japan_0035
RDD2020_India_India_005103.jpg,train,alligator_crack,RDD2020,India_0051
RDD2020_India_India_005104.jpg,train,alligator_crack,RDD2020,India_0051
RDD2020_India_India_005120.jpg,train,alligator_crack,RDD2020,India_0051
RDD2020_India_India_005121.jpg,train,alligator_crack,RDD2020,India_0051
RDD2020_India_India_005122.jpg,train,pothole,RDD2020,India_0051
RDD2020_India_India_005124.jpg,train,both,RDD2020,India_0051
RDD2020_India_India_005129.jpg,train,both,RDD2020,India_0051
RDD2020_India_India_005133.jpg,train,alligator_crack,RDD2020,India_0051
RDD2020_India_India_005135.jpg,train,pothole,RDD2020,India_0051
RDD2020_India_India_005138.jpg,train,both,RDD2020,India_0051
RDD2020_India_India_005141.jpg,train,alligator_crack,RDD2020,India_0051
RDD2020_India_India_005143.jpg,train,alligator_crack,RDD2020,India_0051
RDD2020_India_India_005150.jpg,train,pothole,RDD2020,India_0051
RDD2020_India_India_005151.jpg,train,alligator_crack,RDD2020,India_0051
RDD2020_India_India_005152.jpg,train,both,RDD2020,India_0051
RDD2020_India_India_005163.jpg,train,pothole,RDD2020,India_0051
RDD2020_India_India_005166.jpg,train,alligator_crack,RDD2020,India_0051
RDD2020_India_India_005176.jpg,train,alligator_crack,RDD2020,India_0051
RDD2020_India_India_005191.jpg,train,pothole,RDD2020,India_0051
RDD2020_India_India_005197.jpg,train,pothole,RDD2020,India_0051
RDD2020_Japan_Japan_013101.jpg,train,alligator_crack,RDD2020,Japan_0131
RDD2020_Japan_Japan_013102.jpg,train,alligator_crack,RDD2020,Japan_0131
RDD2020_Japan_Japan_013105.jpg,train,pothole,RDD2020,Japan_0131
RDD2020_Japan_Japan_013107.jpg,train,alligator_crack,RDD2020,Japan_0131
RDD2020_Japan_Japan_013109.jpg,train,pothole,RDD2020,Japan_0131
RDD2020_Japan_Japan_013110.jpg,train,alligator_crack,RDD2020,Japan_0131
RDD2020_Japan_Japan_013111.jpg,train,alligator_crack,RDD2020,Japan_0131
RDD2020_Japan_Japan_013112.jpg,train,both,RDD2020,Japan_0131
RDD2020_Japan_Japan_013114.jpg,train,alligator_crack,RDD2020,Japan_0131
RDD2020_Japan_Japan_013115.jpg,train,alligator_crack,RDD2020,Japan_0131
RDD2020_Japan_Japan_013116.jpg,train,both,RDD2020,Japan_0131
RDD2020_Japan_Japan_013122.jpg,train,alligator_crack,RDD2020,Japan_0131
RDD2020_Japan_Japan_013123.jpg,train,pothole,RDD2020,Japan_0131
RDD2020_Japan_Japan_013131.jpg,train,alligator_crack,RDD2020,Japan_0131
RDD2020_Japan_Japan_013132.jpg,train,alligator_crack,RDD2020,Japan_0131
RDD2020_Japan_Japan_000000.jpg,train,both,RDD2020,Japan_0000
RDD2020_Japan_Japan_000001.jpg,train,negative_background,RDD2020,Japan_0000
RDD2020_Japan_Japan_000002.jpg,train,negative_background,RDD2020,Japan_0000
RDD2020_Japan_Japan_000003.jpg,train,alligator_crack,RDD2020,Japan_0000
RDD2020_Japan_Japan_000004.jpg,train,alligator_crack,RDD2020,Japan_0000
RDD2020_Japan_Japan_000005.jpg,train,negative_background,RDD2020,Japan_0000
RDD2020_Japan_Japan_000006.jpg,train,alligator_crack,RDD2020,Japan_0000
RDD2020_Japan_Japan_000008.jpg,train,negative_background,RDD2020,Japan_0000
RDD2020_Japan_Japan_000009.jpg,train,alligator_crack,RDD2020,Japan_0000
RDD2020_Japan_Japan_000010.jpg,train,negative_background,RDD2020,Japan_0000
RDD2020_Japan_Japan_000011.jpg,train,alligator_crack,RDD2020,Japan_0000
RDD2020_Japan_Japan_000012.jpg,train,alligator_crack,RDD2020,Japan_0000
RDD2020_Japan_Japan_000013.jpg,train,both,RDD2020,Japan_0000
RDD2020_Japan_Japan_000014.jpg,train,negative_background,RDD2020,Japan_0000
RDD2020_Japan_Japan_000015.jpg,train,alligator_crack,RDD2020,Japan_0000
RDD2020_Japan_Japan_000017.jpg,train,both,RDD2020,Japan_0000
RDD2020_Japan_Japan_000018.jpg,train,negative_background,RDD2020,Japan_0000
RDD2020_Japan_Japan_000019.jpg,train,alligator_crack,RDD2020,Japan_0000
RDD2020_Japan_Japan_000020.jpg,train,alligator_crack,RDD2020,Japan_0000
RDD2020_Japan_Japan_000022.jpg,train,negative_background,RDD2020,Japan_0000
RDD2020_Japan_Japan_000023.jpg,train,pothole,RDD2020,Japan_0000
RDD2020_Japan_Japan_000024.jpg,train,alligator_crack,RDD2020,Japan_0000
RDD2020_Japan_Japan_000025.jpg,train,alligator_crack,RDD2020,Japan_0000
RDD2020_Japan_Japan_000026.jpg,train,negative_background,RDD2020,Japan_0000
RDD2020_Japan_Japan_000027.jpg,train,negative_background,RDD2020,Japan_0000
RDD2020_Japan_Japan_000028.jpg,train,negative_background,RDD2020,Japan_0000
RDD2020_Japan_Japan_000029.jpg,train,negative_background,RDD2020,Japan_0000
RDD2020_Japan_Japan_000030.jpg,train,negative_background,RDD2020,Japan_0000
RDD2020_Japan_Japan_000031.jpg,train,alligator_crack,RDD2020,Japan_0000
RDD2020_Japan_Japan_000032.jpg,train,alligator_crack,RDD2020,Japan_0000
RDD2020_Japan_Japan_000033.jpg,train,negative_background,RDD2020,Japan_0000
RDD2020_Japan_Japan_000034.jpg,train,alligator_crack,RDD2020,Japan_0000
RDD2020_Japan_Japan_000035.jpg,train,negative_background,RDD2020,Japan_0000
RDD2020_Japan_Japan_000036.jpg,train,alligator_crack,RDD2020,Japan_0000
RDD2020_Japan_Japan_000037.jpg,train,alligator_crack,RDD2020,Japan_0000
RDD2020_Japan_Japan_000038.jpg,train,negative_background,RDD2020,Japan_0000
RDD2020_Japan_Japan_000040.jpg,train,pothole,RDD2020,Japan_0000
RDD2020_Japan_Japan_000041.jpg,train,alligator_crack,RDD2020,Japan_0000
RDD2020_Japan_Japan_000042.jpg,train,alligator_crack,RDD2020,Japan_0000
RDD2020_Japan_Japan_000043.jpg,train,alligator_crack,RDD2020,Japan_0000
RDD2020_Japan_Japan_000044.jpg,train,alligator_crack,RDD2020,Japan_0000
RDD2020_Japan_Japan_000045.jpg,train,negative_background,RDD2020,Japan_0000
RDD2020_Japan_Japan_000046.jpg,train,negative_background,RDD2020,Japan_0000
RDD2020_Japan_Japan_000049.jpg,train,alligator_crack,RDD2020,Japan_0000
RDD2020_Japan_Japan_000050.jpg,train,alligator_crack,RDD2020,Japan_0000
RDD2020_Japan_Japan_000051.jpg,train,negative_background,RDD2020,Japan_0000
RDD2020_Japan_Japan_000053.jpg,train,alligator_crack,RDD2020,Japan_0000
RDD2020_Japan_Japan_000056.jpg,train,negative_background,RDD2020,Japan_0000
RDD2020_Japan_Japan_000058.jpg,train,alligator_crack,RDD2020,Japan_0000
RDD2020_Japan_Japan_000059.jpg,train,negative_background,RDD2020,Japan_0000
RDD2020_Japan_Japan_000062.jpg,train,pothole,RDD2020,Japan_0000
RDD2020_Japan_Japan_000063.jpg,train,negative_background,RDD2020,Japan_0000
RDD2020_Japan_Japan_000064.jpg,train,both,RDD2020,Japan_0000
RDD2020_Japan_Japan_000065.jpg,train,negative_background,RDD2020,Japan_0000
RDD2020_Japan_Japan_000066.jpg,train,negative_background,RDD2020,Japan_0000
RDD2020_Japan_Japan_000067.jpg,train,alligator_crack,RDD2020,Japan_0000
RDD2020_Japan_Japan_000068.jpg,train,pothole,RDD2020,Japan_0000
RDD2020_Japan_Japan_000069.jpg,train,alligator_crack,RDD2020,Japan_0000
RDD2020_Japan_Japan_000070.jpg,train,negative_background,RDD2020,Japan_0000
RDD2020_Japan_Japan_000071.jpg,train,alligator_crack,RDD2020,Japan_0000
RDD2020_Japan_Japan_000072.jpg,train,negative_background,RDD2020,Japan_0000
RDD2020_Japan_Japan_000073.jpg,train,pothole,RDD2020,Japan_0000
RDD2020_Japan_Japan_000074.jpg,train,both,RDD2020,Japan_0000
RDD2020_Japan_Japan_000075.jpg,train,negative_background,RDD2020,Japan_0000
RDD2020_Japan_Japan_000076.jpg,train,negative_background,RDD2020,Japan_0000
RDD2020_Japan_Japan_000077.jpg,train,negative_background,RDD2020,Japan_0000
RDD2020_Japan_Japan_000079.jpg,train,negative_background,RDD2020,Japan_0000
RDD2020_Japan_Japan_000080.jpg,train,alligator_crack,RDD2020,Japan_0000
RDD2020_Japan_Japan_000081.jpg,train,both,RDD2020,Japan_0000
RDD2020_Japan_Japan_000082.jpg,train,negative_background,RDD2020,Japan_0000
RDD2020_Japan_Japan_000084.jpg,train,negative_background,RDD2020,Japan_0000
RDD2020_Japan_Japan_000085.jpg,train,both,RDD2020,Japan_0000
RDD2020_Japan_Japan_000086.jpg,train,negative_background,RDD2020,Japan_0000
RDD2020_Japan_Japan_000087.jpg,train,both,RDD2020,Japan_0000
RDD2020_Japan_Japan_000088.jpg,train,alligator_crack,RDD2020,Japan_0000
RDD2020_Japan_Japan_000089.jpg,train,alligator_crack,RDD2020,Japan_0000
RDD2020_Japan_Japan_000090.jpg,train,pothole,RDD2020,Japan_0000
RDD2020_Japan_Japan_000091.jpg,train,negative_background,RDD2020,Japan_0000
RDD2020_Japan_Japan_000092.jpg,train,negative_background,RDD2020,Japan_0000
RDD2020_Japan_Japan_000093.jpg,train,alligator_crack,RDD2020,Japan_0000
RDD2020_Japan_Japan_000095.jpg,train,negative_background,RDD2020,Japan_0000
RDD2020_Japan_Japan_000096.jpg,train,negative_background,RDD2020,Japan_0000
RDD2020_Japan_Japan_000097.jpg,train,alligator_crack,RDD2020,Japan_0000
RDD2020_Japan_Japan_000098.jpg,train,negative_background,RDD2020,Japan_0000
RDD2020_Japan_Japan_000099.jpg,train,negative_background,RDD2020,Japan_0000
RDD2020_India_India_002700.jpg,train,alligator_crack,RDD2020,India_0027
RDD2020_India_India_002702.jpg,train,both,RDD2020,India_0027
RDD2020_India_India_002708.jpg,train,pothole,RDD2020,India_0027
RDD2020_India_India_002713.jpg,train,both,RDD2020,India_0027
RDD2020_India_India_002714.jpg,train,both,RDD2020,India_0027
RDD2020_India_India_002717.jpg,train,alligator_crack,RDD2020,India_0027
RDD2020_India_India_002729.jpg,train,alligator_crack,RDD2020,India_0027
RDD2020_India_India_002730.jpg,train,alligator_crack,RDD2020,India_0027
RDD2020_India_India_002735.jpg,train,pothole,RDD2020,India_0027
RDD2020_India_India_002745.jpg,train,both,RDD2020,India_0027
RDD2020_India_India_002749.jpg,train,alligator_crack,RDD2020,India_0027
RDD2020_India_India_002757.jpg,train,pothole,RDD2020,India_0027
RDD2020_India_India_002759.jpg,train,pothole,RDD2020,India_0027
RDD2020_India_India_002771.jpg,train,pothole,RDD2020,India_0027
RDD2020_India_India_002772.jpg,train,pothole,RDD2020,India_0027
RDD2020_India_India_002775.jpg,train,pothole,RDD2020,India_0027
RDD2020_India_India_002777.jpg,train,both,RDD2020,India_0027
RDD2020_India_India_002784.jpg,train,both,RDD2020,India_0027
RDD2020_India_India_002787.jpg,train,alligator_crack,RDD2020,India_0027
RDD2020_India_India_002790.jpg,train,pothole,RDD2020,India_0027
RDD2020_India_India_002793.jpg,train,both,RDD2020,India_0027
RDD2020_India_India_002795.jpg,train,both,RDD2020,India_0027
RDD2020_Japan_Japan_005803.jpg,train,alligator_crack,RDD2020,Japan_0058
RDD2020_Japan_Japan_005804.jpg,train,both,RDD2020,Japan_0058
RDD2020_Japan_Japan_005806.jpg,train,alligator_crack,RDD2020,Japan_0058
RDD2020_Japan_Japan_005807.jpg,train,alligator_crack,RDD2020,Japan_0058
RDD2020_Japan_Japan_005810.jpg,train,alligator_crack,RDD2020,Japan_0058
RDD2020_Japan_Japan_005813.jpg,train,alligator_crack,RDD2020,Japan_0058
RDD2020_Japan_Japan_005814.jpg,train,pothole,RDD2020,Japan_0058
RDD2020_Japan_Japan_005815.jpg,train,both,RDD2020,Japan_0058
RDD2020_Japan_Japan_005817.jpg,train,alligator_crack,RDD2020,Japan_0058
RDD2020_Japan_Japan_005818.jpg,train,alligator_crack,RDD2020,Japan_0058
RDD2020_Japan_Japan_005819.jpg,train,alligator_crack,RDD2020,Japan_0058
RDD2020_Japan_Japan_005823.jpg,train,alligator_crack,RDD2020,Japan_0058
RDD2020_Japan_Japan_005824.jpg,train,both,RDD2020,Japan_0058
RDD2020_Japan_Japan_005825.jpg,train,alligator_crack,RDD2020,Japan_0058
RDD2020_Japan_Japan_005827.jpg,train,alligator_crack,RDD2020,Japan_0058
RDD2020_Japan_Japan_005828.jpg,train,both,RDD2020,Japan_0058
RDD2020_Japan_Japan_005836.jpg,train,alligator_crack,RDD2020,Japan_0058
RDD2020_Japan_Japan_005837.jpg,train,alligator_crack,RDD2020,Japan_0058
RDD2020_Japan_Japan_005838.jpg,train,pothole,RDD2020,Japan_0058
RDD2020_Japan_Japan_005839.jpg,train,alligator_crack,RDD2020,Japan_0058
RDD2020_Japan_Japan_005841.jpg,train,alligator_crack,RDD2020,Japan_0058
RDD2020_Japan_Japan_005842.jpg,train,alligator_crack,RDD2020,Japan_0058
RDD2020_Japan_Japan_005844.jpg,train,alligator_crack,RDD2020,Japan_0058
RDD2020_Japan_Japan_005846.jpg,train,alligator_crack,RDD2020,Japan_0058
RDD2020_Japan_Japan_005855.jpg,train,alligator_crack,RDD2020,Japan_0058
RDD2020_Japan_Japan_005857.jpg,train,both,RDD2020,Japan_0058
RDD2020_Japan_Japan_005859.jpg,train,alligator_crack,RDD2020,Japan_0058
RDD2020_Japan_Japan_005861.jpg,train,alligator_crack,RDD2020,Japan_0058
RDD2020_Japan_Japan_005862.jpg,train,alligator_crack,RDD2020,Japan_0058
RDD2020_Japan_Japan_005866.jpg,train,alligator_crack,RDD2020,Japan_0058
RDD2020_Japan_Japan_005869.jpg,train,pothole,RDD2020,Japan_0058
RDD2020_Japan_Japan_005870.jpg,train,alligator_crack,RDD2020,Japan_0058
RDD2020_Japan_Japan_005871.jpg,train,both,RDD2020,Japan_0058
RDD2020_Japan_Japan_005875.jpg,train,alligator_crack,RDD2020,Japan_0058
RDD2020_Japan_Japan_005876.jpg,train,both,RDD2020,Japan_0058
RDD2020_Japan_Japan_005879.jpg,train,alligator_crack,RDD2020,Japan_0058
RDD2020_Japan_Japan_005887.jpg,train,pothole,RDD2020,Japan_0058
RDD2020_Japan_Japan_005888.jpg,train,alligator_crack,RDD2020,Japan_0058
RDD2020_Japan_Japan_005889.jpg,train,alligator_crack,RDD2020,Japan_0058
RDD2020_Japan_Japan_005891.jpg,train,alligator_crack,RDD2020,Japan_0058
RDD2020_Japan_Japan_005892.jpg,train,alligator_crack,RDD2020,Japan_0058
RDD2020_Japan_Japan_009000.jpg,train,alligator_crack,RDD2020,Japan_0090
RDD2020_Japan_Japan_009001.jpg,train,alligator_crack,RDD2020,Japan_0090
RDD2020_Japan_Japan_009004.jpg,train,alligator_crack,RDD2020,Japan_0090
RDD2020_Japan_Japan_009005.jpg,train,alligator_crack,RDD2020,Japan_0090
RDD2020_Japan_Japan_009014.jpg,train,alligator_crack,RDD2020,Japan_0090
RDD2020_Japan_Japan_009016.jpg,train,alligator_crack,RDD2020,Japan_0090
RDD2020_Japan_Japan_009020.jpg,train,alligator_crack,RDD2020,Japan_0090
RDD2020_Japan_Japan_009021.jpg,train,alligator_crack,RDD2020,Japan_0090
RDD2020_Japan_Japan_009023.jpg,train,alligator_crack,RDD2020,Japan_0090
RDD2020_Japan_Japan_009025.jpg,train,alligator_crack,RDD2020,Japan_0090
RDD2020_Japan_Japan_009026.jpg,train,alligator_crack,RDD2020,Japan_0090
RDD2020_Japan_Japan_009029.jpg,train,alligator_crack,RDD2020,Japan_0090
RDD2020_Japan_Japan_009030.jpg,train,alligator_crack,RDD2020,Japan_0090
RDD2020_Japan_Japan_009031.jpg,train,alligator_crack,RDD2020,Japan_0090
RDD2020_Japan_Japan_009032.jpg,train,alligator_crack,RDD2020,Japan_0090
RDD2020_Japan_Japan_009033.jpg,train,pothole,RDD2020,Japan_0090
RDD2020_Japan_Japan_009038.jpg,train,alligator_crack,RDD2020,Japan_0090
RDD2020_Japan_Japan_009041.jpg,train,alligator_crack,RDD2020,Japan_0090
RDD2020_Japan_Japan_009044.jpg,train,alligator_crack,RDD2020,Japan_0090
RDD2020_Japan_Japan_009048.jpg,train,alligator_crack,RDD2020,Japan_0090
RDD2020_Japan_Japan_009049.jpg,train,pothole,RDD2020,Japan_0090
RDD2020_Japan_Japan_009050.jpg,train,alligator_crack,RDD2020,Japan_0090
RDD2020_Japan_Japan_009053.jpg,train,alligator_crack,RDD2020,Japan_0090
RDD2020_Japan_Japan_009054.jpg,train,both,RDD2020,Japan_0090
RDD2020_Japan_Japan_009057.jpg,train,alligator_crack,RDD2020,Japan_0090
RDD2020_Japan_Japan_009059.jpg,train,alligator_crack,RDD2020,Japan_0090
RDD2020_Japan_Japan_009061.jpg,train,alligator_crack,RDD2020,Japan_0090
RDD2020_Japan_Japan_009063.jpg,train,alligator_crack,RDD2020,Japan_0090
RDD2020_Japan_Japan_009068.jpg,train,alligator_crack,RDD2020,Japan_0090
RDD2020_Japan_Japan_009070.jpg,train,alligator_crack,RDD2020,Japan_0090
RDD2020_Japan_Japan_009072.jpg,train,pothole,RDD2020,Japan_0090
RDD2020_Japan_Japan_009073.jpg,train,alligator_crack,RDD2020,Japan_0090
RDD2020_Japan_Japan_009076.jpg,train,alligator_crack,RDD2020,Japan_0090
RDD2020_Japan_Japan_009085.jpg,train,both,RDD2020,Japan_0090
RDD2020_Japan_Japan_009087.jpg,train,alligator_crack,RDD2020,Japan_0090
RDD2020_Japan_Japan_009088.jpg,train,alligator_crack,RDD2020,Japan_0090
RDD2020_Japan_Japan_009089.jpg,train,alligator_crack,RDD2020,Japan_0090
RDD2020_Japan_Japan_009091.jpg,train,alligator_crack,RDD2020,Japan_0090
RDD2020_Japan_Japan_009092.jpg,train,both,RDD2020,Japan_0090
RDD2020_Japan_Japan_009094.jpg,train,both,RDD2020,Japan_0090
RDD2020_Japan_Japan_009095.jpg,train,alligator_crack,RDD2020,Japan_0090
RDD2020_Japan_Japan_009097.jpg,train,alligator_crack,RDD2020,Japan_0090
RDD2020_Japan_Japan_001100.jpg,train,negative_background,RDD2020,Japan_0011
RDD2020_Japan_Japan_001101.jpg,train,negative_background,RDD2020,Japan_0011
RDD2020_Japan_Japan_001103.jpg,train,alligator_crack,RDD2020,Japan_0011
RDD2020_Japan_Japan_001104.jpg,train,negative_background,RDD2020,Japan_0011
RDD2020_Japan_Japan_001105.jpg,train,alligator_crack,RDD2020,Japan_0011
RDD2020_Japan_Japan_001106.jpg,train,negative_background,RDD2020,Japan_0011
RDD2020_Japan_Japan_001107.jpg,train,alligator_crack,RDD2020,Japan_0011
RDD2020_Japan_Japan_001108.jpg,train,pothole,RDD2020,Japan_0011
RDD2020_Japan_Japan_001109.jpg,train,both,RDD2020,Japan_0011
RDD2020_Japan_Japan_001110.jpg,train,negative_background,RDD2020,Japan_0011
RDD2020_Japan_Japan_001111.jpg,train,alligator_crack,RDD2020,Japan_0011
RDD2020_Japan_Japan_001112.jpg,train,alligator_crack,RDD2020,Japan_0011
RDD2020_Japan_Japan_001113.jpg,train,negative_background,RDD2020,Japan_0011
RDD2020_Japan_Japan_001114.jpg,train,negative_background,RDD2020,Japan_0011
RDD2020_Japan_Japan_001115.jpg,train,alligator_crack,RDD2020,Japan_0011
RDD2020_Japan_Japan_001116.jpg,train,alligator_crack,RDD2020,Japan_0011
RDD2020_Japan_Japan_001117.jpg,train,pothole,RDD2020,Japan_0011
RDD2020_Japan_Japan_001118.jpg,train,alligator_crack,RDD2020,Japan_0011
RDD2020_Japan_Japan_001119.jpg,train,alligator_crack,RDD2020,Japan_0011
RDD2020_Japan_Japan_001120.jpg,train,negative_background,RDD2020,Japan_0011
RDD2020_Japan_Japan_001122.jpg,train,alligator_crack,RDD2020,Japan_0011
RDD2020_Japan_Japan_001123.jpg,train,negative_background,RDD2020,Japan_0011
RDD2020_Japan_Japan_001127.jpg,train,negative_background,RDD2020,Japan_0011
RDD2020_Japan_Japan_001129.jpg,train,negative_background,RDD2020,Japan_0011
RDD2020_Japan_Japan_001130.jpg,train,alligator_crack,RDD2020,Japan_0011
RDD2020_Japan_Japan_001131.jpg,train,pothole,RDD2020,Japan_0011
RDD2020_Japan_Japan_001133.jpg,train,alligator_crack,RDD2020,Japan_0011
RDD2020_Japan_Japan_001134.jpg,train,alligator_crack,RDD2020,Japan_0011
RDD2020_Japan_Japan_001135.jpg,train,negative_background,RDD2020,Japan_0011
RDD2020_Japan_Japan_001137.jpg,train,alligator_crack,RDD2020,Japan_0011
RDD2020_Japan_Japan_001138.jpg,train,alligator_crack,RDD2020,Japan_0011
RDD2020_Japan_Japan_001139.jpg,train,alligator_crack,RDD2020,Japan_0011
RDD2020_Japan_Japan_001140.jpg,train,negative_background,RDD2020,Japan_0011
RDD2020_Japan_Japan_001141.jpg,train,negative_background,RDD2020,Japan_0011
RDD2020_Japan_Japan_001142.jpg,train,negative_background,RDD2020,Japan_0011
RDD2020_Japan_Japan_001143.jpg,train,negative_background,RDD2020,Japan_0011
RDD2020_Japan_Japan_001144.jpg,train,negative_background,RDD2020,Japan_0011
RDD2020_Japan_Japan_001145.jpg,train,negative_background,RDD2020,Japan_0011
RDD2020_Japan_Japan_001146.jpg,train,negative_background,RDD2020,Japan_0011
RDD2020_Japan_Japan_001148.jpg,train,alligator_crack,RDD2020,Japan_0011
RDD2020_Japan_Japan_001149.jpg,train,negative_background,RDD2020,Japan_0011
RDD2020_Japan_Japan_001150.jpg,train,both,RDD2020,Japan_0011
RDD2020_Japan_Japan_001151.jpg,train,negative_background,RDD2020,Japan_0011
RDD2020_Japan_Japan_001153.jpg,train,negative_background,RDD2020,Japan_0011
RDD2020_Japan_Japan_001154.jpg,train,both,RDD2020,Japan_0011
RDD2020_Japan_Japan_001156.jpg,train,alligator_crack,RDD2020,Japan_0011
RDD2020_Japan_Japan_001157.jpg,train,alligator_crack,RDD2020,Japan_0011
RDD2020_Japan_Japan_001159.jpg,train,alligator_crack,RDD2020,Japan_0011
RDD2020_Japan_Japan_001160.jpg,train,negative_background,RDD2020,Japan_0011
RDD2020_Japan_Japan_001161.jpg,train,negative_background,RDD2020,Japan_0011
RDD2020_Japan_Japan_001164.jpg,train,negative_background,RDD2020,Japan_0011
RDD2020_Japan_Japan_001165.jpg,train,negative_background,RDD2020,Japan_0011
RDD2020_Japan_Japan_001166.jpg,train,pothole,RDD2020,Japan_0011
RDD2020_Japan_Japan_001168.jpg,train,negative_background,RDD2020,Japan_0011
RDD2020_Japan_Japan_001169.jpg,train,alligator_crack,RDD2020,Japan_0011
RDD2020_Japan_Japan_001171.jpg,train,alligator_crack,RDD2020,Japan_0011
RDD2020_Japan_Japan_001172.jpg,train,negative_background,RDD2020,Japan_0011
RDD2020_Japan_Japan_001173.jpg,train,both,RDD2020,Japan_0011
RDD2020_Japan_Japan_001174.jpg,train,alligator_crack,RDD2020,Japan_0011
RDD2020_Japan_Japan_001175.jpg,train,both,RDD2020,Japan_0011
RDD2020_Japan_Japan_001176.jpg,train,alligator_crack,RDD2020,Japan_0011
RDD2020_Japan_Japan_001177.jpg,train,negative_background,RDD2020,Japan_0011
RDD2020_Japan_Japan_001178.jpg,train,alligator_crack,RDD2020,Japan_0011
RDD2020_Japan_Japan_001180.jpg,train,both,RDD2020,Japan_0011
RDD2020_Japan_Japan_001182.jpg,train,alligator_crack,RDD2020,Japan_0011
RDD2020_Japan_Japan_001183.jpg,train,alligator_crack,RDD2020,Japan_0011
RDD2020_Japan_Japan_001184.jpg,train,negative_background,RDD2020,Japan_0011
RDD2020_Japan_Japan_001185.jpg,train,alligator_crack,RDD2020,Japan_0011
RDD2020_Japan_Japan_001187.jpg,train,negative_background,RDD2020,Japan_0011
RDD2020_Japan_Japan_001188.jpg,train,alligator_crack,RDD2020,Japan_0011
RDD2020_Japan_Japan_001189.jpg,train,alligator_crack,RDD2020,Japan_0011
RDD2020_Japan_Japan_001190.jpg,train,alligator_crack,RDD2020,Japan_0011
RDD2020_Japan_Japan_001191.jpg,train,pothole,RDD2020,Japan_0011
RDD2020_Japan_Japan_001192.jpg,train,negative_background,RDD2020,Japan_0011
RDD2020_Japan_Japan_001193.jpg,train,negative_background,RDD2020,Japan_0011
RDD2020_Japan_Japan_001194.jpg,train,negative_background,RDD2020,Japan_0011
RDD2020_Japan_Japan_001195.jpg,train,alligator_crack,RDD2020,Japan_0011
RDD2020_Japan_Japan_001196.jpg,train,alligator_crack,RDD2020,Japan_0011
RDD2020_Japan_Japan_001197.jpg,train,alligator_crack,RDD2020,Japan_0011
RDD2020_Japan_Japan_001199.jpg,train,alligator_crack,RDD2020,Japan_0011
RDD2020_India_India_002100.jpg,train,alligator_crack,RDD2020,India_0021
RDD2020_India_India_002101.jpg,train,alligator_crack,RDD2020,India_0021
RDD2020_India_India_002105.jpg,train,alligator_crack,RDD2020,India_0021
RDD2020_India_India_002106.jpg,train,both,RDD2020,India_0021
RDD2020_India_India_002107.jpg,train,alligator_crack,RDD2020,India_0021
RDD2020_India_India_002112.jpg,train,pothole,RDD2020,India_0021
RDD2020_India_India_002113.jpg,train,alligator_crack,RDD2020,India_0021
RDD2020_India_India_002114.jpg,train,both,RDD2020,India_0021
RDD2020_India_India_002118.jpg,train,pothole,RDD2020,India_0021
RDD2020_India_India_002119.jpg,train,pothole,RDD2020,India_0021
RDD2020_India_India_002121.jpg,train,pothole,RDD2020,India_0021
RDD2020_India_India_002122.jpg,train,pothole,RDD2020,India_0021
RDD2020_India_India_002124.jpg,train,pothole,RDD2020,India_0021
RDD2020_India_India_002125.jpg,train,alligator_crack,RDD2020,India_0021
RDD2020_India_India_002133.jpg,train,pothole,RDD2020,India_0021
RDD2020_India_India_002135.jpg,train,pothole,RDD2020,India_0021
RDD2020_India_India_002137.jpg,train,both,RDD2020,India_0021
RDD2020_India_India_002148.jpg,train,pothole,RDD2020,India_0021
RDD2020_India_India_002154.jpg,train,pothole,RDD2020,India_0021
RDD2020_India_India_002172.jpg,train,alligator_crack,RDD2020,India_0021
RDD2020_India_India_002173.jpg,train,alligator_crack,RDD2020,India_0021
RDD2020_India_India_002179.jpg,train,alligator_crack,RDD2020,India_0021
RDD2020_India_India_002187.jpg,train,alligator_crack,RDD2020,India_0021
RDD2020_India_India_002192.jpg,train,alligator_crack,RDD2020,India_0021
RDD2020_India_India_002194.jpg,train,alligator_crack,RDD2020,India_0021
RDD2020_India_India_007000.jpg,train,pothole,RDD2020,India_0070
RDD2020_India_India_007001.jpg,train,pothole,RDD2020,India_0070
RDD2020_India_India_007002.jpg,train,both,RDD2020,India_0070
RDD2020_India_India_007007.jpg,train,pothole,RDD2020,India_0070
RDD2020_India_India_007009.jpg,train,alligator_crack,RDD2020,India_0070
RDD2020_India_India_007016.jpg,train,alligator_crack,RDD2020,India_0070
RDD2020_India_India_007024.jpg,train,alligator_crack,RDD2020,India_0070
RDD2020_India_India_007033.jpg,train,alligator_crack,RDD2020,India_0070
RDD2020_India_India_007034.jpg,train,both,RDD2020,India_0070
RDD2020_India_India_007037.jpg,train,alligator_crack,RDD2020,India_0070
RDD2020_India_India_007042.jpg,train,pothole,RDD2020,India_0070
RDD2020_India_India_007043.jpg,train,alligator_crack,RDD2020,India_0070
RDD2020_India_India_007048.jpg,train,alligator_crack,RDD2020,India_0070
RDD2020_India_India_007051.jpg,train,pothole,RDD2020,India_0070
RDD2020_India_India_007052.jpg,train,alligator_crack,RDD2020,India_0070
RDD2020_India_India_007053.jpg,train,both,RDD2020,India_0070
RDD2020_India_India_007055.jpg,train,alligator_crack,RDD2020,India_0070
RDD2020_India_India_007058.jpg,train,alligator_crack,RDD2020,India_0070
RDD2020_India_India_007059.jpg,train,alligator_crack,RDD2020,India_0070
RDD2020_India_India_007062.jpg,train,alligator_crack,RDD2020,India_0070
RDD2020_India_India_007066.jpg,train,pothole,RDD2020,India_0070
RDD2020_India_India_007069.jpg,train,alligator_crack,RDD2020,India_0070
RDD2020_India_India_007071.jpg,train,both,RDD2020,India_0070
RDD2020_India_India_007074.jpg,train,both,RDD2020,India_0070
RDD2020_India_India_007088.jpg,train,alligator_crack,RDD2020,India_0070
RDD2020_India_India_007099.jpg,train,alligator_crack,RDD2020,India_0070
RDD2020_India_India_006004.jpg,train,pothole,RDD2020,India_0060
RDD2020_India_India_006014.jpg,train,alligator_crack,RDD2020,India_0060
RDD2020_India_India_006020.jpg,train,alligator_crack,RDD2020,India_0060
RDD2020_India_India_006026.jpg,train,alligator_crack,RDD2020,India_0060
RDD2020_India_India_006027.jpg,train,both,RDD2020,India_0060
RDD2020_India_India_006029.jpg,train,alligator_crack,RDD2020,India_0060
RDD2020_India_India_006030.jpg,train,alligator_crack,RDD2020,India_0060
RDD2020_India_India_006031.jpg,train,pothole,RDD2020,India_0060
RDD2020_India_India_006033.jpg,train,pothole,RDD2020,India_0060
RDD2020_India_India_006042.jpg,train,alligator_crack,RDD2020,India_0060
RDD2020_India_India_006045.jpg,train,both,RDD2020,India_0060
RDD2020_India_India_006057.jpg,train,alligator_crack,RDD2020,India_0060
RDD2020_India_India_006060.jpg,train,alligator_crack,RDD2020,India_0060
RDD2020_India_India_006061.jpg,train,pothole,RDD2020,India_0060
RDD2020_India_India_006062.jpg,train,alligator_crack,RDD2020,India_0060
RDD2020_India_India_006063.jpg,train,alligator_crack,RDD2020,India_0060
RDD2020_India_India_006065.jpg,train,alligator_crack,RDD2020,India_0060
RDD2020_India_India_006071.jpg,train,alligator_crack,RDD2020,India_0060
RDD2020_India_India_006076.jpg,train,pothole,RDD2020,India_0060
RDD2020_India_India_006077.jpg,train,alligator_crack,RDD2020,India_0060
RDD2020_India_India_006087.jpg,train,both,RDD2020,India_0060
RDD2020_India_India_006088.jpg,train,alligator_crack,RDD2020,India_0060
RDD2020_India_India_006094.jpg,train,alligator_crack,RDD2020,India_0060
RDD2020_India_India_006095.jpg,train,pothole,RDD2020,India_0060
RDD2020_India_India_006096.jpg,train,alligator_crack,RDD2020,India_0060
RDD2020_India_India_006097.jpg,train,alligator_crack,RDD2020,India_0060
RDD2020_India_India_006098.jpg,train,pothole,RDD2020,India_0060
RDD2020_Czech_Czech_002612.jpg,train,pothole,RDD2020,Czech_0026
RDD2020_Czech_Czech_002628.jpg,train,both,RDD2020,Czech_0026
RDD2020_Czech_Czech_002634.jpg,train,pothole,RDD2020,Czech_0026
RDD2020_Czech_Czech_002682.jpg,train,both,RDD2020,Czech_0026
RDD2020_Japan_Japan_003402.jpg,train,alligator_crack,RDD2020,Japan_0034
RDD2020_Japan_Japan_003403.jpg,train,pothole,RDD2020,Japan_0034
RDD2020_Japan_Japan_003405.jpg,train,alligator_crack,RDD2020,Japan_0034
RDD2020_Japan_Japan_003408.jpg,train,alligator_crack,RDD2020,Japan_0034
RDD2020_Japan_Japan_003410.jpg,train,alligator_crack,RDD2020,Japan_0034
RDD2020_Japan_Japan_003411.jpg,train,alligator_crack,RDD2020,Japan_0034
RDD2020_Japan_Japan_003412.jpg,train,alligator_crack,RDD2020,Japan_0034
RDD2020_Japan_Japan_003415.jpg,train,alligator_crack,RDD2020,Japan_0034
RDD2020_Japan_Japan_003421.jpg,train,alligator_crack,RDD2020,Japan_0034
RDD2020_Japan_Japan_003424.jpg,train,alligator_crack,RDD2020,Japan_0034
RDD2020_Japan_Japan_003425.jpg,train,alligator_crack,RDD2020,Japan_0034
RDD2020_Japan_Japan_003426.jpg,train,alligator_crack,RDD2020,Japan_0034
RDD2020_Japan_Japan_003428.jpg,train,alligator_crack,RDD2020,Japan_0034
RDD2020_Japan_Japan_003431.jpg,train,both,RDD2020,Japan_0034
RDD2020_Japan_Japan_003432.jpg,train,alligator_crack,RDD2020,Japan_0034
RDD2020_Japan_Japan_003436.jpg,train,alligator_crack,RDD2020,Japan_0034
RDD2020_Japan_Japan_003439.jpg,train,alligator_crack,RDD2020,Japan_0034
RDD2020_Japan_Japan_003440.jpg,train,alligator_crack,RDD2020,Japan_0034
RDD2020_Japan_Japan_003443.jpg,train,alligator_crack,RDD2020,Japan_0034
RDD2020_Japan_Japan_003444.jpg,train,alligator_crack,RDD2020,Japan_0034
RDD2020_Japan_Japan_003445.jpg,train,alligator_crack,RDD2020,Japan_0034
RDD2020_Japan_Japan_003446.jpg,train,pothole,RDD2020,Japan_0034
RDD2020_Japan_Japan_003451.jpg,train,pothole,RDD2020,Japan_0034
RDD2020_Japan_Japan_003452.jpg,train,alligator_crack,RDD2020,Japan_0034
RDD2020_Japan_Japan_003454.jpg,train,alligator_crack,RDD2020,Japan_0034
RDD2020_Japan_Japan_003462.jpg,train,both,RDD2020,Japan_0034
RDD2020_Japan_Japan_003463.jpg,train,alligator_crack,RDD2020,Japan_0034
RDD2020_Japan_Japan_003465.jpg,train,alligator_crack,RDD2020,Japan_0034
RDD2020_Japan_Japan_003469.jpg,train,pothole,RDD2020,Japan_0034
RDD2020_Japan_Japan_003470.jpg,train,both,RDD2020,Japan_0034
RDD2020_Japan_Japan_003471.jpg,train,pothole,RDD2020,Japan_0034
RDD2020_Japan_Japan_003472.jpg,train,both,RDD2020,Japan_0034
RDD2020_Japan_Japan_003474.jpg,train,both,RDD2020,Japan_0034
RDD2020_Japan_Japan_003477.jpg,train,alligator_crack,RDD2020,Japan_0034
RDD2020_Japan_Japan_003478.jpg,train,pothole,RDD2020,Japan_0034
RDD2020_Japan_Japan_003479.jpg,train,alligator_crack,RDD2020,Japan_0034
RDD2020_Japan_Japan_003482.jpg,train,alligator_crack,RDD2020,Japan_0034
RDD2020_Japan_Japan_003486.jpg,train,pothole,RDD2020,Japan_0034
RDD2020_Japan_Japan_003487.jpg,train,alligator_crack,RDD2020,Japan_0034
RDD2020_Japan_Japan_003489.jpg,train,alligator_crack,RDD2020,Japan_0034
RDD2020_Japan_Japan_003490.jpg,train,both,RDD2020,Japan_0034
RDD2020_Japan_Japan_003491.jpg,train,alligator_crack,RDD2020,Japan_0034
RDD2020_Japan_Japan_003493.jpg,train,alligator_crack,RDD2020,Japan_0034
RDD2020_Japan_Japan_003494.jpg,train,alligator_crack,RDD2020,Japan_0034
RDD2020_Japan_Japan_003495.jpg,train,alligator_crack,RDD2020,Japan_0034
RDD2020_Japan_Japan_003497.jpg,train,alligator_crack,RDD2020,Japan_0034
RDD2020_Japan_Japan_002506.jpg,train,alligator_crack,RDD2020,Japan_0025
RDD2020_Japan_Japan_002508.jpg,train,alligator_crack,RDD2020,Japan_0025
RDD2020_Japan_Japan_002510.jpg,train,pothole,RDD2020,Japan_0025
RDD2020_Japan_Japan_002511.jpg,train,alligator_crack,RDD2020,Japan_0025
RDD2020_Japan_Japan_002512.jpg,train,alligator_crack,RDD2020,Japan_0025
RDD2020_Japan_Japan_002520.jpg,train,alligator_crack,RDD2020,Japan_0025
RDD2020_Japan_Japan_002523.jpg,train,both,RDD2020,Japan_0025
RDD2020_Japan_Japan_002524.jpg,train,alligator_crack,RDD2020,Japan_0025
RDD2020_Japan_Japan_002527.jpg,train,both,RDD2020,Japan_0025
RDD2020_Japan_Japan_002530.jpg,train,alligator_crack,RDD2020,Japan_0025
RDD2020_Japan_Japan_002535.jpg,train,alligator_crack,RDD2020,Japan_0025
RDD2020_Japan_Japan_002537.jpg,train,alligator_crack,RDD2020,Japan_0025
RDD2020_Japan_Japan_002538.jpg,train,pothole,RDD2020,Japan_0025
RDD2020_Japan_Japan_002542.jpg,train,alligator_crack,RDD2020,Japan_0025
RDD2020_Japan_Japan_002544.jpg,train,alligator_crack,RDD2020,Japan_0025
RDD2020_Japan_Japan_002546.jpg,train,pothole,RDD2020,Japan_0025
RDD2020_Japan_Japan_002547.jpg,train,alligator_crack,RDD2020,Japan_0025
RDD2020_Japan_Japan_002548.jpg,train,alligator_crack,RDD2020,Japan_0025
RDD2020_Japan_Japan_002552.jpg,train,alligator_crack,RDD2020,Japan_0025
RDD2020_Japan_Japan_002553.jpg,train,alligator_crack,RDD2020,Japan_0025
RDD2020_Japan_Japan_002554.jpg,train,pothole,RDD2020,Japan_0025
RDD2020_Japan_Japan_002556.jpg,train,alligator_crack,RDD2020,Japan_0025
RDD2020_Japan_Japan_002557.jpg,train,both,RDD2020,Japan_0025
RDD2020_Japan_Japan_002561.jpg,train,alligator_crack,RDD2020,Japan_0025
RDD2020_Japan_Japan_002562.jpg,train,pothole,RDD2020,Japan_0025
RDD2020_Japan_Japan_002570.jpg,train,alligator_crack,RDD2020,Japan_0025
RDD2020_Japan_Japan_002571.jpg,train,alligator_crack,RDD2020,Japan_0025
RDD2020_Japan_Japan_002574.jpg,train,alligator_crack,RDD2020,Japan_0025
RDD2020_Japan_Japan_002577.jpg,train,alligator_crack,RDD2020,Japan_0025
RDD2020_Japan_Japan_002578.jpg,train,alligator_crack,RDD2020,Japan_0025
RDD2020_Japan_Japan_002579.jpg,train,both,RDD2020,Japan_0025
RDD2020_Japan_Japan_002580.jpg,train,alligator_crack,RDD2020,Japan_0025
RDD2020_Japan_Japan_002582.jpg,train,alligator_crack,RDD2020,Japan_0025
RDD2020_Japan_Japan_002585.jpg,train,alligator_crack,RDD2020,Japan_0025
RDD2020_Japan_Japan_002586.jpg,train,alligator_crack,RDD2020,Japan_0025
RDD2020_Japan_Japan_002588.jpg,train,alligator_crack,RDD2020,Japan_0025
RDD2020_Japan_Japan_002591.jpg,train,alligator_crack,RDD2020,Japan_0025
RDD2020_Japan_Japan_002593.jpg,train,alligator_crack,RDD2020,Japan_0025
RDD2020_Japan_Japan_002598.jpg,train,alligator_crack,RDD2020,Japan_0025
RDD2020_Japan_Japan_002599.jpg,train,alligator_crack,RDD2020,Japan_0025
RDD2020_Japan_Japan_008301.jpg,train,both,RDD2020,Japan_0083
RDD2020_Japan_Japan_008302.jpg,train,alligator_crack,RDD2020,Japan_0083
RDD2020_Japan_Japan_008303.jpg,train,both,RDD2020,Japan_0083
RDD2020_Japan_Japan_008307.jpg,train,alligator_crack,RDD2020,Japan_0083
RDD2020_Japan_Japan_008310.jpg,train,both,RDD2020,Japan_0083
RDD2020_Japan_Japan_008313.jpg,train,both,RDD2020,Japan_0083
RDD2020_Japan_Japan_008314.jpg,train,alligator_crack,RDD2020,Japan_0083
RDD2020_Japan_Japan_008316.jpg,train,alligator_crack,RDD2020,Japan_0083
RDD2020_Japan_Japan_008321.jpg,train,alligator_crack,RDD2020,Japan_0083
RDD2020_Japan_Japan_008323.jpg,train,alligator_crack,RDD2020,Japan_0083
RDD2020_Japan_Japan_008324.jpg,train,alligator_crack,RDD2020,Japan_0083
RDD2020_Japan_Japan_008327.jpg,train,alligator_crack,RDD2020,Japan_0083
RDD2020_Japan_Japan_008328.jpg,train,alligator_crack,RDD2020,Japan_0083
RDD2020_Japan_Japan_008333.jpg,train,alligator_crack,RDD2020,Japan_0083
RDD2020_Japan_Japan_008342.jpg,train,alligator_crack,RDD2020,Japan_0083
RDD2020_Japan_Japan_008343.jpg,train,alligator_crack,RDD2020,Japan_0083
RDD2020_Japan_Japan_008349.jpg,train,alligator_crack,RDD2020,Japan_0083
RDD2020_Japan_Japan_008351.jpg,train,alligator_crack,RDD2020,Japan_0083
RDD2020_Japan_Japan_008355.jpg,train,alligator_crack,RDD2020,Japan_0083
RDD2020_Japan_Japan_008356.jpg,train,alligator_crack,RDD2020,Japan_0083
RDD2020_Japan_Japan_008364.jpg,train,alligator_crack,RDD2020,Japan_0083
RDD2020_Japan_Japan_008365.jpg,train,alligator_crack,RDD2020,Japan_0083
RDD2020_Japan_Japan_008366.jpg,train,alligator_crack,RDD2020,Japan_0083
RDD2020_Japan_Japan_008367.jpg,train,alligator_crack,RDD2020,Japan_0083
RDD2020_Japan_Japan_008368.jpg,train,alligator_crack,RDD2020,Japan_0083
RDD2020_Japan_Japan_008369.jpg,train,alligator_crack,RDD2020,Japan_0083
RDD2020_Japan_Japan_008371.jpg,train,alligator_crack,RDD2020,Japan_0083
RDD2020_Japan_Japan_008372.jpg,train,both,RDD2020,Japan_0083
RDD2020_Japan_Japan_008373.jpg,train,alligator_crack,RDD2020,Japan_0083
RDD2020_Japan_Japan_008375.jpg,train,alligator_crack,RDD2020,Japan_0083
RDD2020_Japan_Japan_008376.jpg,train,pothole,RDD2020,Japan_0083
RDD2020_Japan_Japan_008378.jpg,train,alligator_crack,RDD2020,Japan_0083
RDD2020_Japan_Japan_008380.jpg,train,alligator_crack,RDD2020,Japan_0083
RDD2020_Japan_Japan_008381.jpg,train,alligator_crack,RDD2020,Japan_0083
RDD2020_Japan_Japan_008383.jpg,train,pothole,RDD2020,Japan_0083
RDD2020_Japan_Japan_008394.jpg,train,alligator_crack,RDD2020,Japan_0083
RDD2020_Japan_Japan_008396.jpg,train,alligator_crack,RDD2020,Japan_0083
RDD2020_Japan_Japan_008398.jpg,train,alligator_crack,RDD2020,Japan_0083
RDD2020_Japan_Japan_008900.jpg,train,both,RDD2020,Japan_0089
RDD2020_Japan_Japan_008902.jpg,train,alligator_crack,RDD2020,Japan_0089
RDD2020_Japan_Japan_008904.jpg,train,alligator_crack,RDD2020,Japan_0089
RDD2020_Japan_Japan_008908.jpg,train,both,RDD2020,Japan_0089
RDD2020_Japan_Japan_008910.jpg,train,alligator_crack,RDD2020,Japan_0089
RDD2020_Japan_Japan_008911.jpg,train,alligator_crack,RDD2020,Japan_0089
RDD2020_Japan_Japan_008915.jpg,train,alligator_crack,RDD2020,Japan_0089
RDD2020_Japan_Japan_008920.jpg,train,alligator_crack,RDD2020,Japan_0089
RDD2020_Japan_Japan_008921.jpg,train,both,RDD2020,Japan_0089
RDD2020_Japan_Japan_008925.jpg,train,both,RDD2020,Japan_0089
RDD2020_Japan_Japan_008926.jpg,train,alligator_crack,RDD2020,Japan_0089
RDD2020_Japan_Japan_008928.jpg,train,alligator_crack,RDD2020,Japan_0089
RDD2020_Japan_Japan_008933.jpg,train,alligator_crack,RDD2020,Japan_0089
RDD2020_Japan_Japan_008935.jpg,train,pothole,RDD2020,Japan_0089
RDD2020_Japan_Japan_008936.jpg,train,alligator_crack,RDD2020,Japan_0089
RDD2020_Japan_Japan_008940.jpg,train,alligator_crack,RDD2020,Japan_0089
RDD2020_Japan_Japan_008941.jpg,train,alligator_crack,RDD2020,Japan_0089
RDD2020_Japan_Japan_008942.jpg,train,alligator_crack,RDD2020,Japan_0089
RDD2020_Japan_Japan_008944.jpg,train,pothole,RDD2020,Japan_0089
RDD2020_Japan_Japan_008945.jpg,train,alligator_crack,RDD2020,Japan_0089
RDD2020_Japan_Japan_008946.jpg,train,pothole,RDD2020,Japan_0089
RDD2020_Japan_Japan_008951.jpg,train,both,RDD2020,Japan_0089
RDD2020_Japan_Japan_008954.jpg,train,both,RDD2020,Japan_0089
RDD2020_Japan_Japan_008958.jpg,train,alligator_crack,RDD2020,Japan_0089
RDD2020_Japan_Japan_008959.jpg,train,pothole,RDD2020,Japan_0089
RDD2020_Japan_Japan_008962.jpg,train,alligator_crack,RDD2020,Japan_0089
RDD2020_Japan_Japan_008963.jpg,train,alligator_crack,RDD2020,Japan_0089
RDD2020_Japan_Japan_008966.jpg,train,alligator_crack,RDD2020,Japan_0089
RDD2020_Japan_Japan_008968.jpg,train,both,RDD2020,Japan_0089
RDD2020_Japan_Japan_008970.jpg,train,alligator_crack,RDD2020,Japan_0089
RDD2020_Japan_Japan_008975.jpg,train,alligator_crack,RDD2020,Japan_0089
RDD2020_Japan_Japan_008977.jpg,train,alligator_crack,RDD2020,Japan_0089
RDD2020_Japan_Japan_008988.jpg,train,both,RDD2020,Japan_0089
RDD2020_Japan_Japan_008989.jpg,train,alligator_crack,RDD2020,Japan_0089
RDD2020_Japan_Japan_008990.jpg,train,both,RDD2020,Japan_0089
RDD2020_Japan_Japan_008993.jpg,train,alligator_crack,RDD2020,Japan_0089
RDD2020_Japan_Japan_008995.jpg,train,alligator_crack,RDD2020,Japan_0089
RDD2020_Japan_Japan_008996.jpg,train,pothole,RDD2020,Japan_0089
RDD2020_Japan_Japan_008997.jpg,train,alligator_crack,RDD2020,Japan_0089
RDD2020_Japan_Japan_008998.jpg,train,alligator_crack,RDD2020,Japan_0089
RDD2020_Japan_Japan_006001.jpg,train,alligator_crack,RDD2020,Japan_0060
RDD2020_Japan_Japan_006011.jpg,train,both,RDD2020,Japan_0060
RDD2020_Japan_Japan_006013.jpg,train,alligator_crack,RDD2020,Japan_0060
RDD2020_Japan_Japan_006022.jpg,train,alligator_crack,RDD2020,Japan_0060
RDD2020_Japan_Japan_006023.jpg,train,alligator_crack,RDD2020,Japan_0060
RDD2020_Japan_Japan_006027.jpg,train,alligator_crack,RDD2020,Japan_0060
RDD2020_Japan_Japan_006028.jpg,train,alligator_crack,RDD2020,Japan_0060
RDD2020_Japan_Japan_006029.jpg,train,both,RDD2020,Japan_0060
RDD2020_Japan_Japan_006030.jpg,train,alligator_crack,RDD2020,Japan_0060
RDD2020_Japan_Japan_006031.jpg,train,alligator_crack,RDD2020,Japan_0060
RDD2020_Japan_Japan_006035.jpg,train,pothole,RDD2020,Japan_0060
RDD2020_Japan_Japan_006039.jpg,train,alligator_crack,RDD2020,Japan_0060
RDD2020_Japan_Japan_006041.jpg,train,alligator_crack,RDD2020,Japan_0060
RDD2020_Japan_Japan_006045.jpg,train,alligator_crack,RDD2020,Japan_0060
RDD2020_Japan_Japan_006047.jpg,train,alligator_crack,RDD2020,Japan_0060
RDD2020_Japan_Japan_006049.jpg,train,alligator_crack,RDD2020,Japan_0060
RDD2020_Japan_Japan_006052.jpg,train,both,RDD2020,Japan_0060
RDD2020_Japan_Japan_006053.jpg,train,alligator_crack,RDD2020,Japan_0060
RDD2020_Japan_Japan_006057.jpg,train,alligator_crack,RDD2020,Japan_0060
RDD2020_Japan_Japan_006062.jpg,train,alligator_crack,RDD2020,Japan_0060
RDD2020_Japan_Japan_006063.jpg,train,alligator_crack,RDD2020,Japan_0060
RDD2020_Japan_Japan_006064.jpg,train,alligator_crack,RDD2020,Japan_0060
RDD2020_Japan_Japan_006065.jpg,train,alligator_crack,RDD2020,Japan_0060
RDD2020_Japan_Japan_006066.jpg,train,alligator_crack,RDD2020,Japan_0060
RDD2020_Japan_Japan_006071.jpg,train,alligator_crack,RDD2020,Japan_0060
RDD2020_Japan_Japan_006074.jpg,train,alligator_crack,RDD2020,Japan_0060
RDD2020_Japan_Japan_006080.jpg,train,alligator_crack,RDD2020,Japan_0060
RDD2020_Japan_Japan_006082.jpg,train,alligator_crack,RDD2020,Japan_0060
RDD2020_Japan_Japan_006083.jpg,train,alligator_crack,RDD2020,Japan_0060
RDD2020_Japan_Japan_006085.jpg,train,alligator_crack,RDD2020,Japan_0060
RDD2020_Japan_Japan_006086.jpg,train,pothole,RDD2020,Japan_0060
RDD2020_Japan_Japan_006087.jpg,train,alligator_crack,RDD2020,Japan_0060
RDD2020_Japan_Japan_006089.jpg,train,alligator_crack,RDD2020,Japan_0060
RDD2020_Japan_Japan_006090.jpg,train,alligator_crack,RDD2020,Japan_0060
RDD2020_Japan_Japan_006095.jpg,train,alligator_crack,RDD2020,Japan_0060
RDD2020_Japan_Japan_006096.jpg,train,alligator_crack,RDD2020,Japan_0060
RDD2020_Japan_Japan_006097.jpg,train,pothole,RDD2020,Japan_0060
RDD2020_Japan_Japan_006099.jpg,train,alligator_crack,RDD2020,Japan_0060
RDD2020_India_India_001000.jpg,train,alligator_crack,RDD2020,India_0010
RDD2020_India_India_001001.jpg,train,alligator_crack,RDD2020,India_0010
RDD2020_India_India_001002.jpg,train,negative_background,RDD2020,India_0010
RDD2020_India_India_001003.jpg,train,alligator_crack,RDD2020,India_0010
RDD2020_India_India_001004.jpg,train,alligator_crack,RDD2020,India_0010
RDD2020_India_India_001005.jpg,train,pothole,RDD2020,India_0010
RDD2020_India_India_001006.jpg,train,pothole,RDD2020,India_0010
RDD2020_India_India_001007.jpg,train,pothole,RDD2020,India_0010
RDD2020_India_India_001008.jpg,train,pothole,RDD2020,India_0010
RDD2020_India_India_001009.jpg,train,negative_background,RDD2020,India_0010
RDD2020_India_India_001010.jpg,train,negative_background,RDD2020,India_0010
RDD2020_India_India_001012.jpg,train,both,RDD2020,India_0010
RDD2020_India_India_001014.jpg,train,negative_background,RDD2020,India_0010
RDD2020_India_India_001015.jpg,train,alligator_crack,RDD2020,India_0010
RDD2020_India_India_001016.jpg,train,negative_background,RDD2020,India_0010
RDD2020_India_India_001017.jpg,train,alligator_crack,RDD2020,India_0010
RDD2020_India_India_001018.jpg,train,negative_background,RDD2020,India_0010
RDD2020_India_India_001019.jpg,train,negative_background,RDD2020,India_0010
RDD2020_India_India_001020.jpg,train,negative_background,RDD2020,India_0010
RDD2020_India_India_001021.jpg,train,negative_background,RDD2020,India_0010
RDD2020_India_India_001023.jpg,train,alligator_crack,RDD2020,India_0010
RDD2020_India_India_001026.jpg,train,negative_background,RDD2020,India_0010
RDD2020_India_India_001027.jpg,train,alligator_crack,RDD2020,India_0010
RDD2020_India_India_001028.jpg,train,negative_background,RDD2020,India_0010
RDD2020_India_India_001029.jpg,train,negative_background,RDD2020,India_0010
RDD2020_India_India_001030.jpg,train,alligator_crack,RDD2020,India_0010
RDD2020_India_India_001032.jpg,train,negative_background,RDD2020,India_0010
RDD2020_India_India_001033.jpg,train,negative_background,RDD2020,India_0010
RDD2020_India_India_001035.jpg,train,negative_background,RDD2020,India_0010
RDD2020_India_India_001036.jpg,train,negative_background,RDD2020,India_0010
RDD2020_India_India_001037.jpg,train,both,RDD2020,India_0010
RDD2020_India_India_001038.jpg,train,both,RDD2020,India_0010
RDD2020_India_India_001040.jpg,train,negative_background,RDD2020,India_0010
RDD2020_India_India_001041.jpg,train,negative_background,RDD2020,India_0010
RDD2020_India_India_001042.jpg,train,alligator_crack,RDD2020,India_0010
RDD2020_India_India_001044.jpg,train,negative_background,RDD2020,India_0010
RDD2020_India_India_001045.jpg,train,negative_background,RDD2020,India_0010
RDD2020_India_India_001046.jpg,train,alligator_crack,RDD2020,India_0010
RDD2020_India_India_001047.jpg,train,negative_background,RDD2020,India_0010
RDD2020_India_India_001048.jpg,train,negative_background,RDD2020,India_0010
RDD2020_India_India_001049.jpg,train,pothole,RDD2020,India_0010
RDD2020_India_India_001050.jpg,train,negative_background,RDD2020,India_0010
RDD2020_India_India_001051.jpg,train,pothole,RDD2020,India_0010
RDD2020_India_India_001052.jpg,train,negative_background,RDD2020,India_0010
RDD2020_India_India_001053.jpg,train,both,RDD2020,India_0010
RDD2020_India_India_001054.jpg,train,negative_background,RDD2020,India_0010
RDD2020_India_India_001056.jpg,train,pothole,RDD2020,India_0010
RDD2020_India_India_001057.jpg,train,negative_background,RDD2020,India_0010
RDD2020_India_India_001058.jpg,train,pothole,RDD2020,India_0010
RDD2020_India_India_001059.jpg,train,alligator_crack,RDD2020,India_0010
RDD2020_India_India_001060.jpg,train,negative_background,RDD2020,India_0010
RDD2020_India_India_001061.jpg,train,negative_background,RDD2020,India_0010
RDD2020_India_India_001063.jpg,train,negative_background,RDD2020,India_0010
RDD2020_India_India_001064.jpg,train,negative_background,RDD2020,India_0010
RDD2020_India_India_001065.jpg,train,negative_background,RDD2020,India_0010
RDD2020_India_India_001066.jpg,train,negative_background,RDD2020,India_0010
RDD2020_India_India_001067.jpg,train,negative_background,RDD2020,India_0010
RDD2020_India_India_001068.jpg,train,alligator_crack,RDD2020,India_0010
RDD2020_India_India_001069.jpg,train,pothole,RDD2020,India_0010
RDD2020_India_India_001070.jpg,train,negative_background,RDD2020,India_0010
RDD2020_India_India_001071.jpg,train,negative_background,RDD2020,India_0010
RDD2020_India_India_001072.jpg,train,negative_background,RDD2020,India_0010
RDD2020_India_India_001074.jpg,train,negative_background,RDD2020,India_0010
RDD2020_India_India_001075.jpg,train,negative_background,RDD2020,India_0010
RDD2020_India_India_001076.jpg,train,alligator_crack,RDD2020,India_0010
RDD2020_India_India_001077.jpg,train,negative_background,RDD2020,India_0010
RDD2020_India_India_001078.jpg,train,negative_background,RDD2020,India_0010
RDD2020_India_India_001079.jpg,train,negative_background,RDD2020,India_0010
RDD2020_India_India_001080.jpg,train,negative_background,RDD2020,India_0010
RDD2020_India_India_001081.jpg,train,negative_background,RDD2020,India_0010
RDD2020_India_India_001082.jpg,train,negative_background,RDD2020,India_0010
RDD2020_India_India_001083.jpg,train,negative_background,RDD2020,India_0010
RDD2020_India_India_001084.jpg,train,negative_background,RDD2020,India_0010
RDD2020_India_India_001085.jpg,train,alligator_crack,RDD2020,India_0010
RDD2020_India_India_001086.jpg,train,negative_background,RDD2020,India_0010
RDD2020_India_India_001087.jpg,train,negative_background,RDD2020,India_0010
RDD2020_India_India_001088.jpg,train,pothole,RDD2020,India_0010
RDD2020_India_India_001089.jpg,train,negative_background,RDD2020,India_0010
RDD2020_India_India_001090.jpg,train,negative_background,RDD2020,India_0010
RDD2020_India_India_001093.jpg,train,negative_background,RDD2020,India_0010
RDD2020_India_India_001094.jpg,train,alligator_crack,RDD2020,India_0010
RDD2020_India_India_001095.jpg,train,alligator_crack,RDD2020,India_0010
RDD2020_India_India_001096.jpg,train,negative_background,RDD2020,India_0010
RDD2020_India_India_001097.jpg,train,negative_background,RDD2020,India_0010
RDD2020_India_India_001098.jpg,train,alligator_crack,RDD2020,India_0010
RDD2020_India_India_001099.jpg,train,negative_background,RDD2020,India_0010
RDD2020_India_India_007200.jpg,train,alligator_crack,RDD2020,India_0072
RDD2020_India_India_007204.jpg,train,both,RDD2020,India_0072
RDD2020_India_India_007205.jpg,train,pothole,RDD2020,India_0072
RDD2020_India_India_007208.jpg,train,alligator_crack,RDD2020,India_0072
RDD2020_India_India_007211.jpg,train,pothole,RDD2020,India_0072
RDD2020_India_India_007213.jpg,train,alligator_crack,RDD2020,India_0072
RDD2020_India_India_007214.jpg,train,alligator_crack,RDD2020,India_0072
RDD2020_India_India_007224.jpg,train,alligator_crack,RDD2020,India_0072
RDD2020_India_India_007226.jpg,train,pothole,RDD2020,India_0072
RDD2020_India_India_007227.jpg,train,alligator_crack,RDD2020,India_0072
RDD2020_India_India_007231.jpg,train,alligator_crack,RDD2020,India_0072
RDD2020_India_India_007236.jpg,train,alligator_crack,RDD2020,India_0072
RDD2020_India_India_007239.jpg,train,alligator_crack,RDD2020,India_0072
RDD2020_India_India_007240.jpg,train,pothole,RDD2020,India_0072
RDD2020_India_India_007246.jpg,train,pothole,RDD2020,India_0072
RDD2020_India_India_007247.jpg,train,alligator_crack,RDD2020,India_0072
RDD2020_India_India_007256.jpg,train,alligator_crack,RDD2020,India_0072
RDD2020_India_India_007259.jpg,train,pothole,RDD2020,India_0072
RDD2020_India_India_007267.jpg,train,alligator_crack,RDD2020,India_0072
RDD2020_India_India_007271.jpg,train,both,RDD2020,India_0072
RDD2020_India_India_007275.jpg,train,alligator_crack,RDD2020,India_0072
RDD2020_India_India_007276.jpg,train,alligator_crack,RDD2020,India_0072
RDD2020_India_India_007277.jpg,train,pothole,RDD2020,India_0072
RDD2020_India_India_007278.jpg,train,alligator_crack,RDD2020,India_0072
RDD2020_India_India_007279.jpg,train,alligator_crack,RDD2020,India_0072
RDD2020_India_India_007281.jpg,train,pothole,RDD2020,India_0072
RDD2020_India_India_007285.jpg,train,alligator_crack,RDD2020,India_0072
RDD2020_India_India_007291.jpg,train,pothole,RDD2020,India_0072
RDD2020_India_India_007293.jpg,train,both,RDD2020,India_0072
RDD2020_India_India_007299.jpg,train,both,RDD2020,India_0072
RDD2020_India_India_008503.jpg,train,pothole,RDD2020,India_0085
RDD2020_India_India_008504.jpg,train,alligator_crack,RDD2020,India_0085
RDD2020_India_India_008505.jpg,train,pothole,RDD2020,India_0085
RDD2020_India_India_008507.jpg,train,alligator_crack,RDD2020,India_0085
RDD2020_India_India_008511.jpg,train,pothole,RDD2020,India_0085
RDD2020_India_India_008512.jpg,train,pothole,RDD2020,India_0085
RDD2020_India_India_008515.jpg,train,alligator_crack,RDD2020,India_0085
RDD2020_India_India_008523.jpg,train,pothole,RDD2020,India_0085
RDD2020_India_India_008524.jpg,train,pothole,RDD2020,India_0085
RDD2020_India_India_008530.jpg,train,alligator_crack,RDD2020,India_0085
RDD2020_India_India_008532.jpg,train,alligator_crack,RDD2020,India_0085
RDD2020_India_India_008535.jpg,train,pothole,RDD2020,India_0085
RDD2020_India_India_008544.jpg,train,pothole,RDD2020,India_0085
RDD2020_India_India_008548.jpg,train,pothole,RDD2020,India_0085
RDD2020_India_India_008553.jpg,train,alligator_crack,RDD2020,India_0085
RDD2020_India_India_008557.jpg,train,pothole,RDD2020,India_0085
RDD2020_India_India_008558.jpg,train,alligator_crack,RDD2020,India_0085
RDD2020_India_India_008563.jpg,train,both,RDD2020,India_0085
RDD2020_India_India_008565.jpg,train,alligator_crack,RDD2020,India_0085
RDD2020_India_India_008569.jpg,train,pothole,RDD2020,India_0085
RDD2020_India_India_008574.jpg,train,alligator_crack,RDD2020,India_0085
RDD2020_India_India_008576.jpg,train,both,RDD2020,India_0085
RDD2020_India_India_008582.jpg,train,alligator_crack,RDD2020,India_0085
RDD2020_India_India_008584.jpg,train,alligator_crack,RDD2020,India_0085
RDD2020_India_India_008585.jpg,train,alligator_crack,RDD2020,India_0085
RDD2020_India_India_008588.jpg,train,alligator_crack,RDD2020,India_0085
RDD2020_India_India_008597.jpg,train,both,RDD2020,India_0085
RDD2020_India_India_000700.jpg,train,alligator_crack,RDD2020,India_0007
RDD2020_India_India_000701.jpg,train,pothole,RDD2020,India_0007
RDD2020_India_India_000702.jpg,train,alligator_crack,RDD2020,India_0007
RDD2020_India_India_000703.jpg,train,negative_background,RDD2020,India_0007
RDD2020_India_India_000704.jpg,train,negative_background,RDD2020,India_0007
RDD2020_India_India_000705.jpg,train,both,RDD2020,India_0007
RDD2020_India_India_000709.jpg,train,negative_background,RDD2020,India_0007
RDD2020_India_India_000710.jpg,train,pothole,RDD2020,India_0007
RDD2020_India_India_000711.jpg,train,negative_background,RDD2020,India_0007
RDD2020_India_India_000712.jpg,train,negative_background,RDD2020,India_0007
RDD2020_India_India_000714.jpg,train,both,RDD2020,India_0007
RDD2020_India_India_000715.jpg,train,alligator_crack,RDD2020,India_0007
RDD2020_India_India_000716.jpg,train,negative_background,RDD2020,India_0007
RDD2020_India_India_000718.jpg,train,pothole,RDD2020,India_0007
RDD2020_India_India_000719.jpg,train,negative_background,RDD2020,India_0007
RDD2020_India_India_000721.jpg,train,negative_background,RDD2020,India_0007
RDD2020_India_India_000722.jpg,train,negative_background,RDD2020,India_0007
RDD2020_India_India_000724.jpg,train,pothole,RDD2020,India_0007
RDD2020_India_India_000725.jpg,train,negative_background,RDD2020,India_0007
RDD2020_India_India_000726.jpg,train,alligator_crack,RDD2020,India_0007
RDD2020_India_India_000727.jpg,train,negative_background,RDD2020,India_0007
RDD2020_India_India_000728.jpg,train,negative_background,RDD2020,India_0007
RDD2020_India_India_000729.jpg,train,pothole,RDD2020,India_0007
RDD2020_India_India_000730.jpg,train,alligator_crack,RDD2020,India_0007
RDD2020_India_India_000731.jpg,train,pothole,RDD2020,India_0007
RDD2020_India_India_000732.jpg,train,pothole,RDD2020,India_0007
RDD2020_India_India_000733.jpg,train,negative_background,RDD2020,India_0007
RDD2020_India_India_000734.jpg,train,negative_background,RDD2020,India_0007
RDD2020_India_India_000735.jpg,train,pothole,RDD2020,India_0007
RDD2020_India_India_000736.jpg,train,negative_background,RDD2020,India_0007
RDD2020_India_India_000737.jpg,train,negative_background,RDD2020,India_0007
RDD2020_India_India_000738.jpg,train,negative_background,RDD2020,India_0007
RDD2020_India_India_000739.jpg,train,alligator_crack,RDD2020,India_0007
RDD2020_India_India_000740.jpg,train,negative_background,RDD2020,India_0007
RDD2020_India_India_000741.jpg,train,negative_background,RDD2020,India_0007
RDD2020_India_India_000742.jpg,train,negative_background,RDD2020,India_0007
RDD2020_India_India_000743.jpg,train,pothole,RDD2020,India_0007
RDD2020_India_India_000744.jpg,train,pothole,RDD2020,India_0007
RDD2020_India_India_000745.jpg,train,pothole,RDD2020,India_0007
RDD2020_India_India_000746.jpg,train,pothole,RDD2020,India_0007
RDD2020_India_India_000747.jpg,train,pothole,RDD2020,India_0007
RDD2020_India_India_000748.jpg,train,negative_background,RDD2020,India_0007
RDD2020_India_India_000749.jpg,train,negative_background,RDD2020,India_0007
RDD2020_India_India_000751.jpg,train,negative_background,RDD2020,India_0007
RDD2020_India_India_000754.jpg,train,negative_background,RDD2020,India_0007
RDD2020_India_India_000756.jpg,train,pothole,RDD2020,India_0007
RDD2020_India_India_000757.jpg,train,negative_background,RDD2020,India_0007
RDD2020_India_India_000758.jpg,train,negative_background,RDD2020,India_0007
RDD2020_India_India_000759.jpg,train,both,RDD2020,India_0007
RDD2020_India_India_000760.jpg,train,negative_background,RDD2020,India_0007
RDD2020_India_India_000761.jpg,train,negative_background,RDD2020,India_0007
RDD2020_India_India_000762.jpg,train,negative_background,RDD2020,India_0007
RDD2020_India_India_000763.jpg,train,negative_background,RDD2020,India_0007
RDD2020_India_India_000764.jpg,train,negative_background,RDD2020,India_0007
RDD2020_India_India_000765.jpg,train,negative_background,RDD2020,India_0007
RDD2020_India_India_000766.jpg,train,negative_background,RDD2020,India_0007
RDD2020_India_India_000768.jpg,train,both,RDD2020,India_0007
RDD2020_India_India_000769.jpg,train,negative_background,RDD2020,India_0007
RDD2020_India_India_000770.jpg,train,both,RDD2020,India_0007
RDD2020_India_India_000771.jpg,train,pothole,RDD2020,India_0007
RDD2020_India_India_000772.jpg,train,negative_background,RDD2020,India_0007
RDD2020_India_India_000773.jpg,train,alligator_crack,RDD2020,India_0007
RDD2020_India_India_000775.jpg,train,alligator_crack,RDD2020,India_0007
RDD2020_India_India_000776.jpg,train,negative_background,RDD2020,India_0007
RDD2020_India_India_000778.jpg,train,negative_background,RDD2020,India_0007
RDD2020_India_India_000779.jpg,train,negative_background,RDD2020,India_0007
RDD2020_India_India_000780.jpg,train,alligator_crack,RDD2020,India_0007
RDD2020_India_India_000781.jpg,train,pothole,RDD2020,India_0007
RDD2020_India_India_000782.jpg,train,alligator_crack,RDD2020,India_0007
RDD2020_India_India_000785.jpg,train,both,RDD2020,India_0007
RDD2020_India_India_000786.jpg,train,negative_background,RDD2020,India_0007
RDD2020_India_India_000787.jpg,train,negative_background,RDD2020,India_0007
RDD2020_India_India_000788.jpg,train,alligator_crack,RDD2020,India_0007
RDD2020_India_India_000789.jpg,train,negative_background,RDD2020,India_0007
RDD2020_India_India_000790.jpg,train,negative_background,RDD2020,India_0007
RDD2020_India_India_000791.jpg,train,alligator_crack,RDD2020,India_0007
RDD2020_India_India_000794.jpg,train,negative_background,RDD2020,India_0007
RDD2020_India_India_000796.jpg,train,negative_background,RDD2020,India_0007
RDD2020_India_India_000797.jpg,train,pothole,RDD2020,India_0007
RDD2020_India_India_000798.jpg,train,negative_background,RDD2020,India_0007
RDD2020_India_India_000799.jpg,train,negative_background,RDD2020,India_0007
RDD2020_India_India_003002.jpg,train,alligator_crack,RDD2020,India_0030
RDD2020_India_India_003006.jpg,train,both,RDD2020,India_0030
RDD2020_India_India_003007.jpg,train,alligator_crack,RDD2020,India_0030
RDD2020_India_India_003011.jpg,train,both,RDD2020,India_0030
RDD2020_India_India_003013.jpg,train,pothole,RDD2020,India_0030
RDD2020_India_India_003014.jpg,train,alligator_crack,RDD2020,India_0030
RDD2020_India_India_003016.jpg,train,alligator_crack,RDD2020,India_0030
RDD2020_India_India_003017.jpg,train,pothole,RDD2020,India_0030
RDD2020_India_India_003018.jpg,train,both,RDD2020,India_0030
RDD2020_India_India_003028.jpg,train,pothole,RDD2020,India_0030
RDD2020_India_India_003029.jpg,train,pothole,RDD2020,India_0030
RDD2020_India_India_003033.jpg,train,pothole,RDD2020,India_0030
RDD2020_India_India_003034.jpg,train,alligator_crack,RDD2020,India_0030
RDD2020_India_India_003039.jpg,train,alligator_crack,RDD2020,India_0030
RDD2020_India_India_003042.jpg,train,both,RDD2020,India_0030
RDD2020_India_India_003045.jpg,train,alligator_crack,RDD2020,India_0030
RDD2020_India_India_003048.jpg,train,pothole,RDD2020,India_0030
RDD2020_India_India_003049.jpg,train,alligator_crack,RDD2020,India_0030
RDD2020_India_India_003051.jpg,train,pothole,RDD2020,India_0030
RDD2020_India_India_003052.jpg,train,alligator_crack,RDD2020,India_0030
RDD2020_India_India_003054.jpg,train,alligator_crack,RDD2020,India_0030
RDD2020_India_India_003055.jpg,train,alligator_crack,RDD2020,India_0030
RDD2020_India_India_003056.jpg,train,pothole,RDD2020,India_0030
RDD2020_India_India_003057.jpg,train,pothole,RDD2020,India_0030
RDD2020_India_India_003062.jpg,train,alligator_crack,RDD2020,India_0030
RDD2020_India_India_003063.jpg,train,pothole,RDD2020,India_0030
RDD2020_India_India_003065.jpg,train,pothole,RDD2020,India_0030
RDD2020_India_India_003075.jpg,train,alligator_crack,RDD2020,India_0030
RDD2020_India_India_003079.jpg,train,pothole,RDD2020,India_0030
RDD2020_India_India_003083.jpg,train,both,RDD2020,India_0030
RDD2020_India_India_003085.jpg,train,pothole,RDD2020,India_0030
RDD2020_India_India_003087.jpg,train,both,RDD2020,India_0030
RDD2020_India_India_003090.jpg,train,alligator_crack,RDD2020,India_0030
RDD2020_India_India_003093.jpg,train,alligator_crack,RDD2020,India_0030
RDD2020_India_India_003096.jpg,train,pothole,RDD2020,India_0030
RDD2020_Japan_Japan_007801.jpg,train,alligator_crack,RDD2020,Japan_0078
RDD2020_Japan_Japan_007807.jpg,train,alligator_crack,RDD2020,Japan_0078
RDD2020_Japan_Japan_007811.jpg,train,alligator_crack,RDD2020,Japan_0078
RDD2020_Japan_Japan_007817.jpg,train,alligator_crack,RDD2020,Japan_0078
RDD2020_Japan_Japan_007820.jpg,train,both,RDD2020,Japan_0078
RDD2020_Japan_Japan_007821.jpg,train,both,RDD2020,Japan_0078
RDD2020_Japan_Japan_007825.jpg,train,alligator_crack,RDD2020,Japan_0078
RDD2020_Japan_Japan_007828.jpg,train,alligator_crack,RDD2020,Japan_0078
RDD2020_Japan_Japan_007829.jpg,train,pothole,RDD2020,Japan_0078
RDD2020_Japan_Japan_007830.jpg,train,alligator_crack,RDD2020,Japan_0078
RDD2020_Japan_Japan_007832.jpg,train,alligator_crack,RDD2020,Japan_0078
RDD2020_Japan_Japan_007833.jpg,train,alligator_crack,RDD2020,Japan_0078
RDD2020_Japan_Japan_007834.jpg,train,alligator_crack,RDD2020,Japan_0078
RDD2020_Japan_Japan_007835.jpg,train,alligator_crack,RDD2020,Japan_0078
RDD2020_Japan_Japan_007836.jpg,train,alligator_crack,RDD2020,Japan_0078
RDD2020_Japan_Japan_007839.jpg,train,both,RDD2020,Japan_0078
RDD2020_Japan_Japan_007840.jpg,train,alligator_crack,RDD2020,Japan_0078
RDD2020_Japan_Japan_007841.jpg,train,pothole,RDD2020,Japan_0078
RDD2020_Japan_Japan_007844.jpg,train,pothole,RDD2020,Japan_0078
RDD2020_Japan_Japan_007845.jpg,train,alligator_crack,RDD2020,Japan_0078
RDD2020_Japan_Japan_007849.jpg,train,alligator_crack,RDD2020,Japan_0078
RDD2020_Japan_Japan_007852.jpg,train,both,RDD2020,Japan_0078
RDD2020_Japan_Japan_007853.jpg,train,alligator_crack,RDD2020,Japan_0078
RDD2020_Japan_Japan_007855.jpg,train,alligator_crack,RDD2020,Japan_0078
RDD2020_Japan_Japan_007856.jpg,train,alligator_crack,RDD2020,Japan_0078
RDD2020_Japan_Japan_007857.jpg,train,both,RDD2020,Japan_0078
RDD2020_Japan_Japan_007858.jpg,train,alligator_crack,RDD2020,Japan_0078
RDD2020_Japan_Japan_007860.jpg,train,alligator_crack,RDD2020,Japan_0078
RDD2020_Japan_Japan_007868.jpg,train,pothole,RDD2020,Japan_0078
RDD2020_Japan_Japan_007871.jpg,train,alligator_crack,RDD2020,Japan_0078
RDD2020_Japan_Japan_007872.jpg,train,alligator_crack,RDD2020,Japan_0078
RDD2020_Japan_Japan_007873.jpg,train,both,RDD2020,Japan_0078
RDD2020_Japan_Japan_007878.jpg,train,both,RDD2020,Japan_0078
RDD2020_Japan_Japan_007879.jpg,train,pothole,RDD2020,Japan_0078
RDD2020_Japan_Japan_007882.jpg,train,both,RDD2020,Japan_0078
RDD2020_Japan_Japan_007886.jpg,train,alligator_crack,RDD2020,Japan_0078
RDD2020_Japan_Japan_007890.jpg,train,alligator_crack,RDD2020,Japan_0078
RDD2020_Japan_Japan_007891.jpg,train,alligator_crack,RDD2020,Japan_0078
RDD2020_Japan_Japan_007895.jpg,train,alligator_crack,RDD2020,Japan_0078
RDD2020_Japan_Japan_007898.jpg,train,alligator_crack,RDD2020,Japan_0078
RDD2020_Japan_Japan_007899.jpg,train,pothole,RDD2020,Japan_0078
RDD2020_India_India_004600.jpg,train,both,RDD2020,India_0046
RDD2020_India_India_004601.jpg,train,alligator_crack,RDD2020,India_0046
RDD2020_India_India_004606.jpg,train,pothole,RDD2020,India_0046
RDD2020_India_India_004612.jpg,train,both,RDD2020,India_0046
RDD2020_India_India_004613.jpg,train,pothole,RDD2020,India_0046
RDD2020_India_India_004618.jpg,train,alligator_crack,RDD2020,India_0046
RDD2020_India_India_004626.jpg,train,both,RDD2020,India_0046
RDD2020_India_India_004627.jpg,train,pothole,RDD2020,India_0046
RDD2020_India_India_004629.jpg,train,pothole,RDD2020,India_0046
RDD2020_India_India_004632.jpg,train,pothole,RDD2020,India_0046
RDD2020_India_India_004633.jpg,train,pothole,RDD2020,India_0046
RDD2020_India_India_004637.jpg,train,alligator_crack,RDD2020,India_0046
RDD2020_India_India_004639.jpg,train,pothole,RDD2020,India_0046
RDD2020_India_India_004646.jpg,train,alligator_crack,RDD2020,India_0046
RDD2020_India_India_004650.jpg,train,alligator_crack,RDD2020,India_0046
RDD2020_India_India_004651.jpg,train,alligator_crack,RDD2020,India_0046
RDD2020_India_India_004655.jpg,train,pothole,RDD2020,India_0046
RDD2020_India_India_004657.jpg,train,pothole,RDD2020,India_0046
RDD2020_India_India_004658.jpg,train,alligator_crack,RDD2020,India_0046
RDD2020_India_India_004663.jpg,train,pothole,RDD2020,India_0046
RDD2020_India_India_004669.jpg,train,both,RDD2020,India_0046
RDD2020_India_India_004671.jpg,train,alligator_crack,RDD2020,India_0046
RDD2020_India_India_004679.jpg,train,alligator_crack,RDD2020,India_0046
RDD2020_India_India_004686.jpg,train,pothole,RDD2020,India_0046
RDD2020_India_India_004689.jpg,train,alligator_crack,RDD2020,India_0046
RDD2020_India_India_004690.jpg,train,alligator_crack,RDD2020,India_0046
RDD2020_India_India_004695.jpg,train,both,RDD2020,India_0046
RDD2020_Czech_Czech_002132.jpg,train,alligator_crack,RDD2020,Czech_0021
RDD2020_Czech_Czech_002136.jpg,train,alligator_crack,RDD2020,Czech_0021
RDD2020_Czech_Czech_002145.jpg,train,alligator_crack,RDD2020,Czech_0021
RDD2020_Czech_Czech_002147.jpg,train,pothole,RDD2020,Czech_0021
RDD2020_Czech_Czech_002165.jpg,train,alligator_crack,RDD2020,Czech_0021
RDD2020_Japan_Japan_002901.jpg,train,alligator_crack,RDD2020,Japan_0029
RDD2020_Japan_Japan_002902.jpg,train,both,RDD2020,Japan_0029
RDD2020_Japan_Japan_002903.jpg,train,alligator_crack,RDD2020,Japan_0029
RDD2020_Japan_Japan_002907.jpg,train,alligator_crack,RDD2020,Japan_0029
RDD2020_Japan_Japan_002910.jpg,train,alligator_crack,RDD2020,Japan_0029
RDD2020_Japan_Japan_002913.jpg,train,alligator_crack,RDD2020,Japan_0029
RDD2020_Japan_Japan_002914.jpg,train,alligator_crack,RDD2020,Japan_0029
RDD2020_Japan_Japan_002916.jpg,train,alligator_crack,RDD2020,Japan_0029
RDD2020_Japan_Japan_002917.jpg,train,pothole,RDD2020,Japan_0029
RDD2020_Japan_Japan_002918.jpg,train,alligator_crack,RDD2020,Japan_0029
RDD2020_Japan_Japan_002920.jpg,train,alligator_crack,RDD2020,Japan_0029
RDD2020_Japan_Japan_002922.jpg,train,alligator_crack,RDD2020,Japan_0029
RDD2020_Japan_Japan_002924.jpg,train,alligator_crack,RDD2020,Japan_0029
RDD2020_Japan_Japan_002925.jpg,train,alligator_crack,RDD2020,Japan_0029
RDD2020_Japan_Japan_002926.jpg,train,alligator_crack,RDD2020,Japan_0029
RDD2020_Japan_Japan_002938.jpg,train,alligator_crack,RDD2020,Japan_0029
RDD2020_Japan_Japan_002940.jpg,train,alligator_crack,RDD2020,Japan_0029
RDD2020_Japan_Japan_002941.jpg,train,alligator_crack,RDD2020,Japan_0029
RDD2020_Japan_Japan_002943.jpg,train,both,RDD2020,Japan_0029
RDD2020_Japan_Japan_002944.jpg,train,alligator_crack,RDD2020,Japan_0029
RDD2020_Japan_Japan_002945.jpg,train,alligator_crack,RDD2020,Japan_0029
RDD2020_Japan_Japan_002950.jpg,train,alligator_crack,RDD2020,Japan_0029
RDD2020_Japan_Japan_002953.jpg,train,alligator_crack,RDD2020,Japan_0029
RDD2020_Japan_Japan_002959.jpg,train,alligator_crack,RDD2020,Japan_0029
RDD2020_Japan_Japan_002960.jpg,train,alligator_crack,RDD2020,Japan_0029
RDD2020_Japan_Japan_002962.jpg,train,pothole,RDD2020,Japan_0029
RDD2020_Japan_Japan_002963.jpg,train,alligator_crack,RDD2020,Japan_0029
RDD2020_Japan_Japan_002964.jpg,train,alligator_crack,RDD2020,Japan_0029
RDD2020_Japan_Japan_002965.jpg,train,alligator_crack,RDD2020,Japan_0029
RDD2020_Japan_Japan_002966.jpg,train,alligator_crack,RDD2020,Japan_0029
RDD2020_Japan_Japan_002969.jpg,train,alligator_crack,RDD2020,Japan_0029
RDD2020_Japan_Japan_002970.jpg,train,pothole,RDD2020,Japan_0029
RDD2020_Japan_Japan_002971.jpg,train,alligator_crack,RDD2020,Japan_0029
RDD2020_Japan_Japan_002972.jpg,train,alligator_crack,RDD2020,Japan_0029
RDD2020_Japan_Japan_002973.jpg,train,alligator_crack,RDD2020,Japan_0029
RDD2020_Japan_Japan_002979.jpg,train,alligator_crack,RDD2020,Japan_0029
RDD2020_Japan_Japan_002981.jpg,train,alligator_crack,RDD2020,Japan_0029
RDD2020_Japan_Japan_002982.jpg,train,alligator_crack,RDD2020,Japan_0029
RDD2020_Japan_Japan_002984.jpg,train,alligator_crack,RDD2020,Japan_0029
RDD2020_Japan_Japan_002987.jpg,train,alligator_crack,RDD2020,Japan_0029
RDD2020_Japan_Japan_002988.jpg,train,pothole,RDD2020,Japan_0029
RDD2020_Japan_Japan_002993.jpg,train,alligator_crack,RDD2020,Japan_0029
RDD2020_Japan_Japan_002995.jpg,train,pothole,RDD2020,Japan_0029
RDD2020_Japan_Japan_002996.jpg,train,pothole,RDD2020,Japan_0029
RDD2020_Japan_Japan_002999.jpg,train,alligator_crack,RDD2020,Japan_0029
RDD2020_Japan_Japan_007705.jpg,train,alligator_crack,RDD2020,Japan_0077
RDD2020_Japan_Japan_007707.jpg,train,alligator_crack,RDD2020,Japan_0077
RDD2020_Japan_Japan_007709.jpg,train,alligator_crack,RDD2020,Japan_0077
RDD2020_Japan_Japan_007714.jpg,train,both,RDD2020,Japan_0077
RDD2020_Japan_Japan_007718.jpg,train,alligator_crack,RDD2020,Japan_0077
RDD2020_Japan_Japan_007721.jpg,train,alligator_crack,RDD2020,Japan_0077
RDD2020_Japan_Japan_007723.jpg,train,alligator_crack,RDD2020,Japan_0077
RDD2020_Japan_Japan_007724.jpg,train,pothole,RDD2020,Japan_0077
RDD2020_Japan_Japan_007725.jpg,train,alligator_crack,RDD2020,Japan_0077
RDD2020_Japan_Japan_007728.jpg,train,alligator_crack,RDD2020,Japan_0077
RDD2020_Japan_Japan_007731.jpg,train,alligator_crack,RDD2020,Japan_0077
RDD2020_Japan_Japan_007735.jpg,train,alligator_crack,RDD2020,Japan_0077
RDD2020_Japan_Japan_007741.jpg,train,alligator_crack,RDD2020,Japan_0077
RDD2020_Japan_Japan_007745.jpg,train,both,RDD2020,Japan_0077
RDD2020_Japan_Japan_007749.jpg,train,both,RDD2020,Japan_0077
RDD2020_Japan_Japan_007750.jpg,train,pothole,RDD2020,Japan_0077
RDD2020_Japan_Japan_007751.jpg,train,alligator_crack,RDD2020,Japan_0077
RDD2020_Japan_Japan_007755.jpg,train,alligator_crack,RDD2020,Japan_0077
RDD2020_Japan_Japan_007756.jpg,train,alligator_crack,RDD2020,Japan_0077
RDD2020_Japan_Japan_007757.jpg,train,alligator_crack,RDD2020,Japan_0077
RDD2020_Japan_Japan_007758.jpg,train,both,RDD2020,Japan_0077
RDD2020_Japan_Japan_007760.jpg,train,both,RDD2020,Japan_0077
RDD2020_Japan_Japan_007766.jpg,train,alligator_crack,RDD2020,Japan_0077
RDD2020_Japan_Japan_007769.jpg,train,alligator_crack,RDD2020,Japan_0077
RDD2020_Japan_Japan_007775.jpg,train,alligator_crack,RDD2020,Japan_0077
RDD2020_Japan_Japan_007776.jpg,train,alligator_crack,RDD2020,Japan_0077
RDD2020_Japan_Japan_007779.jpg,train,both,RDD2020,Japan_0077
RDD2020_Japan_Japan_007780.jpg,train,alligator_crack,RDD2020,Japan_0077
RDD2020_Japan_Japan_007781.jpg,train,pothole,RDD2020,Japan_0077
RDD2020_Japan_Japan_007782.jpg,train,alligator_crack,RDD2020,Japan_0077
RDD2020_Japan_Japan_007784.jpg,train,alligator_crack,RDD2020,Japan_0077
RDD2020_Japan_Japan_007786.jpg,train,alligator_crack,RDD2020,Japan_0077
RDD2020_Japan_Japan_007787.jpg,train,both,RDD2020,Japan_0077
RDD2020_Japan_Japan_007790.jpg,train,alligator_crack,RDD2020,Japan_0077
RDD2020_Japan_Japan_007791.jpg,train,alligator_crack,RDD2020,Japan_0077
RDD2020_Japan_Japan_007796.jpg,train,both,RDD2020,Japan_0077
RDD2020_Japan_Japan_007600.jpg,train,both,RDD2020,Japan_0076
RDD2020_Japan_Japan_007604.jpg,train,pothole,RDD2020,Japan_0076
RDD2020_Japan_Japan_007607.jpg,train,pothole,RDD2020,Japan_0076
RDD2020_Japan_Japan_007609.jpg,train,alligator_crack,RDD2020,Japan_0076
RDD2020_Japan_Japan_007610.jpg,train,pothole,RDD2020,Japan_0076
RDD2020_Japan_Japan_007611.jpg,train,both,RDD2020,Japan_0076
RDD2020_Japan_Japan_007612.jpg,train,alligator_crack,RDD2020,Japan_0076
RDD2020_Japan_Japan_007614.jpg,train,pothole,RDD2020,Japan_0076
RDD2020_Japan_Japan_007621.jpg,train,alligator_crack,RDD2020,Japan_0076
RDD2020_Japan_Japan_007622.jpg,train,alligator_crack,RDD2020,Japan_0076
RDD2020_Japan_Japan_007625.jpg,train,alligator_crack,RDD2020,Japan_0076
RDD2020_Japan_Japan_007626.jpg,train,alligator_crack,RDD2020,Japan_0076
RDD2020_Japan_Japan_007628.jpg,train,alligator_crack,RDD2020,Japan_0076
RDD2020_Japan_Japan_007629.jpg,train,both,RDD2020,Japan_0076
RDD2020_Japan_Japan_007633.jpg,train,both,RDD2020,Japan_0076
RDD2020_Japan_Japan_007634.jpg,train,pothole,RDD2020,Japan_0076
RDD2020_Japan_Japan_007635.jpg,train,pothole,RDD2020,Japan_0076
RDD2020_Japan_Japan_007636.jpg,train,alligator_crack,RDD2020,Japan_0076
RDD2020_Japan_Japan_007637.jpg,train,pothole,RDD2020,Japan_0076
RDD2020_Japan_Japan_007639.jpg,train,alligator_crack,RDD2020,Japan_0076
RDD2020_Japan_Japan_007640.jpg,train,alligator_crack,RDD2020,Japan_0076
RDD2020_Japan_Japan_007642.jpg,train,alligator_crack,RDD2020,Japan_0076
RDD2020_Japan_Japan_007648.jpg,train,pothole,RDD2020,Japan_0076
RDD2020_Japan_Japan_007649.jpg,train,alligator_crack,RDD2020,Japan_0076
RDD2020_Japan_Japan_007652.jpg,train,alligator_crack,RDD2020,Japan_0076
RDD2020_Japan_Japan_007653.jpg,train,alligator_crack,RDD2020,Japan_0076
RDD2020_Japan_Japan_007654.jpg,train,alligator_crack,RDD2020,Japan_0076
RDD2020_Japan_Japan_007655.jpg,train,both,RDD2020,Japan_0076
RDD2020_Japan_Japan_007658.jpg,train,both,RDD2020,Japan_0076
RDD2020_Japan_Japan_007659.jpg,train,alligator_crack,RDD2020,Japan_0076
RDD2020_Japan_Japan_007661.jpg,train,alligator_crack,RDD2020,Japan_0076
RDD2020_Japan_Japan_007665.jpg,train,both,RDD2020,Japan_0076
RDD2020_Japan_Japan_007668.jpg,train,alligator_crack,RDD2020,Japan_0076
RDD2020_Japan_Japan_007670.jpg,train,alligator_crack,RDD2020,Japan_0076
RDD2020_Japan_Japan_007672.jpg,train,alligator_crack,RDD2020,Japan_0076
RDD2020_Japan_Japan_007675.jpg,train,alligator_crack,RDD2020,Japan_0076
RDD2020_Japan_Japan_007676.jpg,train,alligator_crack,RDD2020,Japan_0076
RDD2020_Japan_Japan_007678.jpg,train,alligator_crack,RDD2020,Japan_0076
RDD2020_Japan_Japan_007679.jpg,train,both,RDD2020,Japan_0076
RDD2020_Japan_Japan_007680.jpg,train,both,RDD2020,Japan_0076
RDD2020_Japan_Japan_007683.jpg,train,both,RDD2020,Japan_0076
RDD2020_Japan_Japan_007684.jpg,train,alligator_crack,RDD2020,Japan_0076
RDD2020_Japan_Japan_007692.jpg,train,alligator_crack,RDD2020,Japan_0076
RDD2020_Japan_Japan_007695.jpg,train,alligator_crack,RDD2020,Japan_0076
RDD2020_Japan_Japan_007696.jpg,train,alligator_crack,RDD2020,Japan_0076
RDD2020_Japan_Japan_007697.jpg,train,alligator_crack,RDD2020,Japan_0076
RDD2020_Japan_Japan_007698.jpg,train,alligator_crack,RDD2020,Japan_0076
RDD2020_Japan_Japan_007699.jpg,train,both,RDD2020,Japan_0076
RDD2020_India_India_007604.jpg,train,pothole,RDD2020,India_0076
RDD2020_India_India_007611.jpg,train,pothole,RDD2020,India_0076
RDD2020_India_India_007615.jpg,train,alligator_crack,RDD2020,India_0076
RDD2020_India_India_007616.jpg,train,pothole,RDD2020,India_0076
RDD2020_India_India_007618.jpg,train,alligator_crack,RDD2020,India_0076
RDD2020_India_India_007621.jpg,train,alligator_crack,RDD2020,India_0076
RDD2020_India_India_007626.jpg,train,alligator_crack,RDD2020,India_0076
RDD2020_India_India_007627.jpg,train,both,RDD2020,India_0076
RDD2020_India_India_007628.jpg,train,both,RDD2020,India_0076
RDD2020_India_India_007629.jpg,train,pothole,RDD2020,India_0076
RDD2020_India_India_007630.jpg,train,pothole,RDD2020,India_0076
RDD2020_India_India_007633.jpg,train,pothole,RDD2020,India_0076
RDD2020_India_India_007637.jpg,train,pothole,RDD2020,India_0076
RDD2020_India_India_007641.jpg,train,pothole,RDD2020,India_0076
RDD2020_India_India_007642.jpg,train,both,RDD2020,India_0076
RDD2020_India_India_007644.jpg,train,pothole,RDD2020,India_0076
RDD2020_India_India_007646.jpg,train,alligator_crack,RDD2020,India_0076
RDD2020_India_India_007647.jpg,train,pothole,RDD2020,India_0076
RDD2020_India_India_007650.jpg,train,pothole,RDD2020,India_0076
RDD2020_India_India_007651.jpg,train,pothole,RDD2020,India_0076
RDD2020_India_India_007655.jpg,train,alligator_crack,RDD2020,India_0076
RDD2020_India_India_007658.jpg,train,pothole,RDD2020,India_0076
RDD2020_India_India_007667.jpg,train,alligator_crack,RDD2020,India_0076
RDD2020_India_India_007670.jpg,train,alligator_crack,RDD2020,India_0076
RDD2020_India_India_007672.jpg,train,pothole,RDD2020,India_0076
RDD2020_India_India_007676.jpg,train,alligator_crack,RDD2020,India_0076
RDD2020_India_India_007682.jpg,train,alligator_crack,RDD2020,India_0076
RDD2020_India_India_007689.jpg,train,alligator_crack,RDD2020,India_0076
RDD2020_India_India_007691.jpg,train,alligator_crack,RDD2020,India_0076
RDD2020_India_India_007697.jpg,train,pothole,RDD2020,India_0076
RDD2020_India_India_007699.jpg,train,both,RDD2020,India_0076
RDD2020_Czech_Czech_003500.jpg,train,pothole,RDD2020,Czech_0035
RDD2020_Czech_Czech_003510.jpg,train,pothole,RDD2020,Czech_0035
RDD2020_Czech_Czech_003513.jpg,train,alligator_crack,RDD2020,Czech_0035
RDD2020_Czech_Czech_003536.jpg,train,pothole,RDD2020,Czech_0035
RDD2020_Czech_Czech_003537.jpg,train,pothole,RDD2020,Czech_0035
RDD2020_Czech_Czech_003560.jpg,train,both,RDD2020,Czech_0035
RDD2020_Czech_Czech_003564.jpg,train,pothole,RDD2020,Czech_0035
RDD2020_Czech_Czech_003565.jpg,train,both,RDD2020,Czech_0035
RDD2020_Czech_Czech_003571.jpg,train,alligator_crack,RDD2020,Czech_0035
RDD2020_Czech_Czech_003579.jpg,train,alligator_crack,RDD2020,Czech_0035
RDD2020_Czech_Czech_003580.jpg,train,both,RDD2020,Czech_0035
RDD2020_Czech_Czech_003583.jpg,train,alligator_crack,RDD2020,Czech_0035
RDD2020_Czech_Czech_003584.jpg,train,pothole,RDD2020,Czech_0035
RDD2020_Czech_Czech_001219.jpg,train,alligator_crack,RDD2020,Czech_0012
RDD2020_Czech_Czech_001240.jpg,train,both,RDD2020,Czech_0012
RDD2020_Czech_Czech_001247.jpg,train,alligator_crack,RDD2020,Czech_0012
RDD2020_Czech_Czech_001251.jpg,train,pothole,RDD2020,Czech_0012
RDD2020_Czech_Czech_001258.jpg,train,pothole,RDD2020,Czech_0012
RDD2020_Czech_Czech_001264.jpg,train,alligator_crack,RDD2020,Czech_0012
RDD2020_Czech_Czech_001277.jpg,train,both,RDD2020,Czech_0012
RDD2020_Czech_Czech_001278.jpg,train,both,RDD2020,Czech_0012
RDD2020_Czech_Czech_001279.jpg,train,both,RDD2020,Czech_0012
RDD2020_Czech_Czech_001284.jpg,train,both,RDD2020,Czech_0012
RDD2020_Czech_Czech_001285.jpg,train,pothole,RDD2020,Czech_0012
RDD2020_Czech_Czech_001292.jpg,train,alligator_crack,RDD2020,Czech_0012
RDD2020_Japan_Japan_007301.jpg,train,alligator_crack,RDD2020,Japan_0073
RDD2020_Japan_Japan_007302.jpg,train,alligator_crack,RDD2020,Japan_0073
RDD2020_Japan_Japan_007305.jpg,train,alligator_crack,RDD2020,Japan_0073
RDD2020_Japan_Japan_007307.jpg,train,both,RDD2020,Japan_0073
RDD2020_Japan_Japan_007308.jpg,train,pothole,RDD2020,Japan_0073
RDD2020_Japan_Japan_007309.jpg,train,alligator_crack,RDD2020,Japan_0073
RDD2020_Japan_Japan_007310.jpg,train,alligator_crack,RDD2020,Japan_0073
RDD2020_Japan_Japan_007311.jpg,train,alligator_crack,RDD2020,Japan_0073
RDD2020_Japan_Japan_007320.jpg,train,alligator_crack,RDD2020,Japan_0073
RDD2020_Japan_Japan_007324.jpg,train,both,RDD2020,Japan_0073
RDD2020_Japan_Japan_007327.jpg,train,alligator_crack,RDD2020,Japan_0073
RDD2020_Japan_Japan_007328.jpg,train,alligator_crack,RDD2020,Japan_0073
RDD2020_Japan_Japan_007330.jpg,train,alligator_crack,RDD2020,Japan_0073
RDD2020_Japan_Japan_007331.jpg,train,pothole,RDD2020,Japan_0073
RDD2020_Japan_Japan_007333.jpg,train,alligator_crack,RDD2020,Japan_0073
RDD2020_Japan_Japan_007337.jpg,train,alligator_crack,RDD2020,Japan_0073
RDD2020_Japan_Japan_007338.jpg,train,pothole,RDD2020,Japan_0073
RDD2020_Japan_Japan_007340.jpg,train,both,RDD2020,Japan_0073
RDD2020_Japan_Japan_007342.jpg,train,alligator_crack,RDD2020,Japan_0073
RDD2020_Japan_Japan_007343.jpg,train,alligator_crack,RDD2020,Japan_0073
RDD2020_Japan_Japan_007344.jpg,train,alligator_crack,RDD2020,Japan_0073
RDD2020_Japan_Japan_007345.jpg,train,both,RDD2020,Japan_0073
RDD2020_Japan_Japan_007347.jpg,train,alligator_crack,RDD2020,Japan_0073
RDD2020_Japan_Japan_007348.jpg,train,alligator_crack,RDD2020,Japan_0073
RDD2020_Japan_Japan_007351.jpg,train,both,RDD2020,Japan_0073
RDD2020_Japan_Japan_007352.jpg,train,alligator_crack,RDD2020,Japan_0073
RDD2020_Japan_Japan_007354.jpg,train,alligator_crack,RDD2020,Japan_0073
RDD2020_Japan_Japan_007355.jpg,train,alligator_crack,RDD2020,Japan_0073
RDD2020_Japan_Japan_007356.jpg,train,pothole,RDD2020,Japan_0073
RDD2020_Japan_Japan_007357.jpg,train,both,RDD2020,Japan_0073
RDD2020_Japan_Japan_007359.jpg,train,alligator_crack,RDD2020,Japan_0073
RDD2020_Japan_Japan_007360.jpg,train,alligator_crack,RDD2020,Japan_0073
RDD2020_Japan_Japan_007361.jpg,train,alligator_crack,RDD2020,Japan_0073
RDD2020_Japan_Japan_007362.jpg,train,alligator_crack,RDD2020,Japan_0073
RDD2020_Japan_Japan_007364.jpg,train,pothole,RDD2020,Japan_0073
RDD2020_Japan_Japan_007366.jpg,train,alligator_crack,RDD2020,Japan_0073
RDD2020_Japan_Japan_007368.jpg,train,alligator_crack,RDD2020,Japan_0073
RDD2020_Japan_Japan_007370.jpg,train,alligator_crack,RDD2020,Japan_0073
RDD2020_Japan_Japan_007371.jpg,train,pothole,RDD2020,Japan_0073
RDD2020_Japan_Japan_007374.jpg,train,pothole,RDD2020,Japan_0073
RDD2020_Japan_Japan_007375.jpg,train,alligator_crack,RDD2020,Japan_0073
RDD2020_Japan_Japan_007376.jpg,train,alligator_crack,RDD2020,Japan_0073
RDD2020_Japan_Japan_007378.jpg,train,pothole,RDD2020,Japan_0073
RDD2020_Japan_Japan_007381.jpg,train,pothole,RDD2020,Japan_0073
RDD2020_Japan_Japan_007383.jpg,train,alligator_crack,RDD2020,Japan_0073
RDD2020_Japan_Japan_007391.jpg,train,pothole,RDD2020,Japan_0073
RDD2020_Japan_Japan_007393.jpg,train,alligator_crack,RDD2020,Japan_0073
RDD2020_Japan_Japan_007397.jpg,train,alligator_crack,RDD2020,Japan_0073
RDD2020_Japan_Japan_001601.jpg,train,alligator_crack,RDD2020,Japan_0016
RDD2020_Japan_Japan_001604.jpg,train,alligator_crack,RDD2020,Japan_0016
RDD2020_Japan_Japan_001610.jpg,train,alligator_crack,RDD2020,Japan_0016
RDD2020_Japan_Japan_001611.jpg,train,pothole,RDD2020,Japan_0016
RDD2020_Japan_Japan_001612.jpg,train,alligator_crack,RDD2020,Japan_0016
RDD2020_Japan_Japan_001613.jpg,train,pothole,RDD2020,Japan_0016
RDD2020_Japan_Japan_001614.jpg,train,alligator_crack,RDD2020,Japan_0016
RDD2020_Japan_Japan_001616.jpg,train,alligator_crack,RDD2020,Japan_0016
RDD2020_Japan_Japan_001617.jpg,train,alligator_crack,RDD2020,Japan_0016
RDD2020_Japan_Japan_001618.jpg,train,alligator_crack,RDD2020,Japan_0016
RDD2020_Japan_Japan_001620.jpg,train,alligator_crack,RDD2020,Japan_0016
RDD2020_Japan_Japan_001621.jpg,train,alligator_crack,RDD2020,Japan_0016
RDD2020_Japan_Japan_001623.jpg,train,alligator_crack,RDD2020,Japan_0016
RDD2020_Japan_Japan_001627.jpg,train,alligator_crack,RDD2020,Japan_0016
RDD2020_Japan_Japan_001628.jpg,train,alligator_crack,RDD2020,Japan_0016
RDD2020_Japan_Japan_001630.jpg,train,alligator_crack,RDD2020,Japan_0016
RDD2020_Japan_Japan_001631.jpg,train,alligator_crack,RDD2020,Japan_0016
RDD2020_Japan_Japan_001636.jpg,train,alligator_crack,RDD2020,Japan_0016
RDD2020_Japan_Japan_001637.jpg,train,both,RDD2020,Japan_0016
RDD2020_Japan_Japan_001638.jpg,train,both,RDD2020,Japan_0016
RDD2020_Japan_Japan_001640.jpg,train,alligator_crack,RDD2020,Japan_0016
RDD2020_Japan_Japan_001641.jpg,train,both,RDD2020,Japan_0016
RDD2020_Japan_Japan_001642.jpg,train,alligator_crack,RDD2020,Japan_0016
RDD2020_Japan_Japan_001644.jpg,train,alligator_crack,RDD2020,Japan_0016
RDD2020_Japan_Japan_001645.jpg,train,alligator_crack,RDD2020,Japan_0016
RDD2020_Japan_Japan_001647.jpg,train,both,RDD2020,Japan_0016
RDD2020_Japan_Japan_001649.jpg,train,pothole,RDD2020,Japan_0016
RDD2020_Japan_Japan_001655.jpg,train,alligator_crack,RDD2020,Japan_0016
RDD2020_Japan_Japan_001656.jpg,train,both,RDD2020,Japan_0016
RDD2020_Japan_Japan_001659.jpg,train,alligator_crack,RDD2020,Japan_0016
RDD2020_Japan_Japan_001660.jpg,train,pothole,RDD2020,Japan_0016
RDD2020_Japan_Japan_001662.jpg,train,alligator_crack,RDD2020,Japan_0016
RDD2020_Japan_Japan_001663.jpg,train,alligator_crack,RDD2020,Japan_0016
RDD2020_Japan_Japan_001666.jpg,train,alligator_crack,RDD2020,Japan_0016
RDD2020_Japan_Japan_001667.jpg,train,pothole,RDD2020,Japan_0016
RDD2020_Japan_Japan_001668.jpg,train,pothole,RDD2020,Japan_0016
RDD2020_Japan_Japan_001669.jpg,train,alligator_crack,RDD2020,Japan_0016
RDD2020_Japan_Japan_001673.jpg,train,alligator_crack,RDD2020,Japan_0016
RDD2020_Japan_Japan_001677.jpg,train,alligator_crack,RDD2020,Japan_0016
RDD2020_Japan_Japan_001678.jpg,train,both,RDD2020,Japan_0016
RDD2020_Japan_Japan_001679.jpg,train,alligator_crack,RDD2020,Japan_0016
RDD2020_Japan_Japan_001680.jpg,train,pothole,RDD2020,Japan_0016
RDD2020_Japan_Japan_001682.jpg,train,alligator_crack,RDD2020,Japan_0016
RDD2020_Japan_Japan_001683.jpg,train,alligator_crack,RDD2020,Japan_0016
RDD2020_Japan_Japan_001685.jpg,train,pothole,RDD2020,Japan_0016
RDD2020_Japan_Japan_001687.jpg,train,alligator_crack,RDD2020,Japan_0016
RDD2020_Japan_Japan_001690.jpg,train,alligator_crack,RDD2020,Japan_0016
RDD2020_Japan_Japan_001694.jpg,train,alligator_crack,RDD2020,Japan_0016
RDD2020_Japan_Japan_001696.jpg,train,alligator_crack,RDD2020,Japan_0016
RDD2020_Japan_Japan_001698.jpg,train,alligator_crack,RDD2020,Japan_0016
RDD2020_Czech_Czech_002708.jpg,train,alligator_crack,RDD2020,Czech_0027
RDD2020_Czech_Czech_002713.jpg,train,alligator_crack,RDD2020,Czech_0027
RDD2020_Czech_Czech_002742.jpg,train,alligator_crack,RDD2020,Czech_0027
RDD2020_Czech_Czech_002752.jpg,train,both,RDD2020,Czech_0027
RDD2020_Czech_Czech_002792.jpg,train,both,RDD2020,Czech_0027
RDD2020_India_India_001900.jpg,train,pothole,RDD2020,India_0019
RDD2020_India_India_001902.jpg,train,pothole,RDD2020,India_0019
RDD2020_India_India_001903.jpg,train,pothole,RDD2020,India_0019
RDD2020_India_India_001904.jpg,train,pothole,RDD2020,India_0019
RDD2020_India_India_001906.jpg,train,pothole,RDD2020,India_0019
RDD2020_India_India_001907.jpg,train,both,RDD2020,India_0019
RDD2020_India_India_001908.jpg,train,pothole,RDD2020,India_0019
RDD2020_India_India_001913.jpg,train,alligator_crack,RDD2020,India_0019
RDD2020_India_India_001923.jpg,train,pothole,RDD2020,India_0019
RDD2020_India_India_001925.jpg,train,pothole,RDD2020,India_0019
RDD2020_India_India_001932.jpg,train,both,RDD2020,India_0019
RDD2020_India_India_001935.jpg,train,alligator_crack,RDD2020,India_0019
RDD2020_India_India_001939.jpg,train,pothole,RDD2020,India_0019
RDD2020_India_India_001949.jpg,train,alligator_crack,RDD2020,India_0019
RDD2020_India_India_001954.jpg,train,alligator_crack,RDD2020,India_0019
RDD2020_India_India_001957.jpg,train,alligator_crack,RDD2020,India_0019
RDD2020_India_India_001958.jpg,train,alligator_crack,RDD2020,India_0019
RDD2020_India_India_001966.jpg,train,alligator_crack,RDD2020,India_0019
RDD2020_India_India_001967.jpg,train,both,RDD2020,India_0019
RDD2020_India_India_001969.jpg,train,pothole,RDD2020,India_0019
RDD2020_India_India_001977.jpg,train,both,RDD2020,India_0019
RDD2020_India_India_001982.jpg,train,alligator_crack,RDD2020,India_0019
RDD2020_India_India_001983.jpg,train,pothole,RDD2020,India_0019
RDD2020_India_India_001984.jpg,train,both,RDD2020,India_0019
RDD2020_India_India_001988.jpg,train,alligator_crack,RDD2020,India_0019
RDD2020_India_India_001989.jpg,train,pothole,RDD2020,India_0019
RDD2020_India_India_001996.jpg,train,pothole,RDD2020,India_0019
RDD2020_Japan_Japan_009700.jpg,train,alligator_crack,RDD2020,Japan_0097
RDD2020_Japan_Japan_009705.jpg,train,alligator_crack,RDD2020,Japan_0097
RDD2020_Japan_Japan_009706.jpg,train,pothole,RDD2020,Japan_0097
RDD2020_Japan_Japan_009707.jpg,train,alligator_crack,RDD2020,Japan_0097
RDD2020_Japan_Japan_009709.jpg,train,alligator_crack,RDD2020,Japan_0097
RDD2020_Japan_Japan_009712.jpg,train,alligator_crack,RDD2020,Japan_0097
RDD2020_Japan_Japan_009713.jpg,train,alligator_crack,RDD2020,Japan_0097
RDD2020_Japan_Japan_009714.jpg,train,alligator_crack,RDD2020,Japan_0097
RDD2020_Japan_Japan_009717.jpg,train,alligator_crack,RDD2020,Japan_0097
RDD2020_Japan_Japan_009719.jpg,train,both,RDD2020,Japan_0097
RDD2020_Japan_Japan_009720.jpg,train,alligator_crack,RDD2020,Japan_0097
RDD2020_Japan_Japan_009724.jpg,train,alligator_crack,RDD2020,Japan_0097
RDD2020_Japan_Japan_009725.jpg,train,alligator_crack,RDD2020,Japan_0097
RDD2020_Japan_Japan_009726.jpg,train,alligator_crack,RDD2020,Japan_0097
RDD2020_Japan_Japan_009730.jpg,train,pothole,RDD2020,Japan_0097
RDD2020_Japan_Japan_009732.jpg,train,alligator_crack,RDD2020,Japan_0097
RDD2020_Japan_Japan_009733.jpg,train,both,RDD2020,Japan_0097
RDD2020_Japan_Japan_009734.jpg,train,alligator_crack,RDD2020,Japan_0097
RDD2020_Japan_Japan_009735.jpg,train,alligator_crack,RDD2020,Japan_0097
RDD2020_Japan_Japan_009737.jpg,train,pothole,RDD2020,Japan_0097
RDD2020_Japan_Japan_009742.jpg,train,alligator_crack,RDD2020,Japan_0097
RDD2020_Japan_Japan_009743.jpg,train,alligator_crack,RDD2020,Japan_0097
RDD2020_Japan_Japan_009746.jpg,train,alligator_crack,RDD2020,Japan_0097
RDD2020_Japan_Japan_009748.jpg,train,alligator_crack,RDD2020,Japan_0097
RDD2020_Japan_Japan_009749.jpg,train,alligator_crack,RDD2020,Japan_0097
RDD2020_Japan_Japan_009751.jpg,train,alligator_crack,RDD2020,Japan_0097
RDD2020_Japan_Japan_009764.jpg,train,alligator_crack,RDD2020,Japan_0097
RDD2020_Japan_Japan_009765.jpg,train,pothole,RDD2020,Japan_0097
RDD2020_Japan_Japan_009766.jpg,train,alligator_crack,RDD2020,Japan_0097
RDD2020_Japan_Japan_009769.jpg,train,alligator_crack,RDD2020,Japan_0097
RDD2020_Japan_Japan_009770.jpg,train,alligator_crack,RDD2020,Japan_0097
RDD2020_Japan_Japan_009773.jpg,train,alligator_crack,RDD2020,Japan_0097
RDD2020_Japan_Japan_009776.jpg,train,both,RDD2020,Japan_0097
RDD2020_Japan_Japan_009783.jpg,train,alligator_crack,RDD2020,Japan_0097
RDD2020_Japan_Japan_009784.jpg,train,pothole,RDD2020,Japan_0097
RDD2020_Japan_Japan_009789.jpg,train,both,RDD2020,Japan_0097
RDD2020_Japan_Japan_009794.jpg,train,alligator_crack,RDD2020,Japan_0097
RDD2020_Japan_Japan_009796.jpg,train,alligator_crack,RDD2020,Japan_0097
RDD2020_Japan_Japan_009798.jpg,train,alligator_crack,RDD2020,Japan_0097
RDD2020_Japan_Japan_009799.jpg,train,alligator_crack,RDD2020,Japan_0097
RDD2020_India_India_007702.jpg,train,alligator_crack,RDD2020,India_0077
RDD2020_India_India_007704.jpg,train,alligator_crack,RDD2020,India_0077
RDD2020_India_India_007706.jpg,train,both,RDD2020,India_0077
RDD2020_India_India_007707.jpg,train,both,RDD2020,India_0077
RDD2020_India_India_007708.jpg,train,alligator_crack,RDD2020,India_0077
RDD2020_India_India_007712.jpg,train,pothole,RDD2020,India_0077
RDD2020_India_India_007713.jpg,train,pothole,RDD2020,India_0077
RDD2020_India_India_007716.jpg,train,both,RDD2020,India_0077
RDD2020_India_India_007718.jpg,train,alligator_crack,RDD2020,India_0077
RDD2020_India_India_007720.jpg,train,both,RDD2020,India_0077
RDD2020_India_India_007722.jpg,train,pothole,RDD2020,India_0077
RDD2020_India_India_007723.jpg,train,pothole,RDD2020,India_0077
RDD2020_India_India_007734.jpg,train,pothole,RDD2020,India_0077
RDD2020_India_India_007735.jpg,train,both,RDD2020,India_0077
RDD2020_India_India_007737.jpg,train,pothole,RDD2020,India_0077
RDD2020_India_India_007740.jpg,train,both,RDD2020,India_0077
RDD2020_India_India_007741.jpg,train,alligator_crack,RDD2020,India_0077
RDD2020_India_India_007745.jpg,train,both,RDD2020,India_0077
RDD2020_India_India_007749.jpg,train,both,RDD2020,India_0077
RDD2020_India_India_007761.jpg,train,alligator_crack,RDD2020,India_0077
RDD2020_India_India_007766.jpg,train,both,RDD2020,India_0077
RDD2020_India_India_007767.jpg,train,alligator_crack,RDD2020,India_0077
RDD2020_India_India_007769.jpg,train,alligator_crack,RDD2020,India_0077
RDD2020_India_India_007772.jpg,train,alligator_crack,RDD2020,India_0077
RDD2020_India_India_007779.jpg,train,alligator_crack,RDD2020,India_0077
RDD2020_India_India_007781.jpg,train,pothole,RDD2020,India_0077
RDD2020_India_India_007782.jpg,train,pothole,RDD2020,India_0077
RDD2020_India_India_007785.jpg,train,both,RDD2020,India_0077
RDD2020_India_India_007789.jpg,train,both,RDD2020,India_0077
RDD2020_India_India_007791.jpg,train,pothole,RDD2020,India_0077
RDD2020_Japan_Japan_000700.jpg,train,negative_background,RDD2020,Japan_0007
RDD2020_Japan_Japan_000702.jpg,train,alligator_crack,RDD2020,Japan_0007
RDD2020_Japan_Japan_000703.jpg,train,negative_background,RDD2020,Japan_0007
RDD2020_Japan_Japan_000704.jpg,train,negative_background,RDD2020,Japan_0007
RDD2020_Japan_Japan_000705.jpg,train,alligator_crack,RDD2020,Japan_0007
RDD2020_Japan_Japan_000706.jpg,train,negative_background,RDD2020,Japan_0007
RDD2020_Japan_Japan_000707.jpg,train,alligator_crack,RDD2020,Japan_0007
RDD2020_Japan_Japan_000709.jpg,train,both,RDD2020,Japan_0007
RDD2020_Japan_Japan_000710.jpg,train,negative_background,RDD2020,Japan_0007
RDD2020_Japan_Japan_000711.jpg,train,negative_background,RDD2020,Japan_0007
RDD2020_Japan_Japan_000712.jpg,train,negative_background,RDD2020,Japan_0007
RDD2020_Japan_Japan_000713.jpg,train,negative_background,RDD2020,Japan_0007
RDD2020_Japan_Japan_000716.jpg,train,alligator_crack,RDD2020,Japan_0007
RDD2020_Japan_Japan_000717.jpg,train,negative_background,RDD2020,Japan_0007
RDD2020_Japan_Japan_000718.jpg,train,negative_background,RDD2020,Japan_0007
RDD2020_Japan_Japan_000719.jpg,train,negative_background,RDD2020,Japan_0007
RDD2020_Japan_Japan_000720.jpg,train,alligator_crack,RDD2020,Japan_0007
RDD2020_Japan_Japan_000721.jpg,train,alligator_crack,RDD2020,Japan_0007
RDD2020_Japan_Japan_000722.jpg,train,negative_background,RDD2020,Japan_0007
RDD2020_Japan_Japan_000723.jpg,train,pothole,RDD2020,Japan_0007
RDD2020_Japan_Japan_000724.jpg,train,negative_background,RDD2020,Japan_0007
RDD2020_Japan_Japan_000725.jpg,train,negative_background,RDD2020,Japan_0007
RDD2020_Japan_Japan_000726.jpg,train,negative_background,RDD2020,Japan_0007
RDD2020_Japan_Japan_000727.jpg,train,both,RDD2020,Japan_0007
RDD2020_Japan_Japan_000728.jpg,train,alligator_crack,RDD2020,Japan_0007
RDD2020_Japan_Japan_000729.jpg,train,alligator_crack,RDD2020,Japan_0007
RDD2020_Japan_Japan_000731.jpg,train,negative_background,RDD2020,Japan_0007
RDD2020_Japan_Japan_000732.jpg,train,negative_background,RDD2020,Japan_0007
RDD2020_Japan_Japan_000733.jpg,train,negative_background,RDD2020,Japan_0007
RDD2020_Japan_Japan_000734.jpg,train,alligator_crack,RDD2020,Japan_0007
RDD2020_Japan_Japan_000735.jpg,train,negative_background,RDD2020,Japan_0007
RDD2020_Japan_Japan_000736.jpg,train,pothole,RDD2020,Japan_0007
RDD2020_Japan_Japan_000737.jpg,train,alligator_crack,RDD2020,Japan_0007
RDD2020_Japan_Japan_000738.jpg,train,negative_background,RDD2020,Japan_0007
RDD2020_Japan_Japan_000739.jpg,train,negative_background,RDD2020,Japan_0007
RDD2020_Japan_Japan_000740.jpg,train,alligator_crack,RDD2020,Japan_0007
RDD2020_Japan_Japan_000741.jpg,train,negative_background,RDD2020,Japan_0007
RDD2020_Japan_Japan_000742.jpg,train,pothole,RDD2020,Japan_0007
RDD2020_Japan_Japan_000743.jpg,train,both,RDD2020,Japan_0007
RDD2020_Japan_Japan_000744.jpg,train,alligator_crack,RDD2020,Japan_0007
RDD2020_Japan_Japan_000745.jpg,train,negative_background,RDD2020,Japan_0007
RDD2020_Japan_Japan_000748.jpg,train,negative_background,RDD2020,Japan_0007
RDD2020_Japan_Japan_000749.jpg,train,negative_background,RDD2020,Japan_0007
RDD2020_Japan_Japan_000750.jpg,train,negative_background,RDD2020,Japan_0007
RDD2020_Japan_Japan_000751.jpg,train,alligator_crack,RDD2020,Japan_0007
RDD2020_Japan_Japan_000752.jpg,train,negative_background,RDD2020,Japan_0007
RDD2020_Japan_Japan_000754.jpg,train,alligator_crack,RDD2020,Japan_0007
RDD2020_Japan_Japan_000755.jpg,train,negative_background,RDD2020,Japan_0007
RDD2020_Japan_Japan_000756.jpg,train,negative_background,RDD2020,Japan_0007
RDD2020_Japan_Japan_000757.jpg,train,negative_background,RDD2020,Japan_0007
RDD2020_Japan_Japan_000759.jpg,train,alligator_crack,RDD2020,Japan_0007
RDD2020_Japan_Japan_000760.jpg,train,alligator_crack,RDD2020,Japan_0007
RDD2020_Japan_Japan_000761.jpg,train,negative_background,RDD2020,Japan_0007
RDD2020_Japan_Japan_000762.jpg,train,alligator_crack,RDD2020,Japan_0007
RDD2020_Japan_Japan_000763.jpg,train,negative_background,RDD2020,Japan_0007
RDD2020_Japan_Japan_000764.jpg,train,negative_background,RDD2020,Japan_0007
RDD2020_Japan_Japan_000765.jpg,train,negative_background,RDD2020,Japan_0007
RDD2020_Japan_Japan_000766.jpg,train,negative_background,RDD2020,Japan_0007
RDD2020_Japan_Japan_000767.jpg,train,negative_background,RDD2020,Japan_0007
RDD2020_Japan_Japan_000771.jpg,train,alligator_crack,RDD2020,Japan_0007
RDD2020_Japan_Japan_000772.jpg,train,both,RDD2020,Japan_0007
RDD2020_Japan_Japan_000773.jpg,train,alligator_crack,RDD2020,Japan_0007
RDD2020_Japan_Japan_000774.jpg,train,negative_background,RDD2020,Japan_0007
RDD2020_Japan_Japan_000775.jpg,train,alligator_crack,RDD2020,Japan_0007
RDD2020_Japan_Japan_000776.jpg,train,negative_background,RDD2020,Japan_0007
RDD2020_Japan_Japan_000777.jpg,train,negative_background,RDD2020,Japan_0007
RDD2020_Japan_Japan_000778.jpg,train,alligator_crack,RDD2020,Japan_0007
RDD2020_Japan_Japan_000779.jpg,train,negative_background,RDD2020,Japan_0007
RDD2020_Japan_Japan_000780.jpg,train,alligator_crack,RDD2020,Japan_0007
RDD2020_Japan_Japan_000781.jpg,train,alligator_crack,RDD2020,Japan_0007
RDD2020_Japan_Japan_000783.jpg,train,negative_background,RDD2020,Japan_0007
RDD2020_Japan_Japan_000784.jpg,train,alligator_crack,RDD2020,Japan_0007
RDD2020_Japan_Japan_000785.jpg,train,negative_background,RDD2020,Japan_0007
RDD2020_Japan_Japan_000786.jpg,train,negative_background,RDD2020,Japan_0007
RDD2020_Japan_Japan_000787.jpg,train,negative_background,RDD2020,Japan_0007
RDD2020_Japan_Japan_000788.jpg,train,both,RDD2020,Japan_0007
RDD2020_Japan_Japan_000789.jpg,train,alligator_crack,RDD2020,Japan_0007
RDD2020_Japan_Japan_000790.jpg,train,both,RDD2020,Japan_0007
RDD2020_Japan_Japan_000791.jpg,train,alligator_crack,RDD2020,Japan_0007
RDD2020_Japan_Japan_000793.jpg,train,negative_background,RDD2020,Japan_0007
RDD2020_Japan_Japan_000794.jpg,train,alligator_crack,RDD2020,Japan_0007
RDD2020_Japan_Japan_000796.jpg,train,negative_background,RDD2020,Japan_0007
RDD2020_Japan_Japan_000797.jpg,train,negative_background,RDD2020,Japan_0007
RDD2020_Japan_Japan_000798.jpg,train,negative_background,RDD2020,Japan_0007
RDD2020_Japan_Japan_000799.jpg,train,negative_background,RDD2020,Japan_0007
RDD2020_India_India_008103.jpg,train,alligator_crack,RDD2020,India_0081
RDD2020_India_India_008105.jpg,train,both,RDD2020,India_0081
RDD2020_India_India_008107.jpg,train,alligator_crack,RDD2020,India_0081
RDD2020_India_India_008112.jpg,train,alligator_crack,RDD2020,India_0081
RDD2020_India_India_008116.jpg,train,pothole,RDD2020,India_0081
RDD2020_India_India_008119.jpg,train,pothole,RDD2020,India_0081
RDD2020_India_India_008127.jpg,train,pothole,RDD2020,India_0081
RDD2020_India_India_008134.jpg,train,both,RDD2020,India_0081
RDD2020_India_India_008139.jpg,train,both,RDD2020,India_0081
RDD2020_India_India_008142.jpg,train,both,RDD2020,India_0081
RDD2020_India_India_008153.jpg,train,alligator_crack,RDD2020,India_0081
RDD2020_India_India_008154.jpg,train,pothole,RDD2020,India_0081
RDD2020_India_India_008157.jpg,train,both,RDD2020,India_0081
RDD2020_India_India_008159.jpg,train,alligator_crack,RDD2020,India_0081
RDD2020_India_India_008160.jpg,train,alligator_crack,RDD2020,India_0081
RDD2020_India_India_008162.jpg,train,alligator_crack,RDD2020,India_0081
RDD2020_India_India_008163.jpg,train,both,RDD2020,India_0081
RDD2020_India_India_008172.jpg,train,alligator_crack,RDD2020,India_0081
RDD2020_India_India_008177.jpg,train,both,RDD2020,India_0081
RDD2020_India_India_008182.jpg,train,alligator_crack,RDD2020,India_0081
RDD2020_India_India_008183.jpg,train,both,RDD2020,India_0081
RDD2020_India_India_008186.jpg,train,alligator_crack,RDD2020,India_0081
RDD2020_India_India_008188.jpg,train,pothole,RDD2020,India_0081
RDD2020_India_India_008190.jpg,train,alligator_crack,RDD2020,India_0081
RDD2020_India_India_008195.jpg,train,alligator_crack,RDD2020,India_0081
RDD2020_India_India_003805.jpg,train,both,RDD2020,India_0038
RDD2020_India_India_003806.jpg,train,pothole,RDD2020,India_0038
RDD2020_India_India_003814.jpg,train,alligator_crack,RDD2020,India_0038
RDD2020_India_India_003817.jpg,train,pothole,RDD2020,India_0038
RDD2020_India_India_003824.jpg,train,alligator_crack,RDD2020,India_0038
RDD2020_India_India_003825.jpg,train,alligator_crack,RDD2020,India_0038
RDD2020_India_India_003827.jpg,train,alligator_crack,RDD2020,India_0038
RDD2020_India_India_003828.jpg,train,alligator_crack,RDD2020,India_0038
RDD2020_India_India_003831.jpg,train,alligator_crack,RDD2020,India_0038
RDD2020_India_India_003832.jpg,train,alligator_crack,RDD2020,India_0038
RDD2020_India_India_003835.jpg,train,both,RDD2020,India_0038
RDD2020_India_India_003838.jpg,train,alligator_crack,RDD2020,India_0038
RDD2020_India_India_003839.jpg,train,alligator_crack,RDD2020,India_0038
RDD2020_India_India_003850.jpg,train,alligator_crack,RDD2020,India_0038
RDD2020_India_India_003852.jpg,train,alligator_crack,RDD2020,India_0038
RDD2020_India_India_003857.jpg,train,both,RDD2020,India_0038
RDD2020_India_India_003864.jpg,train,pothole,RDD2020,India_0038
RDD2020_India_India_003865.jpg,train,both,RDD2020,India_0038
RDD2020_India_India_003867.jpg,train,alligator_crack,RDD2020,India_0038
RDD2020_India_India_003872.jpg,train,pothole,RDD2020,India_0038
RDD2020_India_India_003878.jpg,train,pothole,RDD2020,India_0038
RDD2020_India_India_003879.jpg,train,pothole,RDD2020,India_0038
RDD2020_India_India_003881.jpg,train,alligator_crack,RDD2020,India_0038
RDD2020_India_India_003883.jpg,train,both,RDD2020,India_0038
RDD2020_India_India_003884.jpg,train,both,RDD2020,India_0038
RDD2020_India_India_003886.jpg,train,pothole,RDD2020,India_0038
RDD2020_Japan_Japan_011001.jpg,train,alligator_crack,RDD2020,Japan_0110
RDD2020_Japan_Japan_011003.jpg,train,alligator_crack,RDD2020,Japan_0110
RDD2020_Japan_Japan_011009.jpg,train,alligator_crack,RDD2020,Japan_0110
RDD2020_Japan_Japan_011015.jpg,train,alligator_crack,RDD2020,Japan_0110
RDD2020_Japan_Japan_011019.jpg,train,alligator_crack,RDD2020,Japan_0110
RDD2020_Japan_Japan_011022.jpg,train,alligator_crack,RDD2020,Japan_0110
RDD2020_Japan_Japan_011023.jpg,train,alligator_crack,RDD2020,Japan_0110
RDD2020_Japan_Japan_011024.jpg,train,both,RDD2020,Japan_0110
RDD2020_Japan_Japan_011027.jpg,train,alligator_crack,RDD2020,Japan_0110
RDD2020_Japan_Japan_011029.jpg,train,alligator_crack,RDD2020,Japan_0110
RDD2020_Japan_Japan_011036.jpg,train,pothole,RDD2020,Japan_0110
RDD2020_Japan_Japan_011039.jpg,train,alligator_crack,RDD2020,Japan_0110
RDD2020_Japan_Japan_011042.jpg,train,alligator_crack,RDD2020,Japan_0110
RDD2020_Japan_Japan_011044.jpg,train,alligator_crack,RDD2020,Japan_0110
RDD2020_Japan_Japan_011048.jpg,train,alligator_crack,RDD2020,Japan_0110
RDD2020_Japan_Japan_011049.jpg,train,alligator_crack,RDD2020,Japan_0110
RDD2020_Japan_Japan_011050.jpg,train,alligator_crack,RDD2020,Japan_0110
RDD2020_Japan_Japan_011051.jpg,train,alligator_crack,RDD2020,Japan_0110
RDD2020_Japan_Japan_011054.jpg,train,both,RDD2020,Japan_0110
RDD2020_Japan_Japan_011055.jpg,train,both,RDD2020,Japan_0110
RDD2020_Japan_Japan_011056.jpg,train,alligator_crack,RDD2020,Japan_0110
RDD2020_Japan_Japan_011057.jpg,train,alligator_crack,RDD2020,Japan_0110
RDD2020_Japan_Japan_011058.jpg,train,both,RDD2020,Japan_0110
RDD2020_Japan_Japan_011060.jpg,train,pothole,RDD2020,Japan_0110
RDD2020_Japan_Japan_011061.jpg,train,alligator_crack,RDD2020,Japan_0110
RDD2020_Japan_Japan_011063.jpg,train,both,RDD2020,Japan_0110
RDD2020_Japan_Japan_011065.jpg,train,both,RDD2020,Japan_0110
RDD2020_Japan_Japan_011066.jpg,train,alligator_crack,RDD2020,Japan_0110
RDD2020_Japan_Japan_011067.jpg,train,both,RDD2020,Japan_0110
RDD2020_Japan_Japan_011068.jpg,train,alligator_crack,RDD2020,Japan_0110
RDD2020_Japan_Japan_011070.jpg,train,alligator_crack,RDD2020,Japan_0110
RDD2020_Japan_Japan_011072.jpg,train,pothole,RDD2020,Japan_0110
RDD2020_Japan_Japan_011076.jpg,train,alligator_crack,RDD2020,Japan_0110
RDD2020_Japan_Japan_011079.jpg,train,alligator_crack,RDD2020,Japan_0110
RDD2020_Japan_Japan_011081.jpg,train,both,RDD2020,Japan_0110
RDD2020_Japan_Japan_011082.jpg,train,alligator_crack,RDD2020,Japan_0110
RDD2020_Japan_Japan_011086.jpg,train,both,RDD2020,Japan_0110
RDD2020_Japan_Japan_011088.jpg,train,pothole,RDD2020,Japan_0110
RDD2020_Japan_Japan_011089.jpg,train,alligator_crack,RDD2020,Japan_0110
RDD2020_Japan_Japan_011090.jpg,train,alligator_crack,RDD2020,Japan_0110
RDD2020_Japan_Japan_011091.jpg,train,alligator_crack,RDD2020,Japan_0110
RDD2020_Japan_Japan_011094.jpg,train,alligator_crack,RDD2020,Japan_0110
RDD2020_Japan_Japan_011096.jpg,train,alligator_crack,RDD2020,Japan_0110
RDD2020_Czech_Czech_002420.jpg,train,pothole,RDD2020,Czech_0024
RDD2020_Czech_Czech_002423.jpg,train,alligator_crack,RDD2020,Czech_0024
RDD2020_Czech_Czech_002428.jpg,train,pothole,RDD2020,Czech_0024
RDD2020_Czech_Czech_002436.jpg,train,both,RDD2020,Czech_0024
RDD2020_Czech_Czech_002444.jpg,train,both,RDD2020,Czech_0024
RDD2020_Czech_Czech_002448.jpg,train,pothole,RDD2020,Czech_0024
RDD2020_Czech_Czech_002484.jpg,train,alligator_crack,RDD2020,Czech_0024
RDD2020_Japan_Japan_004700.jpg,train,alligator_crack,RDD2020,Japan_0047
RDD2020_Japan_Japan_004703.jpg,train,alligator_crack,RDD2020,Japan_0047
RDD2020_Japan_Japan_004704.jpg,train,both,RDD2020,Japan_0047
RDD2020_Japan_Japan_004705.jpg,train,alligator_crack,RDD2020,Japan_0047
RDD2020_Japan_Japan_004706.jpg,train,alligator_crack,RDD2020,Japan_0047
RDD2020_Japan_Japan_004708.jpg,train,alligator_crack,RDD2020,Japan_0047
RDD2020_Japan_Japan_004709.jpg,train,alligator_crack,RDD2020,Japan_0047
RDD2020_Japan_Japan_004713.jpg,train,alligator_crack,RDD2020,Japan_0047
RDD2020_Japan_Japan_004714.jpg,train,pothole,RDD2020,Japan_0047
RDD2020_Japan_Japan_004716.jpg,train,both,RDD2020,Japan_0047
RDD2020_Japan_Japan_004720.jpg,train,both,RDD2020,Japan_0047
RDD2020_Japan_Japan_004721.jpg,train,both,RDD2020,Japan_0047
RDD2020_Japan_Japan_004723.jpg,train,alligator_crack,RDD2020,Japan_0047
RDD2020_Japan_Japan_004724.jpg,train,alligator_crack,RDD2020,Japan_0047
RDD2020_Japan_Japan_004726.jpg,train,alligator_crack,RDD2020,Japan_0047
RDD2020_Japan_Japan_004730.jpg,train,alligator_crack,RDD2020,Japan_0047
RDD2020_Japan_Japan_004731.jpg,train,alligator_crack,RDD2020,Japan_0047
RDD2020_Japan_Japan_004734.jpg,train,alligator_crack,RDD2020,Japan_0047
RDD2020_Japan_Japan_004736.jpg,train,alligator_crack,RDD2020,Japan_0047
RDD2020_Japan_Japan_004739.jpg,train,alligator_crack,RDD2020,Japan_0047
RDD2020_Japan_Japan_004743.jpg,train,pothole,RDD2020,Japan_0047
RDD2020_Japan_Japan_004750.jpg,train,alligator_crack,RDD2020,Japan_0047
RDD2020_Japan_Japan_004751.jpg,train,alligator_crack,RDD2020,Japan_0047
RDD2020_Japan_Japan_004758.jpg,train,alligator_crack,RDD2020,Japan_0047
RDD2020_Japan_Japan_004759.jpg,train,both,RDD2020,Japan_0047
RDD2020_Japan_Japan_004763.jpg,train,alligator_crack,RDD2020,Japan_0047
RDD2020_Japan_Japan_004765.jpg,train,alligator_crack,RDD2020,Japan_0047
RDD2020_Japan_Japan_004769.jpg,train,alligator_crack,RDD2020,Japan_0047
RDD2020_Japan_Japan_004773.jpg,train,alligator_crack,RDD2020,Japan_0047
RDD2020_Japan_Japan_004774.jpg,train,alligator_crack,RDD2020,Japan_0047
RDD2020_Japan_Japan_004776.jpg,train,alligator_crack,RDD2020,Japan_0047
RDD2020_Japan_Japan_004777.jpg,train,alligator_crack,RDD2020,Japan_0047
RDD2020_Japan_Japan_004779.jpg,train,alligator_crack,RDD2020,Japan_0047
RDD2020_Japan_Japan_004781.jpg,train,alligator_crack,RDD2020,Japan_0047
RDD2020_Japan_Japan_004782.jpg,train,both,RDD2020,Japan_0047
RDD2020_Japan_Japan_004789.jpg,train,alligator_crack,RDD2020,Japan_0047
RDD2020_Japan_Japan_004792.jpg,train,both,RDD2020,Japan_0047
RDD2020_Japan_Japan_004794.jpg,train,both,RDD2020,Japan_0047
RDD2020_Japan_Japan_004797.jpg,train,pothole,RDD2020,Japan_0047
RDD2020_Japan_Japan_004798.jpg,train,alligator_crack,RDD2020,Japan_0047
RDD2020_India_India_002200.jpg,train,pothole,RDD2020,India_0022
RDD2020_India_India_002201.jpg,train,both,RDD2020,India_0022
RDD2020_India_India_002206.jpg,train,pothole,RDD2020,India_0022
RDD2020_India_India_002207.jpg,train,both,RDD2020,India_0022
RDD2020_India_India_002209.jpg,train,alligator_crack,RDD2020,India_0022
RDD2020_India_India_002215.jpg,train,alligator_crack,RDD2020,India_0022
RDD2020_India_India_002216.jpg,train,alligator_crack,RDD2020,India_0022
RDD2020_India_India_002219.jpg,train,alligator_crack,RDD2020,India_0022
RDD2020_India_India_002222.jpg,train,pothole,RDD2020,India_0022
RDD2020_India_India_002227.jpg,train,pothole,RDD2020,India_0022
RDD2020_India_India_002230.jpg,train,alligator_crack,RDD2020,India_0022
RDD2020_India_India_002233.jpg,train,alligator_crack,RDD2020,India_0022
RDD2020_India_India_002242.jpg,train,alligator_crack,RDD2020,India_0022
RDD2020_India_India_002247.jpg,train,both,RDD2020,India_0022
RDD2020_India_India_002248.jpg,train,pothole,RDD2020,India_0022
RDD2020_India_India_002249.jpg,train,both,RDD2020,India_0022
RDD2020_India_India_002250.jpg,train,pothole,RDD2020,India_0022
RDD2020_India_India_002253.jpg,train,pothole,RDD2020,India_0022
RDD2020_India_India_002256.jpg,train,alligator_crack,RDD2020,India_0022
RDD2020_India_India_002262.jpg,train,alligator_crack,RDD2020,India_0022
RDD2020_India_India_002281.jpg,train,alligator_crack,RDD2020,India_0022
RDD2020_India_India_002284.jpg,train,alligator_crack,RDD2020,India_0022
RDD2020_India_India_002286.jpg,train,alligator_crack,RDD2020,India_0022
RDD2020_India_India_002290.jpg,train,alligator_crack,RDD2020,India_0022
RDD2020_India_India_002293.jpg,train,pothole,RDD2020,India_0022
RDD2020_Japan_Japan_003200.jpg,train,alligator_crack,RDD2020,Japan_0032
RDD2020_Japan_Japan_003201.jpg,train,alligator_crack,RDD2020,Japan_0032
RDD2020_Japan_Japan_003202.jpg,train,alligator_crack,RDD2020,Japan_0032
RDD2020_Japan_Japan_003204.jpg,train,alligator_crack,RDD2020,Japan_0032
RDD2020_Japan_Japan_003207.jpg,train,pothole,RDD2020,Japan_0032
RDD2020_Japan_Japan_003209.jpg,train,alligator_crack,RDD2020,Japan_0032
RDD2020_Japan_Japan_003211.jpg,train,both,RDD2020,Japan_0032
RDD2020_Japan_Japan_003221.jpg,train,both,RDD2020,Japan_0032
RDD2020_Japan_Japan_003222.jpg,train,pothole,RDD2020,Japan_0032
RDD2020_Japan_Japan_003224.jpg,train,both,RDD2020,Japan_0032
RDD2020_Japan_Japan_003228.jpg,train,alligator_crack,RDD2020,Japan_0032
RDD2020_Japan_Japan_003229.jpg,train,alligator_crack,RDD2020,Japan_0032
RDD2020_Japan_Japan_003230.jpg,train,alligator_crack,RDD2020,Japan_0032
RDD2020_Japan_Japan_003232.jpg,train,alligator_crack,RDD2020,Japan_0032
RDD2020_Japan_Japan_003233.jpg,train,alligator_crack,RDD2020,Japan_0032
RDD2020_Japan_Japan_003235.jpg,train,alligator_crack,RDD2020,Japan_0032
RDD2020_Japan_Japan_003236.jpg,train,alligator_crack,RDD2020,Japan_0032
RDD2020_Japan_Japan_003238.jpg,train,alligator_crack,RDD2020,Japan_0032
RDD2020_Japan_Japan_003241.jpg,train,alligator_crack,RDD2020,Japan_0032
RDD2020_Japan_Japan_003245.jpg,train,alligator_crack,RDD2020,Japan_0032
RDD2020_Japan_Japan_003247.jpg,train,alligator_crack,RDD2020,Japan_0032
RDD2020_Japan_Japan_003250.jpg,train,alligator_crack,RDD2020,Japan_0032
RDD2020_Japan_Japan_003252.jpg,train,alligator_crack,RDD2020,Japan_0032
RDD2020_Japan_Japan_003255.jpg,train,both,RDD2020,Japan_0032
RDD2020_Japan_Japan_003257.jpg,train,alligator_crack,RDD2020,Japan_0032
RDD2020_Japan_Japan_003259.jpg,train,pothole,RDD2020,Japan_0032
RDD2020_Japan_Japan_003262.jpg,train,alligator_crack,RDD2020,Japan_0032
RDD2020_Japan_Japan_003268.jpg,train,alligator_crack,RDD2020,Japan_0032
RDD2020_Japan_Japan_003269.jpg,train,alligator_crack,RDD2020,Japan_0032
RDD2020_Japan_Japan_003272.jpg,train,alligator_crack,RDD2020,Japan_0032
RDD2020_Japan_Japan_003274.jpg,train,alligator_crack,RDD2020,Japan_0032
RDD2020_Japan_Japan_003277.jpg,train,alligator_crack,RDD2020,Japan_0032
RDD2020_Japan_Japan_003279.jpg,train,alligator_crack,RDD2020,Japan_0032
RDD2020_Japan_Japan_003281.jpg,train,alligator_crack,RDD2020,Japan_0032
RDD2020_Japan_Japan_003282.jpg,train,alligator_crack,RDD2020,Japan_0032
RDD2020_Japan_Japan_003287.jpg,train,alligator_crack,RDD2020,Japan_0032
RDD2020_Japan_Japan_003296.jpg,train,alligator_crack,RDD2020,Japan_0032
RDD2020_Japan_Japan_003298.jpg,train,alligator_crack,RDD2020,Japan_0032
RDD2020_Japan_Japan_003299.jpg,train,alligator_crack,RDD2020,Japan_0032
RDD2020_Japan_Japan_003003.jpg,train,alligator_crack,RDD2020,Japan_0030
RDD2020_Japan_Japan_003004.jpg,train,both,RDD2020,Japan_0030
RDD2020_Japan_Japan_003005.jpg,train,alligator_crack,RDD2020,Japan_0030
RDD2020_Japan_Japan_003006.jpg,train,alligator_crack,RDD2020,Japan_0030
RDD2020_Japan_Japan_003014.jpg,train,alligator_crack,RDD2020,Japan_0030
RDD2020_Japan_Japan_003016.jpg,train,alligator_crack,RDD2020,Japan_0030
RDD2020_Japan_Japan_003019.jpg,train,alligator_crack,RDD2020,Japan_0030
RDD2020_Japan_Japan_003022.jpg,train,alligator_crack,RDD2020,Japan_0030
RDD2020_Japan_Japan_003024.jpg,train,alligator_crack,RDD2020,Japan_0030
RDD2020_Japan_Japan_003032.jpg,train,alligator_crack,RDD2020,Japan_0030
RDD2020_Japan_Japan_003033.jpg,train,alligator_crack,RDD2020,Japan_0030
RDD2020_Japan_Japan_003034.jpg,train,alligator_crack,RDD2020,Japan_0030
RDD2020_Japan_Japan_003037.jpg,train,alligator_crack,RDD2020,Japan_0030
RDD2020_Japan_Japan_003038.jpg,train,both,RDD2020,Japan_0030
RDD2020_Japan_Japan_003040.jpg,train,alligator_crack,RDD2020,Japan_0030
RDD2020_Japan_Japan_003042.jpg,train,both,RDD2020,Japan_0030
RDD2020_Japan_Japan_003046.jpg,train,both,RDD2020,Japan_0030
RDD2020_Japan_Japan_003051.jpg,train,both,RDD2020,Japan_0030
RDD2020_Japan_Japan_003053.jpg,train,alligator_crack,RDD2020,Japan_0030
RDD2020_Japan_Japan_003057.jpg,train,alligator_crack,RDD2020,Japan_0030
RDD2020_Japan_Japan_003059.jpg,train,alligator_crack,RDD2020,Japan_0030
RDD2020_Japan_Japan_003060.jpg,train,alligator_crack,RDD2020,Japan_0030
RDD2020_Japan_Japan_003063.jpg,train,alligator_crack,RDD2020,Japan_0030
RDD2020_Japan_Japan_003064.jpg,train,alligator_crack,RDD2020,Japan_0030
RDD2020_Japan_Japan_003067.jpg,train,alligator_crack,RDD2020,Japan_0030
RDD2020_Japan_Japan_003070.jpg,train,alligator_crack,RDD2020,Japan_0030
RDD2020_Japan_Japan_003071.jpg,train,pothole,RDD2020,Japan_0030
RDD2020_Japan_Japan_003073.jpg,train,alligator_crack,RDD2020,Japan_0030
RDD2020_Japan_Japan_003074.jpg,train,pothole,RDD2020,Japan_0030
RDD2020_Japan_Japan_003076.jpg,train,alligator_crack,RDD2020,Japan_0030
RDD2020_Japan_Japan_003077.jpg,train,alligator_crack,RDD2020,Japan_0030
RDD2020_Japan_Japan_003088.jpg,train,pothole,RDD2020,Japan_0030
RDD2020_Japan_Japan_003089.jpg,train,alligator_crack,RDD2020,Japan_0030
RDD2020_Japan_Japan_003091.jpg,train,alligator_crack,RDD2020,Japan_0030
RDD2020_Japan_Japan_003092.jpg,train,alligator_crack,RDD2020,Japan_0030
RDD2020_Japan_Japan_003093.jpg,train,pothole,RDD2020,Japan_0030
RDD2020_Japan_Japan_003095.jpg,train,alligator_crack,RDD2020,Japan_0030
RDD2020_India_India_003300.jpg,train,alligator_crack,RDD2020,India_0033
RDD2020_India_India_003309.jpg,train,alligator_crack,RDD2020,India_0033
RDD2020_India_India_003310.jpg,train,alligator_crack,RDD2020,India_0033
RDD2020_India_India_003312.jpg,train,both,RDD2020,India_0033
RDD2020_India_India_003313.jpg,train,alligator_crack,RDD2020,India_0033
RDD2020_India_India_003317.jpg,train,alligator_crack,RDD2020,India_0033
RDD2020_India_India_003318.jpg,train,pothole,RDD2020,India_0033
RDD2020_India_India_003319.jpg,train,alligator_crack,RDD2020,India_0033
RDD2020_India_India_003320.jpg,train,alligator_crack,RDD2020,India_0033
RDD2020_India_India_003321.jpg,train,alligator_crack,RDD2020,India_0033
RDD2020_India_India_003323.jpg,train,pothole,RDD2020,India_0033
RDD2020_India_India_003334.jpg,train,pothole,RDD2020,India_0033
RDD2020_India_India_003340.jpg,train,alligator_crack,RDD2020,India_0033
RDD2020_India_India_003345.jpg,train,alligator_crack,RDD2020,India_0033
RDD2020_India_India_003347.jpg,train,alligator_crack,RDD2020,India_0033
RDD2020_India_India_003352.jpg,train,alligator_crack,RDD2020,India_0033
RDD2020_India_India_003353.jpg,train,pothole,RDD2020,India_0033
RDD2020_India_India_003354.jpg,train,alligator_crack,RDD2020,India_0033
RDD2020_India_India_003359.jpg,train,alligator_crack,RDD2020,India_0033
RDD2020_India_India_003362.jpg,train,both,RDD2020,India_0033
RDD2020_India_India_003365.jpg,train,both,RDD2020,India_0033
RDD2020_India_India_003366.jpg,train,pothole,RDD2020,India_0033
RDD2020_India_India_003368.jpg,train,pothole,RDD2020,India_0033
RDD2020_India_India_003370.jpg,train,alligator_crack,RDD2020,India_0033
RDD2020_India_India_003372.jpg,train,alligator_crack,RDD2020,India_0033
RDD2020_India_India_003373.jpg,train,pothole,RDD2020,India_0033
RDD2020_India_India_003376.jpg,train,both,RDD2020,India_0033
RDD2020_India_India_003378.jpg,train,alligator_crack,RDD2020,India_0033
RDD2020_India_India_003384.jpg,train,both,RDD2020,India_0033
RDD2020_India_India_003388.jpg,train,alligator_crack,RDD2020,India_0033
RDD2020_India_India_003391.jpg,train,pothole,RDD2020,India_0033
RDD2020_Japan_Japan_001301.jpg,train,both,RDD2020,Japan_0013
RDD2020_Japan_Japan_001302.jpg,train,alligator_crack,RDD2020,Japan_0013
RDD2020_Japan_Japan_001303.jpg,train,both,RDD2020,Japan_0013
RDD2020_Japan_Japan_001304.jpg,train,alligator_crack,RDD2020,Japan_0013
RDD2020_Japan_Japan_001306.jpg,train,alligator_crack,RDD2020,Japan_0013
RDD2020_Japan_Japan_001308.jpg,train,both,RDD2020,Japan_0013
RDD2020_Japan_Japan_001310.jpg,train,alligator_crack,RDD2020,Japan_0013
RDD2020_Japan_Japan_001315.jpg,train,alligator_crack,RDD2020,Japan_0013
RDD2020_Japan_Japan_001318.jpg,train,alligator_crack,RDD2020,Japan_0013
RDD2020_Japan_Japan_001319.jpg,train,both,RDD2020,Japan_0013
RDD2020_Japan_Japan_001321.jpg,train,pothole,RDD2020,Japan_0013
RDD2020_Japan_Japan_001323.jpg,train,alligator_crack,RDD2020,Japan_0013
RDD2020_Japan_Japan_001325.jpg,train,alligator_crack,RDD2020,Japan_0013
RDD2020_Japan_Japan_001326.jpg,train,alligator_crack,RDD2020,Japan_0013
RDD2020_Japan_Japan_001327.jpg,train,both,RDD2020,Japan_0013
RDD2020_Japan_Japan_001330.jpg,train,alligator_crack,RDD2020,Japan_0013
RDD2020_Japan_Japan_001338.jpg,train,both,RDD2020,Japan_0013
RDD2020_Japan_Japan_001346.jpg,train,alligator_crack,RDD2020,Japan_0013
RDD2020_Japan_Japan_001351.jpg,train,pothole,RDD2020,Japan_0013
RDD2020_Japan_Japan_001355.jpg,train,alligator_crack,RDD2020,Japan_0013
RDD2020_Japan_Japan_001360.jpg,train,alligator_crack,RDD2020,Japan_0013
RDD2020_Japan_Japan_001362.jpg,train,both,RDD2020,Japan_0013
RDD2020_Japan_Japan_001363.jpg,train,alligator_crack,RDD2020,Japan_0013
RDD2020_Japan_Japan_001364.jpg,train,alligator_crack,RDD2020,Japan_0013
RDD2020_Japan_Japan_001370.jpg,train,alligator_crack,RDD2020,Japan_0013
RDD2020_Japan_Japan_001372.jpg,train,alligator_crack,RDD2020,Japan_0013
RDD2020_Japan_Japan_001373.jpg,train,alligator_crack,RDD2020,Japan_0013
RDD2020_Japan_Japan_001374.jpg,train,alligator_crack,RDD2020,Japan_0013
RDD2020_Japan_Japan_001378.jpg,train,alligator_crack,RDD2020,Japan_0013
RDD2020_Japan_Japan_001394.jpg,train,alligator_crack,RDD2020,Japan_0013
RDD2020_Japan_Japan_001395.jpg,train,alligator_crack,RDD2020,Japan_0013
RDD2020_Japan_Japan_004502.jpg,train,alligator_crack,RDD2020,Japan_0045
RDD2020_Japan_Japan_004503.jpg,train,alligator_crack,RDD2020,Japan_0045
RDD2020_Japan_Japan_004508.jpg,train,alligator_crack,RDD2020,Japan_0045
RDD2020_Japan_Japan_004512.jpg,train,alligator_crack,RDD2020,Japan_0045
RDD2020_Japan_Japan_004513.jpg,train,alligator_crack,RDD2020,Japan_0045
RDD2020_Japan_Japan_004514.jpg,train,both,RDD2020,Japan_0045
RDD2020_Japan_Japan_004515.jpg,train,alligator_crack,RDD2020,Japan_0045
RDD2020_Japan_Japan_004517.jpg,train,alligator_crack,RDD2020,Japan_0045
RDD2020_Japan_Japan_004520.jpg,train,alligator_crack,RDD2020,Japan_0045
RDD2020_Japan_Japan_004529.jpg,train,alligator_crack,RDD2020,Japan_0045
RDD2020_Japan_Japan_004530.jpg,train,alligator_crack,RDD2020,Japan_0045
RDD2020_Japan_Japan_004531.jpg,train,alligator_crack,RDD2020,Japan_0045
RDD2020_Japan_Japan_004533.jpg,train,alligator_crack,RDD2020,Japan_0045
RDD2020_Japan_Japan_004535.jpg,train,pothole,RDD2020,Japan_0045
RDD2020_Japan_Japan_004536.jpg,train,alligator_crack,RDD2020,Japan_0045
RDD2020_Japan_Japan_004537.jpg,train,both,RDD2020,Japan_0045
RDD2020_Japan_Japan_004543.jpg,train,alligator_crack,RDD2020,Japan_0045
RDD2020_Japan_Japan_004544.jpg,train,alligator_crack,RDD2020,Japan_0045
RDD2020_Japan_Japan_004545.jpg,train,alligator_crack,RDD2020,Japan_0045
RDD2020_Japan_Japan_004549.jpg,train,alligator_crack,RDD2020,Japan_0045
RDD2020_Japan_Japan_004552.jpg,train,alligator_crack,RDD2020,Japan_0045
RDD2020_Japan_Japan_004553.jpg,train,alligator_crack,RDD2020,Japan_0045
RDD2020_Japan_Japan_004563.jpg,train,both,RDD2020,Japan_0045
RDD2020_Japan_Japan_004564.jpg,train,alligator_crack,RDD2020,Japan_0045
RDD2020_Japan_Japan_004567.jpg,train,both,RDD2020,Japan_0045
RDD2020_Japan_Japan_004569.jpg,train,alligator_crack,RDD2020,Japan_0045
RDD2020_Japan_Japan_004570.jpg,train,alligator_crack,RDD2020,Japan_0045
RDD2020_Japan_Japan_004571.jpg,train,alligator_crack,RDD2020,Japan_0045
RDD2020_Japan_Japan_004572.jpg,train,pothole,RDD2020,Japan_0045
RDD2020_Japan_Japan_004573.jpg,train,both,RDD2020,Japan_0045
RDD2020_Japan_Japan_004574.jpg,train,alligator_crack,RDD2020,Japan_0045
RDD2020_Japan_Japan_004577.jpg,train,alligator_crack,RDD2020,Japan_0045
RDD2020_Japan_Japan_004582.jpg,train,alligator_crack,RDD2020,Japan_0045
RDD2020_Japan_Japan_004583.jpg,train,alligator_crack,RDD2020,Japan_0045
RDD2020_Japan_Japan_004586.jpg,train,pothole,RDD2020,Japan_0045
RDD2020_Japan_Japan_004587.jpg,train,alligator_crack,RDD2020,Japan_0045
RDD2020_Japan_Japan_004590.jpg,train,alligator_crack,RDD2020,Japan_0045
RDD2020_Japan_Japan_004593.jpg,train,alligator_crack,RDD2020,Japan_0045
RDD2020_Japan_Japan_004597.jpg,train,alligator_crack,RDD2020,Japan_0045
RDD2020_Japan_Japan_004598.jpg,train,alligator_crack,RDD2020,Japan_0045
RDD2020_Japan_Japan_004599.jpg,train,alligator_crack,RDD2020,Japan_0045
RDD2020_India_India_000000.jpg,train,negative_background,RDD2020,India_0000
RDD2020_India_India_000001.jpg,train,negative_background,RDD2020,India_0000
RDD2020_India_India_000002.jpg,train,negative_background,RDD2020,India_0000
RDD2020_India_India_000003.jpg,train,negative_background,RDD2020,India_0000
RDD2020_India_India_000005.jpg,train,pothole,RDD2020,India_0000
RDD2020_India_India_000007.jpg,train,negative_background,RDD2020,India_0000
RDD2020_India_India_000010.jpg,train,negative_background,RDD2020,India_0000
RDD2020_India_India_000011.jpg,train,negative_background,RDD2020,India_0000
RDD2020_India_India_000012.jpg,train,negative_background,RDD2020,India_0000
RDD2020_India_India_000014.jpg,train,alligator_crack,RDD2020,India_0000
RDD2020_India_India_000016.jpg,train,negative_background,RDD2020,India_0000
RDD2020_India_India_000017.jpg,train,pothole,RDD2020,India_0000
RDD2020_India_India_000018.jpg,train,negative_background,RDD2020,India_0000
RDD2020_India_India_000019.jpg,train,negative_background,RDD2020,India_0000
RDD2020_India_India_000022.jpg,train,negative_background,RDD2020,India_0000
RDD2020_India_India_000023.jpg,train,negative_background,RDD2020,India_0000
RDD2020_India_India_000024.jpg,train,alligator_crack,RDD2020,India_0000
RDD2020_India_India_000026.jpg,train,negative_background,RDD2020,India_0000
RDD2020_India_India_000027.jpg,train,both,RDD2020,India_0000
RDD2020_India_India_000028.jpg,train,alligator_crack,RDD2020,India_0000
RDD2020_India_India_000032.jpg,train,negative_background,RDD2020,India_0000
RDD2020_India_India_000035.jpg,train,negative_background,RDD2020,India_0000
RDD2020_India_India_000036.jpg,train,negative_background,RDD2020,India_0000
RDD2020_India_India_000037.jpg,train,negative_background,RDD2020,India_0000
RDD2020_India_India_000038.jpg,train,negative_background,RDD2020,India_0000
RDD2020_India_India_000039.jpg,train,negative_background,RDD2020,India_0000
RDD2020_India_India_000040.jpg,train,negative_background,RDD2020,India_0000
RDD2020_India_India_000041.jpg,train,negative_background,RDD2020,India_0000
RDD2020_India_India_000042.jpg,train,negative_background,RDD2020,India_0000
RDD2020_India_India_000043.jpg,train,both,RDD2020,India_0000
RDD2020_India_India_000046.jpg,train,negative_background,RDD2020,India_0000
RDD2020_India_India_000047.jpg,train,negative_background,RDD2020,India_0000
RDD2020_India_India_000049.jpg,train,negative_background,RDD2020,India_0000
RDD2020_India_India_000052.jpg,train,both,RDD2020,India_0000
RDD2020_India_India_000053.jpg,train,alligator_crack,RDD2020,India_0000
RDD2020_India_India_000054.jpg,train,pothole,RDD2020,India_0000
RDD2020_India_India_000055.jpg,train,pothole,RDD2020,India_0000
RDD2020_India_India_000057.jpg,train,pothole,RDD2020,India_0000
RDD2020_India_India_000059.jpg,train,negative_background,RDD2020,India_0000
RDD2020_India_India_000061.jpg,train,pothole,RDD2020,India_0000
RDD2020_India_India_000064.jpg,train,negative_background,RDD2020,India_0000
RDD2020_India_India_000066.jpg,train,negative_background,RDD2020,India_0000
RDD2020_India_India_000067.jpg,train,both,RDD2020,India_0000
RDD2020_India_India_000069.jpg,train,negative_background,RDD2020,India_0000
RDD2020_India_India_000071.jpg,train,pothole,RDD2020,India_0000
RDD2020_India_India_000072.jpg,train,negative_background,RDD2020,India_0000
RDD2020_India_India_000073.jpg,train,negative_background,RDD2020,India_0000
RDD2020_India_India_000074.jpg,train,negative_background,RDD2020,India_0000
RDD2020_India_India_000075.jpg,train,negative_background,RDD2020,India_0000
RDD2020_India_India_000076.jpg,train,negative_background,RDD2020,India_0000
RDD2020_India_India_000078.jpg,train,negative_background,RDD2020,India_0000
RDD2020_India_India_000079.jpg,train,negative_background,RDD2020,India_0000
RDD2020_India_India_000080.jpg,train,negative_background,RDD2020,India_0000
RDD2020_India_India_000081.jpg,train,pothole,RDD2020,India_0000
RDD2020_India_India_000083.jpg,train,negative_background,RDD2020,India_0000
RDD2020_India_India_000085.jpg,train,negative_background,RDD2020,India_0000
RDD2020_India_India_000086.jpg,train,negative_background,RDD2020,India_0000
RDD2020_India_India_000088.jpg,train,negative_background,RDD2020,India_0000
RDD2020_India_India_000089.jpg,train,negative_background,RDD2020,India_0000
RDD2020_India_India_000090.jpg,train,negative_background,RDD2020,India_0000
RDD2020_India_India_000092.jpg,train,negative_background,RDD2020,India_0000
RDD2020_India_India_000093.jpg,train,negative_background,RDD2020,India_0000
RDD2020_India_India_000095.jpg,train,negative_background,RDD2020,India_0000
RDD2020_India_India_000096.jpg,train,negative_background,RDD2020,India_0000
RDD2020_India_India_000099.jpg,train,alligator_crack,RDD2020,India_0000
RDD2020_Czech_Czech_002009.jpg,train,pothole,RDD2020,Czech_0020
RDD2020_Czech_Czech_002013.jpg,train,both,RDD2020,Czech_0020
RDD2020_Czech_Czech_002016.jpg,train,pothole,RDD2020,Czech_0020
RDD2020_Czech_Czech_002024.jpg,train,pothole,RDD2020,Czech_0020
RDD2020_Czech_Czech_002042.jpg,train,alligator_crack,RDD2020,Czech_0020
RDD2020_Czech_Czech_002052.jpg,train,alligator_crack,RDD2020,Czech_0020
RDD2020_Czech_Czech_002055.jpg,train,alligator_crack,RDD2020,Czech_0020
RDD2020_Czech_Czech_002058.jpg,train,pothole,RDD2020,Czech_0020
RDD2020_Czech_Czech_002063.jpg,train,pothole,RDD2020,Czech_0020
RDD2020_Czech_Czech_002067.jpg,train,alligator_crack,RDD2020,Czech_0020
RDD2020_Czech_Czech_002078.jpg,train,pothole,RDD2020,Czech_0020
RDD2020_Czech_Czech_002092.jpg,train,pothole,RDD2020,Czech_0020
RDD2020_Czech_Czech_002095.jpg,train,pothole,RDD2020,Czech_0020
RDD2020_Japan_Japan_009907.jpg,train,alligator_crack,RDD2020,Japan_0099
RDD2020_Japan_Japan_009909.jpg,train,both,RDD2020,Japan_0099
RDD2020_Japan_Japan_009915.jpg,train,both,RDD2020,Japan_0099
RDD2020_Japan_Japan_009917.jpg,train,alligator_crack,RDD2020,Japan_0099
RDD2020_Japan_Japan_009919.jpg,train,alligator_crack,RDD2020,Japan_0099
RDD2020_Japan_Japan_009922.jpg,train,alligator_crack,RDD2020,Japan_0099
RDD2020_Japan_Japan_009925.jpg,train,alligator_crack,RDD2020,Japan_0099
RDD2020_Japan_Japan_009928.jpg,train,pothole,RDD2020,Japan_0099
RDD2020_Japan_Japan_009929.jpg,train,pothole,RDD2020,Japan_0099
RDD2020_Japan_Japan_009930.jpg,train,alligator_crack,RDD2020,Japan_0099
RDD2020_Japan_Japan_009932.jpg,train,alligator_crack,RDD2020,Japan_0099
RDD2020_Japan_Japan_009934.jpg,train,alligator_crack,RDD2020,Japan_0099
RDD2020_Japan_Japan_009935.jpg,train,both,RDD2020,Japan_0099
RDD2020_Japan_Japan_009939.jpg,train,alligator_crack,RDD2020,Japan_0099
RDD2020_Japan_Japan_009948.jpg,train,both,RDD2020,Japan_0099
RDD2020_Japan_Japan_009951.jpg,train,alligator_crack,RDD2020,Japan_0099
RDD2020_Japan_Japan_009953.jpg,train,alligator_crack,RDD2020,Japan_0099
RDD2020_Japan_Japan_009954.jpg,train,both,RDD2020,Japan_0099
RDD2020_Japan_Japan_009956.jpg,train,pothole,RDD2020,Japan_0099
RDD2020_Japan_Japan_009960.jpg,train,pothole,RDD2020,Japan_0099
RDD2020_Japan_Japan_009961.jpg,train,both,RDD2020,Japan_0099
RDD2020_Japan_Japan_009963.jpg,train,alligator_crack,RDD2020,Japan_0099
RDD2020_Japan_Japan_009964.jpg,train,alligator_crack,RDD2020,Japan_0099
RDD2020_Japan_Japan_009968.jpg,train,alligator_crack,RDD2020,Japan_0099
RDD2020_Japan_Japan_009975.jpg,train,alligator_crack,RDD2020,Japan_0099
RDD2020_Japan_Japan_009977.jpg,train,both,RDD2020,Japan_0099
RDD2020_Japan_Japan_009979.jpg,train,alligator_crack,RDD2020,Japan_0099
RDD2020_Japan_Japan_009981.jpg,train,alligator_crack,RDD2020,Japan_0099
RDD2020_Japan_Japan_009983.jpg,train,alligator_crack,RDD2020,Japan_0099
RDD2020_Japan_Japan_009986.jpg,train,alligator_crack,RDD2020,Japan_0099
RDD2020_Japan_Japan_009991.jpg,train,alligator_crack,RDD2020,Japan_0099
RDD2020_Japan_Japan_009992.jpg,train,alligator_crack,RDD2020,Japan_0099
RDD2020_Japan_Japan_009993.jpg,train,alligator_crack,RDD2020,Japan_0099
RDD2020_Japan_Japan_009996.jpg,train,alligator_crack,RDD2020,Japan_0099
RDD2020_Japan_Japan_009997.jpg,train,pothole,RDD2020,Japan_0099
RDD2020_Japan_Japan_009998.jpg,train,alligator_crack,RDD2020,Japan_0099
RDD2020_Japan_Japan_009999.jpg,train,alligator_crack,RDD2020,Japan_0099
RDD2020_Czech_Czech_000100.jpg,train,alligator_crack,RDD2020,Czech_0001
RDD2020_Czech_Czech_000101.jpg,train,negative_background,RDD2020,Czech_0001
RDD2020_Czech_Czech_000102.jpg,train,negative_background,RDD2020,Czech_0001
RDD2020_Czech_Czech_000103.jpg,train,pothole,RDD2020,Czech_0001
RDD2020_Czech_Czech_000104.jpg,train,negative_background,RDD2020,Czech_0001
RDD2020_Czech_Czech_000105.jpg,train,negative_background,RDD2020,Czech_0001
RDD2020_Czech_Czech_000106.jpg,train,negative_background,RDD2020,Czech_0001
RDD2020_Czech_Czech_000107.jpg,train,negative_background,RDD2020,Czech_0001
RDD2020_Czech_Czech_000108.jpg,train,pothole,RDD2020,Czech_0001
RDD2020_Czech_Czech_000109.jpg,train,negative_background,RDD2020,Czech_0001
RDD2020_Czech_Czech_000111.jpg,train,negative_background,RDD2020,Czech_0001
RDD2020_Czech_Czech_000112.jpg,train,negative_background,RDD2020,Czech_0001
RDD2020_Czech_Czech_000113.jpg,train,alligator_crack,RDD2020,Czech_0001
RDD2020_Czech_Czech_000115.jpg,train,negative_background,RDD2020,Czech_0001
RDD2020_Czech_Czech_000117.jpg,train,negative_background,RDD2020,Czech_0001
RDD2020_Czech_Czech_000118.jpg,train,negative_background,RDD2020,Czech_0001
RDD2020_Czech_Czech_000119.jpg,train,negative_background,RDD2020,Czech_0001
RDD2020_Czech_Czech_000120.jpg,train,negative_background,RDD2020,Czech_0001
RDD2020_Czech_Czech_000121.jpg,train,negative_background,RDD2020,Czech_0001
RDD2020_Czech_Czech_000122.jpg,train,negative_background,RDD2020,Czech_0001
RDD2020_Czech_Czech_000123.jpg,train,negative_background,RDD2020,Czech_0001
RDD2020_Czech_Czech_000124.jpg,train,negative_background,RDD2020,Czech_0001
RDD2020_Czech_Czech_000125.jpg,train,negative_background,RDD2020,Czech_0001
RDD2020_Czech_Czech_000126.jpg,train,negative_background,RDD2020,Czech_0001
RDD2020_Czech_Czech_000127.jpg,train,negative_background,RDD2020,Czech_0001
RDD2020_Czech_Czech_000128.jpg,train,negative_background,RDD2020,Czech_0001
RDD2020_Czech_Czech_000131.jpg,train,negative_background,RDD2020,Czech_0001
RDD2020_Czech_Czech_000132.jpg,train,negative_background,RDD2020,Czech_0001
RDD2020_Czech_Czech_000133.jpg,train,negative_background,RDD2020,Czech_0001
RDD2020_Czech_Czech_000135.jpg,train,negative_background,RDD2020,Czech_0001
RDD2020_Czech_Czech_000137.jpg,train,negative_background,RDD2020,Czech_0001
RDD2020_Czech_Czech_000139.jpg,train,negative_background,RDD2020,Czech_0001
RDD2020_Czech_Czech_000140.jpg,train,negative_background,RDD2020,Czech_0001
RDD2020_Czech_Czech_000141.jpg,train,negative_background,RDD2020,Czech_0001
RDD2020_Czech_Czech_000142.jpg,train,negative_background,RDD2020,Czech_0001
RDD2020_Czech_Czech_000143.jpg,train,negative_background,RDD2020,Czech_0001
RDD2020_Czech_Czech_000144.jpg,train,negative_background,RDD2020,Czech_0001
RDD2020_Czech_Czech_000145.jpg,train,negative_background,RDD2020,Czech_0001
RDD2020_Czech_Czech_000146.jpg,train,negative_background,RDD2020,Czech_0001
RDD2020_Czech_Czech_000147.jpg,train,negative_background,RDD2020,Czech_0001
RDD2020_Czech_Czech_000148.jpg,train,negative_background,RDD2020,Czech_0001
RDD2020_Czech_Czech_000149.jpg,train,negative_background,RDD2020,Czech_0001
RDD2020_Czech_Czech_000150.jpg,train,negative_background,RDD2020,Czech_0001
RDD2020_Czech_Czech_000153.jpg,train,negative_background,RDD2020,Czech_0001
RDD2020_Czech_Czech_000154.jpg,train,negative_background,RDD2020,Czech_0001
RDD2020_Czech_Czech_000155.jpg,train,negative_background,RDD2020,Czech_0001
RDD2020_Czech_Czech_000157.jpg,train,negative_background,RDD2020,Czech_0001
RDD2020_Czech_Czech_000158.jpg,train,negative_background,RDD2020,Czech_0001
RDD2020_Czech_Czech_000159.jpg,train,negative_background,RDD2020,Czech_0001
RDD2020_Czech_Czech_000160.jpg,train,negative_background,RDD2020,Czech_0001
RDD2020_Czech_Czech_000161.jpg,train,negative_background,RDD2020,Czech_0001
RDD2020_Czech_Czech_000162.jpg,train,negative_background,RDD2020,Czech_0001
RDD2020_Czech_Czech_000163.jpg,train,negative_background,RDD2020,Czech_0001
RDD2020_Czech_Czech_000164.jpg,train,negative_background,RDD2020,Czech_0001
RDD2020_Czech_Czech_000165.jpg,train,negative_background,RDD2020,Czech_0001
RDD2020_Czech_Czech_000167.jpg,train,negative_background,RDD2020,Czech_0001
RDD2020_Czech_Czech_000170.jpg,train,negative_background,RDD2020,Czech_0001
RDD2020_Czech_Czech_000171.jpg,train,negative_background,RDD2020,Czech_0001
RDD2020_Czech_Czech_000173.jpg,train,negative_background,RDD2020,Czech_0001
RDD2020_Czech_Czech_000174.jpg,train,negative_background,RDD2020,Czech_0001
RDD2020_Czech_Czech_000175.jpg,train,negative_background,RDD2020,Czech_0001
RDD2020_Czech_Czech_000176.jpg,train,negative_background,RDD2020,Czech_0001
RDD2020_Czech_Czech_000177.jpg,train,negative_background,RDD2020,Czech_0001
RDD2020_Czech_Czech_000178.jpg,train,negative_background,RDD2020,Czech_0001
RDD2020_Czech_Czech_000179.jpg,train,negative_background,RDD2020,Czech_0001
RDD2020_Czech_Czech_000180.jpg,train,negative_background,RDD2020,Czech_0001
RDD2020_Czech_Czech_000181.jpg,train,negative_background,RDD2020,Czech_0001
RDD2020_Czech_Czech_000182.jpg,train,negative_background,RDD2020,Czech_0001
RDD2020_Czech_Czech_000183.jpg,train,negative_background,RDD2020,Czech_0001
RDD2020_Czech_Czech_000184.jpg,train,negative_background,RDD2020,Czech_0001
RDD2020_Czech_Czech_000186.jpg,train,negative_background,RDD2020,Czech_0001
RDD2020_Czech_Czech_000188.jpg,train,negative_background,RDD2020,Czech_0001
RDD2020_Czech_Czech_000189.jpg,train,negative_background,RDD2020,Czech_0001
RDD2020_Czech_Czech_000190.jpg,train,negative_background,RDD2020,Czech_0001
RDD2020_Czech_Czech_000191.jpg,train,negative_background,RDD2020,Czech_0001
RDD2020_Czech_Czech_000192.jpg,train,negative_background,RDD2020,Czech_0001
RDD2020_Czech_Czech_000193.jpg,train,negative_background,RDD2020,Czech_0001
RDD2020_Czech_Czech_000194.jpg,train,negative_background,RDD2020,Czech_0001
RDD2020_Czech_Czech_000195.jpg,train,negative_background,RDD2020,Czech_0001
RDD2020_Czech_Czech_000196.jpg,train,negative_background,RDD2020,Czech_0001
RDD2020_Czech_Czech_000197.jpg,train,negative_background,RDD2020,Czech_0001
RDD2020_Czech_Czech_000199.jpg,train,negative_background,RDD2020,Czech_0001
RDD2020_India_India_003700.jpg,train,pothole,RDD2020,India_0037
RDD2020_India_India_003701.jpg,train,alligator_crack,RDD2020,India_0037
RDD2020_India_India_003702.jpg,train,both,RDD2020,India_0037
RDD2020_India_India_003704.jpg,train,both,RDD2020,India_0037
RDD2020_India_India_003710.jpg,train,pothole,RDD2020,India_0037
RDD2020_India_India_003712.jpg,train,alligator_crack,RDD2020,India_0037
RDD2020_India_India_003722.jpg,train,both,RDD2020,India_0037
RDD2020_India_India_003731.jpg,train,pothole,RDD2020,India_0037
RDD2020_India_India_003733.jpg,train,alligator_crack,RDD2020,India_0037
RDD2020_India_India_003738.jpg,train,alligator_crack,RDD2020,India_0037
RDD2020_India_India_003739.jpg,train,alligator_crack,RDD2020,India_0037
RDD2020_India_India_003741.jpg,train,pothole,RDD2020,India_0037
RDD2020_India_India_003747.jpg,train,pothole,RDD2020,India_0037
RDD2020_India_India_003754.jpg,train,alligator_crack,RDD2020,India_0037
RDD2020_India_India_003757.jpg,train,alligator_crack,RDD2020,India_0037
RDD2020_India_India_003759.jpg,train,pothole,RDD2020,India_0037
RDD2020_India_India_003760.jpg,train,alligator_crack,RDD2020,India_0037
RDD2020_India_India_003761.jpg,train,pothole,RDD2020,India_0037
RDD2020_India_India_003764.jpg,train,pothole,RDD2020,India_0037
RDD2020_India_India_003766.jpg,train,alligator_crack,RDD2020,India_0037
RDD2020_India_India_003767.jpg,train,alligator_crack,RDD2020,India_0037
RDD2020_India_India_003769.jpg,train,alligator_crack,RDD2020,India_0037
RDD2020_India_India_003774.jpg,train,both,RDD2020,India_0037
RDD2020_India_India_003776.jpg,train,pothole,RDD2020,India_0037
RDD2020_India_India_003778.jpg,train,pothole,RDD2020,India_0037
RDD2020_India_India_003780.jpg,train,alligator_crack,RDD2020,India_0037
RDD2020_India_India_003788.jpg,train,alligator_crack,RDD2020,India_0037
RDD2020_India_India_003789.jpg,train,alligator_crack,RDD2020,India_0037
RDD2020_India_India_003795.jpg,train,pothole,RDD2020,India_0037
RDD2020_Japan_Japan_006800.jpg,train,both,RDD2020,Japan_0068
RDD2020_Japan_Japan_006801.jpg,train,alligator_crack,RDD2020,Japan_0068
RDD2020_Japan_Japan_006802.jpg,train,alligator_crack,RDD2020,Japan_0068
RDD2020_Japan_Japan_006816.jpg,train,pothole,RDD2020,Japan_0068
RDD2020_Japan_Japan_006817.jpg,train,alligator_crack,RDD2020,Japan_0068
RDD2020_Japan_Japan_006821.jpg,train,alligator_crack,RDD2020,Japan_0068
RDD2020_Japan_Japan_006823.jpg,train,pothole,RDD2020,Japan_0068
RDD2020_Japan_Japan_006824.jpg,train,pothole,RDD2020,Japan_0068
RDD2020_Japan_Japan_006825.jpg,train,both,RDD2020,Japan_0068
RDD2020_Japan_Japan_006827.jpg,train,pothole,RDD2020,Japan_0068
RDD2020_Japan_Japan_006835.jpg,train,alligator_crack,RDD2020,Japan_0068
RDD2020_Japan_Japan_006840.jpg,train,alligator_crack,RDD2020,Japan_0068
RDD2020_Japan_Japan_006841.jpg,train,alligator_crack,RDD2020,Japan_0068
RDD2020_Japan_Japan_006844.jpg,train,alligator_crack,RDD2020,Japan_0068
RDD2020_Japan_Japan_006846.jpg,train,alligator_crack,RDD2020,Japan_0068
RDD2020_Japan_Japan_006854.jpg,train,alligator_crack,RDD2020,Japan_0068
RDD2020_Japan_Japan_006860.jpg,train,alligator_crack,RDD2020,Japan_0068
RDD2020_Japan_Japan_006861.jpg,train,both,RDD2020,Japan_0068
RDD2020_Japan_Japan_006863.jpg,train,alligator_crack,RDD2020,Japan_0068
RDD2020_Japan_Japan_006866.jpg,train,alligator_crack,RDD2020,Japan_0068
RDD2020_Japan_Japan_006867.jpg,train,alligator_crack,RDD2020,Japan_0068
RDD2020_Japan_Japan_006868.jpg,train,both,RDD2020,Japan_0068
RDD2020_Japan_Japan_006874.jpg,train,alligator_crack,RDD2020,Japan_0068
RDD2020_Japan_Japan_006877.jpg,train,alligator_crack,RDD2020,Japan_0068
RDD2020_Japan_Japan_006881.jpg,train,alligator_crack,RDD2020,Japan_0068
RDD2020_Japan_Japan_006884.jpg,train,alligator_crack,RDD2020,Japan_0068
RDD2020_Japan_Japan_006886.jpg,train,pothole,RDD2020,Japan_0068
RDD2020_Japan_Japan_006888.jpg,train,alligator_crack,RDD2020,Japan_0068
RDD2020_Japan_Japan_006890.jpg,train,alligator_crack,RDD2020,Japan_0068
RDD2020_Japan_Japan_006891.jpg,train,pothole,RDD2020,Japan_0068
RDD2020_Japan_Japan_006896.jpg,train,alligator_crack,RDD2020,Japan_0068
RDD2020_Czech_Czech_000603.jpg,train,pothole,RDD2020,Czech_0006
RDD2020_Czech_Czech_000612.jpg,train,pothole,RDD2020,Czech_0006
RDD2020_Czech_Czech_000627.jpg,train,alligator_crack,RDD2020,Czech_0006
RDD2020_Czech_Czech_000634.jpg,train,pothole,RDD2020,Czech_0006
RDD2020_Czech_Czech_000645.jpg,train,pothole,RDD2020,Czech_0006
RDD2020_Czech_Czech_000650.jpg,train,alligator_crack,RDD2020,Czech_0006
RDD2020_Czech_Czech_000687.jpg,train,alligator_crack,RDD2020,Czech_0006
RDD2020_India_India_008207.jpg,train,both,RDD2020,India_0082
RDD2020_India_India_008209.jpg,train,pothole,RDD2020,India_0082
RDD2020_India_India_008214.jpg,train,alligator_crack,RDD2020,India_0082
RDD2020_India_India_008215.jpg,train,alligator_crack,RDD2020,India_0082
RDD2020_India_India_008221.jpg,train,alligator_crack,RDD2020,India_0082
RDD2020_India_India_008223.jpg,train,both,RDD2020,India_0082
RDD2020_India_India_008224.jpg,train,pothole,RDD2020,India_0082
RDD2020_India_India_008226.jpg,train,both,RDD2020,India_0082
RDD2020_India_India_008227.jpg,train,both,RDD2020,India_0082
RDD2020_India_India_008228.jpg,train,alligator_crack,RDD2020,India_0082
RDD2020_India_India_008229.jpg,train,alligator_crack,RDD2020,India_0082
RDD2020_India_India_008233.jpg,train,both,RDD2020,India_0082
RDD2020_India_India_008238.jpg,train,alligator_crack,RDD2020,India_0082
RDD2020_India_India_008239.jpg,train,alligator_crack,RDD2020,India_0082
RDD2020_India_India_008241.jpg,train,pothole,RDD2020,India_0082
RDD2020_India_India_008244.jpg,train,both,RDD2020,India_0082
RDD2020_India_India_008249.jpg,train,both,RDD2020,India_0082
RDD2020_India_India_008250.jpg,train,both,RDD2020,India_0082
RDD2020_India_India_008254.jpg,train,alligator_crack,RDD2020,India_0082
RDD2020_India_India_008256.jpg,train,alligator_crack,RDD2020,India_0082
RDD2020_India_India_008257.jpg,train,alligator_crack,RDD2020,India_0082
RDD2020_India_India_008261.jpg,train,both,RDD2020,India_0082
RDD2020_India_India_008263.jpg,train,both,RDD2020,India_0082
RDD2020_India_India_008266.jpg,train,alligator_crack,RDD2020,India_0082
RDD2020_India_India_008267.jpg,train,both,RDD2020,India_0082
RDD2020_India_India_008271.jpg,train,both,RDD2020,India_0082
RDD2020_India_India_008279.jpg,train,pothole,RDD2020,India_0082
RDD2020_India_India_008282.jpg,train,both,RDD2020,India_0082
RDD2020_India_India_008284.jpg,train,alligator_crack,RDD2020,India_0082
RDD2020_India_India_008285.jpg,train,pothole,RDD2020,India_0082
RDD2020_India_India_008292.jpg,train,pothole,RDD2020,India_0082
RDD2020_India_India_008296.jpg,train,both,RDD2020,India_0082
RDD2020_India_India_008297.jpg,train,pothole,RDD2020,India_0082
RDD2020_Japan_Japan_003302.jpg,train,alligator_crack,RDD2020,Japan_0033
RDD2020_Japan_Japan_003303.jpg,train,pothole,RDD2020,Japan_0033
RDD2020_Japan_Japan_003305.jpg,train,alligator_crack,RDD2020,Japan_0033
RDD2020_Japan_Japan_003307.jpg,train,alligator_crack,RDD2020,Japan_0033
RDD2020_Japan_Japan_003309.jpg,train,alligator_crack,RDD2020,Japan_0033
RDD2020_Japan_Japan_003315.jpg,train,alligator_crack,RDD2020,Japan_0033
RDD2020_Japan_Japan_003316.jpg,train,alligator_crack,RDD2020,Japan_0033
RDD2020_Japan_Japan_003321.jpg,train,alligator_crack,RDD2020,Japan_0033
RDD2020_Japan_Japan_003322.jpg,train,alligator_crack,RDD2020,Japan_0033
RDD2020_Japan_Japan_003323.jpg,train,alligator_crack,RDD2020,Japan_0033
RDD2020_Japan_Japan_003325.jpg,train,pothole,RDD2020,Japan_0033
RDD2020_Japan_Japan_003328.jpg,train,alligator_crack,RDD2020,Japan_0033
RDD2020_Japan_Japan_003331.jpg,train,alligator_crack,RDD2020,Japan_0033
RDD2020_Japan_Japan_003333.jpg,train,pothole,RDD2020,Japan_0033
RDD2020_Japan_Japan_003337.jpg,train,pothole,RDD2020,Japan_0033
RDD2020_Japan_Japan_003338.jpg,train,alligator_crack,RDD2020,Japan_0033
RDD2020_Japan_Japan_003339.jpg,train,alligator_crack,RDD2020,Japan_0033
RDD2020_Japan_Japan_003340.jpg,train,alligator_crack,RDD2020,Japan_0033
RDD2020_Japan_Japan_003342.jpg,train,pothole,RDD2020,Japan_0033
RDD2020_Japan_Japan_003343.jpg,train,alligator_crack,RDD2020,Japan_0033
RDD2020_Japan_Japan_003344.jpg,train,alligator_crack,RDD2020,Japan_0033
RDD2020_Japan_Japan_003345.jpg,train,alligator_crack,RDD2020,Japan_0033
RDD2020_Japan_Japan_003346.jpg,train,both,RDD2020,Japan_0033
RDD2020_Japan_Japan_003350.jpg,train,both,RDD2020,Japan_0033
RDD2020_Japan_Japan_003359.jpg,train,alligator_crack,RDD2020,Japan_0033
RDD2020_Japan_Japan_003361.jpg,train,alligator_crack,RDD2020,Japan_0033
RDD2020_Japan_Japan_003363.jpg,train,alligator_crack,RDD2020,Japan_0033
RDD2020_Japan_Japan_003367.jpg,train,alligator_crack,RDD2020,Japan_0033
RDD2020_Japan_Japan_003368.jpg,train,alligator_crack,RDD2020,Japan_0033
RDD2020_Japan_Japan_003372.jpg,train,alligator_crack,RDD2020,Japan_0033
RDD2020_Japan_Japan_003377.jpg,train,alligator_crack,RDD2020,Japan_0033
RDD2020_Japan_Japan_003381.jpg,train,alligator_crack,RDD2020,Japan_0033
RDD2020_Japan_Japan_003382.jpg,train,alligator_crack,RDD2020,Japan_0033
RDD2020_Japan_Japan_003383.jpg,train,alligator_crack,RDD2020,Japan_0033
RDD2020_Japan_Japan_003387.jpg,train,alligator_crack,RDD2020,Japan_0033
RDD2020_Japan_Japan_003389.jpg,train,pothole,RDD2020,Japan_0033
RDD2020_Japan_Japan_003390.jpg,train,alligator_crack,RDD2020,Japan_0033
RDD2020_Japan_Japan_003392.jpg,train,alligator_crack,RDD2020,Japan_0033
RDD2020_Japan_Japan_003398.jpg,train,both,RDD2020,Japan_0033
RDD2020_Japan_Japan_003399.jpg,train,both,RDD2020,Japan_0033
RDD2020_India_India_003404.jpg,train,alligator_crack,RDD2020,India_0034
RDD2020_India_India_003406.jpg,train,both,RDD2020,India_0034
RDD2020_India_India_003409.jpg,train,alligator_crack,RDD2020,India_0034
RDD2020_India_India_003411.jpg,train,pothole,RDD2020,India_0034
RDD2020_India_India_003412.jpg,train,both,RDD2020,India_0034
RDD2020_India_India_003414.jpg,train,alligator_crack,RDD2020,India_0034
RDD2020_India_India_003422.jpg,train,pothole,RDD2020,India_0034
RDD2020_India_India_003424.jpg,train,pothole,RDD2020,India_0034
RDD2020_India_India_003426.jpg,train,pothole,RDD2020,India_0034
RDD2020_India_India_003427.jpg,train,alligator_crack,RDD2020,India_0034
RDD2020_India_India_003431.jpg,train,pothole,RDD2020,India_0034
RDD2020_India_India_003432.jpg,train,alligator_crack,RDD2020,India_0034
RDD2020_India_India_003433.jpg,train,pothole,RDD2020,India_0034
RDD2020_India_India_003443.jpg,train,alligator_crack,RDD2020,India_0034
RDD2020_India_India_003446.jpg,train,both,RDD2020,India_0034
RDD2020_India_India_003452.jpg,train,alligator_crack,RDD2020,India_0034
RDD2020_India_India_003455.jpg,train,alligator_crack,RDD2020,India_0034
RDD2020_India_India_003468.jpg,train,alligator_crack,RDD2020,India_0034
RDD2020_India_India_003469.jpg,train,alligator_crack,RDD2020,India_0034
RDD2020_India_India_003475.jpg,train,pothole,RDD2020,India_0034
RDD2020_India_India_003480.jpg,train,alligator_crack,RDD2020,India_0034
RDD2020_India_India_003482.jpg,train,alligator_crack,RDD2020,India_0034
RDD2020_India_India_003490.jpg,train,both,RDD2020,India_0034
RDD2020_India_India_003494.jpg,train,alligator_crack,RDD2020,India_0034
RDD2020_India_India_003495.jpg,train,pothole,RDD2020,India_0034
RDD2020_India_India_003496.jpg,train,alligator_crack,RDD2020,India_0034
RDD2020_Japan_Japan_011501.jpg,train,alligator_crack,RDD2020,Japan_0115
RDD2020_Japan_Japan_011507.jpg,train,alligator_crack,RDD2020,Japan_0115
RDD2020_Japan_Japan_011510.jpg,train,alligator_crack,RDD2020,Japan_0115
RDD2020_Japan_Japan_011515.jpg,train,both,RDD2020,Japan_0115
RDD2020_Japan_Japan_011516.jpg,train,alligator_crack,RDD2020,Japan_0115
RDD2020_Japan_Japan_011519.jpg,train,both,RDD2020,Japan_0115
RDD2020_Japan_Japan_011521.jpg,train,both,RDD2020,Japan_0115
RDD2020_Japan_Japan_011522.jpg,train,alligator_crack,RDD2020,Japan_0115
RDD2020_Japan_Japan_011525.jpg,train,alligator_crack,RDD2020,Japan_0115
RDD2020_Japan_Japan_011527.jpg,train,alligator_crack,RDD2020,Japan_0115
RDD2020_Japan_Japan_011528.jpg,train,alligator_crack,RDD2020,Japan_0115
RDD2020_Japan_Japan_011531.jpg,train,alligator_crack,RDD2020,Japan_0115
RDD2020_Japan_Japan_011533.jpg,train,alligator_crack,RDD2020,Japan_0115
RDD2020_Japan_Japan_011536.jpg,train,alligator_crack,RDD2020,Japan_0115
RDD2020_Japan_Japan_011539.jpg,train,alligator_crack,RDD2020,Japan_0115
RDD2020_Japan_Japan_011542.jpg,train,both,RDD2020,Japan_0115
RDD2020_Japan_Japan_011544.jpg,train,both,RDD2020,Japan_0115
RDD2020_Japan_Japan_011548.jpg,train,alligator_crack,RDD2020,Japan_0115
RDD2020_Japan_Japan_011549.jpg,train,alligator_crack,RDD2020,Japan_0115
RDD2020_Japan_Japan_011553.jpg,train,both,RDD2020,Japan_0115
RDD2020_Japan_Japan_011555.jpg,train,alligator_crack,RDD2020,Japan_0115
RDD2020_Japan_Japan_011559.jpg,train,pothole,RDD2020,Japan_0115
RDD2020_Japan_Japan_011563.jpg,train,alligator_crack,RDD2020,Japan_0115
RDD2020_Japan_Japan_011564.jpg,train,alligator_crack,RDD2020,Japan_0115
RDD2020_Japan_Japan_011570.jpg,train,alligator_crack,RDD2020,Japan_0115
RDD2020_Japan_Japan_011575.jpg,train,alligator_crack,RDD2020,Japan_0115
RDD2020_Japan_Japan_011577.jpg,train,alligator_crack,RDD2020,Japan_0115
RDD2020_Japan_Japan_011578.jpg,train,alligator_crack,RDD2020,Japan_0115
RDD2020_Japan_Japan_011579.jpg,train,alligator_crack,RDD2020,Japan_0115
RDD2020_Japan_Japan_011580.jpg,train,alligator_crack,RDD2020,Japan_0115
RDD2020_Japan_Japan_011585.jpg,train,alligator_crack,RDD2020,Japan_0115
RDD2020_Japan_Japan_011586.jpg,train,both,RDD2020,Japan_0115
RDD2020_Japan_Japan_011588.jpg,train,alligator_crack,RDD2020,Japan_0115
RDD2020_Japan_Japan_011590.jpg,train,both,RDD2020,Japan_0115
RDD2020_Japan_Japan_011593.jpg,train,alligator_crack,RDD2020,Japan_0115
RDD2020_Japan_Japan_011595.jpg,train,alligator_crack,RDD2020,Japan_0115
RDD2020_Japan_Japan_011598.jpg,train,pothole,RDD2020,Japan_0115
RDD2020_Japan_Japan_008500.jpg,train,alligator_crack,RDD2020,Japan_0085
RDD2020_Japan_Japan_008504.jpg,train,alligator_crack,RDD2020,Japan_0085
RDD2020_Japan_Japan_008509.jpg,train,alligator_crack,RDD2020,Japan_0085
RDD2020_Japan_Japan_008510.jpg,train,alligator_crack,RDD2020,Japan_0085
RDD2020_Japan_Japan_008512.jpg,train,alligator_crack,RDD2020,Japan_0085
RDD2020_Japan_Japan_008513.jpg,train,alligator_crack,RDD2020,Japan_0085
RDD2020_Japan_Japan_008514.jpg,train,pothole,RDD2020,Japan_0085
RDD2020_Japan_Japan_008515.jpg,train,alligator_crack,RDD2020,Japan_0085
RDD2020_Japan_Japan_008516.jpg,train,alligator_crack,RDD2020,Japan_0085
RDD2020_Japan_Japan_008520.jpg,train,both,RDD2020,Japan_0085
RDD2020_Japan_Japan_008521.jpg,train,alligator_crack,RDD2020,Japan_0085
RDD2020_Japan_Japan_008522.jpg,train,alligator_crack,RDD2020,Japan_0085
RDD2020_Japan_Japan_008523.jpg,train,alligator_crack,RDD2020,Japan_0085
RDD2020_Japan_Japan_008525.jpg,train,both,RDD2020,Japan_0085
RDD2020_Japan_Japan_008526.jpg,train,alligator_crack,RDD2020,Japan_0085
RDD2020_Japan_Japan_008529.jpg,train,alligator_crack,RDD2020,Japan_0085
RDD2020_Japan_Japan_008539.jpg,train,alligator_crack,RDD2020,Japan_0085
RDD2020_Japan_Japan_008544.jpg,train,alligator_crack,RDD2020,Japan_0085
RDD2020_Japan_Japan_008546.jpg,train,both,RDD2020,Japan_0085
RDD2020_Japan_Japan_008547.jpg,train,alligator_crack,RDD2020,Japan_0085
RDD2020_Japan_Japan_008549.jpg,train,pothole,RDD2020,Japan_0085
RDD2020_Japan_Japan_008553.jpg,train,alligator_crack,RDD2020,Japan_0085
RDD2020_Japan_Japan_008557.jpg,train,alligator_crack,RDD2020,Japan_0085
RDD2020_Japan_Japan_008559.jpg,train,both,RDD2020,Japan_0085
RDD2020_Japan_Japan_008560.jpg,train,alligator_crack,RDD2020,Japan_0085
RDD2020_Japan_Japan_008565.jpg,train,alligator_crack,RDD2020,Japan_0085
RDD2020_Japan_Japan_008569.jpg,train,alligator_crack,RDD2020,Japan_0085
RDD2020_Japan_Japan_008572.jpg,train,alligator_crack,RDD2020,Japan_0085
RDD2020_Japan_Japan_008576.jpg,train,alligator_crack,RDD2020,Japan_0085
RDD2020_Japan_Japan_008577.jpg,train,alligator_crack,RDD2020,Japan_0085
RDD2020_Japan_Japan_008579.jpg,train,alligator_crack,RDD2020,Japan_0085
RDD2020_Japan_Japan_008584.jpg,train,alligator_crack,RDD2020,Japan_0085
RDD2020_Japan_Japan_008586.jpg,train,both,RDD2020,Japan_0085
RDD2020_Japan_Japan_008588.jpg,train,alligator_crack,RDD2020,Japan_0085
RDD2020_Japan_Japan_008590.jpg,train,alligator_crack,RDD2020,Japan_0085
RDD2020_Japan_Japan_008593.jpg,train,pothole,RDD2020,Japan_0085
RDD2020_Japan_Japan_008596.jpg,train,alligator_crack,RDD2020,Japan_0085
RDD2020_Japan_Japan_008597.jpg,train,alligator_crack,RDD2020,Japan_0085
RDD2020_Japan_Japan_008599.jpg,train,pothole,RDD2020,Japan_0085
RDD2020_Japan_Japan_001400.jpg,train,alligator_crack,RDD2020,Japan_0014
RDD2020_Japan_Japan_001408.jpg,train,alligator_crack,RDD2020,Japan_0014
RDD2020_Japan_Japan_001409.jpg,train,both,RDD2020,Japan_0014
RDD2020_Japan_Japan_001412.jpg,train,alligator_crack,RDD2020,Japan_0014
RDD2020_Japan_Japan_001416.jpg,train,alligator_crack,RDD2020,Japan_0014
RDD2020_Japan_Japan_001419.jpg,train,alligator_crack,RDD2020,Japan_0014
RDD2020_Japan_Japan_001420.jpg,train,pothole,RDD2020,Japan_0014
RDD2020_Japan_Japan_001425.jpg,train,alligator_crack,RDD2020,Japan_0014
RDD2020_Japan_Japan_001426.jpg,train,alligator_crack,RDD2020,Japan_0014
RDD2020_Japan_Japan_001428.jpg,train,alligator_crack,RDD2020,Japan_0014
RDD2020_Japan_Japan_001434.jpg,train,alligator_crack,RDD2020,Japan_0014
RDD2020_Japan_Japan_001435.jpg,train,both,RDD2020,Japan_0014
RDD2020_Japan_Japan_001436.jpg,train,alligator_crack,RDD2020,Japan_0014
RDD2020_Japan_Japan_001437.jpg,train,alligator_crack,RDD2020,Japan_0014
RDD2020_Japan_Japan_001439.jpg,train,alligator_crack,RDD2020,Japan_0014
RDD2020_Japan_Japan_001441.jpg,train,pothole,RDD2020,Japan_0014
RDD2020_Japan_Japan_001444.jpg,train,alligator_crack,RDD2020,Japan_0014
RDD2020_Japan_Japan_001446.jpg,train,alligator_crack,RDD2020,Japan_0014
RDD2020_Japan_Japan_001447.jpg,train,alligator_crack,RDD2020,Japan_0014
RDD2020_Japan_Japan_001449.jpg,train,alligator_crack,RDD2020,Japan_0014
RDD2020_Japan_Japan_001450.jpg,train,alligator_crack,RDD2020,Japan_0014
RDD2020_Japan_Japan_001452.jpg,train,alligator_crack,RDD2020,Japan_0014
RDD2020_Japan_Japan_001456.jpg,train,alligator_crack,RDD2020,Japan_0014
RDD2020_Japan_Japan_001459.jpg,train,alligator_crack,RDD2020,Japan_0014
RDD2020_Japan_Japan_001460.jpg,train,alligator_crack,RDD2020,Japan_0014
RDD2020_Japan_Japan_001462.jpg,train,alligator_crack,RDD2020,Japan_0014
RDD2020_Japan_Japan_001466.jpg,train,alligator_crack,RDD2020,Japan_0014
RDD2020_Japan_Japan_001468.jpg,train,alligator_crack,RDD2020,Japan_0014
RDD2020_Japan_Japan_001469.jpg,train,both,RDD2020,Japan_0014
RDD2020_Japan_Japan_001471.jpg,train,both,RDD2020,Japan_0014
RDD2020_Japan_Japan_001477.jpg,train,pothole,RDD2020,Japan_0014
RDD2020_Japan_Japan_001479.jpg,train,alligator_crack,RDD2020,Japan_0014
RDD2020_Japan_Japan_001483.jpg,train,alligator_crack,RDD2020,Japan_0014
RDD2020_Japan_Japan_001489.jpg,train,pothole,RDD2020,Japan_0014
RDD2020_Japan_Japan_001492.jpg,train,alligator_crack,RDD2020,Japan_0014
RDD2020_Japan_Japan_001494.jpg,train,alligator_crack,RDD2020,Japan_0014
RDD2020_Japan_Japan_001496.jpg,train,alligator_crack,RDD2020,Japan_0014
RDD2020_Japan_Japan_001499.jpg,train,alligator_crack,RDD2020,Japan_0014
RDD2020_Czech_Czech_000400.jpg,train,negative_background,RDD2020,Czech_0004
RDD2020_Czech_Czech_000401.jpg,train,negative_background,RDD2020,Czech_0004
RDD2020_Czech_Czech_000402.jpg,train,alligator_crack,RDD2020,Czech_0004
RDD2020_Czech_Czech_000403.jpg,train,negative_background,RDD2020,Czech_0004
RDD2020_Czech_Czech_000405.jpg,train,negative_background,RDD2020,Czech_0004
RDD2020_Czech_Czech_000406.jpg,train,both,RDD2020,Czech_0004
RDD2020_Czech_Czech_000407.jpg,train,negative_background,RDD2020,Czech_0004
RDD2020_Czech_Czech_000408.jpg,train,negative_background,RDD2020,Czech_0004
RDD2020_Czech_Czech_000409.jpg,train,negative_background,RDD2020,Czech_0004
RDD2020_Czech_Czech_000410.jpg,train,negative_background,RDD2020,Czech_0004
RDD2020_Czech_Czech_000411.jpg,train,negative_background,RDD2020,Czech_0004
RDD2020_Czech_Czech_000414.jpg,train,negative_background,RDD2020,Czech_0004
RDD2020_Czech_Czech_000416.jpg,train,negative_background,RDD2020,Czech_0004
RDD2020_Czech_Czech_000417.jpg,train,negative_background,RDD2020,Czech_0004
RDD2020_Czech_Czech_000418.jpg,train,negative_background,RDD2020,Czech_0004
RDD2020_Czech_Czech_000419.jpg,train,negative_background,RDD2020,Czech_0004
RDD2020_Czech_Czech_000421.jpg,train,negative_background,RDD2020,Czech_0004
RDD2020_Czech_Czech_000422.jpg,train,negative_background,RDD2020,Czech_0004
RDD2020_Czech_Czech_000423.jpg,train,negative_background,RDD2020,Czech_0004
RDD2020_Czech_Czech_000425.jpg,train,negative_background,RDD2020,Czech_0004
RDD2020_Czech_Czech_000426.jpg,train,negative_background,RDD2020,Czech_0004
RDD2020_Czech_Czech_000427.jpg,train,negative_background,RDD2020,Czech_0004
RDD2020_Czech_Czech_000454.jpg,train,pothole,RDD2020,Czech_0004
RDD2020_Czech_Czech_000458.jpg,train,alligator_crack,RDD2020,Czech_0004
RDD2020_India_India_002900.jpg,train,alligator_crack,RDD2020,India_0029
RDD2020_India_India_002901.jpg,train,pothole,RDD2020,India_0029
RDD2020_India_India_002903.jpg,train,pothole,RDD2020,India_0029
RDD2020_India_India_002914.jpg,train,pothole,RDD2020,India_0029
RDD2020_India_India_002921.jpg,train,pothole,RDD2020,India_0029
RDD2020_India_India_002924.jpg,train,pothole,RDD2020,India_0029
RDD2020_India_India_002925.jpg,train,pothole,RDD2020,India_0029
RDD2020_India_India_002934.jpg,train,alligator_crack,RDD2020,India_0029
RDD2020_India_India_002936.jpg,train,alligator_crack,RDD2020,India_0029
RDD2020_India_India_002939.jpg,train,pothole,RDD2020,India_0029
RDD2020_India_India_002945.jpg,train,pothole,RDD2020,India_0029
RDD2020_India_India_002946.jpg,train,both,RDD2020,India_0029
RDD2020_India_India_002948.jpg,train,pothole,RDD2020,India_0029
RDD2020_India_India_002949.jpg,train,alligator_crack,RDD2020,India_0029
RDD2020_India_India_002954.jpg,train,both,RDD2020,India_0029
RDD2020_India_India_002956.jpg,train,pothole,RDD2020,India_0029
RDD2020_India_India_002960.jpg,train,pothole,RDD2020,India_0029
RDD2020_India_India_002965.jpg,train,alligator_crack,RDD2020,India_0029
RDD2020_India_India_002967.jpg,train,alligator_crack,RDD2020,India_0029
RDD2020_India_India_002968.jpg,train,both,RDD2020,India_0029
RDD2020_India_India_002970.jpg,train,alligator_crack,RDD2020,India_0029
RDD2020_India_India_002972.jpg,train,pothole,RDD2020,India_0029
RDD2020_India_India_002973.jpg,train,both,RDD2020,India_0029
RDD2020_India_India_002976.jpg,train,pothole,RDD2020,India_0029
RDD2020_India_India_002978.jpg,train,pothole,RDD2020,India_0029
RDD2020_India_India_002981.jpg,train,alligator_crack,RDD2020,India_0029
RDD2020_India_India_002984.jpg,train,alligator_crack,RDD2020,India_0029
RDD2020_India_India_002991.jpg,train,alligator_crack,RDD2020,India_0029
RDD2020_India_India_002994.jpg,train,pothole,RDD2020,India_0029
RDD2020_India_India_002995.jpg,train,both,RDD2020,India_0029
RDD2020_India_India_000200.jpg,train,alligator_crack,RDD2020,India_0002
RDD2020_India_India_000201.jpg,train,negative_background,RDD2020,India_0002
RDD2020_India_India_000203.jpg,train,negative_background,RDD2020,India_0002
RDD2020_India_India_000204.jpg,train,negative_background,RDD2020,India_0002
RDD2020_India_India_000205.jpg,train,negative_background,RDD2020,India_0002
RDD2020_India_India_000206.jpg,train,negative_background,RDD2020,India_0002
RDD2020_India_India_000207.jpg,train,negative_background,RDD2020,India_0002
RDD2020_India_India_000208.jpg,train,negative_background,RDD2020,India_0002
RDD2020_India_India_000209.jpg,train,both,RDD2020,India_0002
RDD2020_India_India_000210.jpg,train,negative_background,RDD2020,India_0002
RDD2020_India_India_000213.jpg,train,negative_background,RDD2020,India_0002
RDD2020_India_India_000214.jpg,train,negative_background,RDD2020,India_0002
RDD2020_India_India_000217.jpg,train,negative_background,RDD2020,India_0002
RDD2020_India_India_000218.jpg,train,negative_background,RDD2020,India_0002
RDD2020_India_India_000219.jpg,train,negative_background,RDD2020,India_0002
RDD2020_India_India_000222.jpg,train,alligator_crack,RDD2020,India_0002
RDD2020_India_India_000223.jpg,train,pothole,RDD2020,India_0002
RDD2020_India_India_000224.jpg,train,negative_background,RDD2020,India_0002
RDD2020_India_India_000225.jpg,train,negative_background,RDD2020,India_0002
RDD2020_India_India_000226.jpg,train,negative_background,RDD2020,India_0002
RDD2020_India_India_000227.jpg,train,negative_background,RDD2020,India_0002
RDD2020_India_India_000228.jpg,train,negative_background,RDD2020,India_0002
RDD2020_India_India_000229.jpg,train,negative_background,RDD2020,India_0002
RDD2020_India_India_000230.jpg,train,both,RDD2020,India_0002
RDD2020_India_India_000232.jpg,train,negative_background,RDD2020,India_0002
RDD2020_India_India_000233.jpg,train,negative_background,RDD2020,India_0002
RDD2020_India_India_000235.jpg,train,negative_background,RDD2020,India_0002
RDD2020_India_India_000236.jpg,train,negative_background,RDD2020,India_0002
RDD2020_India_India_000238.jpg,train,negative_background,RDD2020,India_0002
RDD2020_India_India_000241.jpg,train,both,RDD2020,India_0002
RDD2020_India_India_000242.jpg,train,negative_background,RDD2020,India_0002
RDD2020_India_India_000243.jpg,train,negative_background,RDD2020,India_0002
RDD2020_India_India_000244.jpg,train,negative_background,RDD2020,India_0002
RDD2020_India_India_000245.jpg,train,negative_background,RDD2020,India_0002
RDD2020_India_India_000249.jpg,train,negative_background,RDD2020,India_0002
RDD2020_India_India_000251.jpg,train,negative_background,RDD2020,India_0002
RDD2020_India_India_000252.jpg,train,negative_background,RDD2020,India_0002
RDD2020_India_India_000253.jpg,train,negative_background,RDD2020,India_0002
RDD2020_India_India_000254.jpg,train,negative_background,RDD2020,India_0002
RDD2020_India_India_000255.jpg,train,negative_background,RDD2020,India_0002
RDD2020_India_India_000256.jpg,train,negative_background,RDD2020,India_0002
RDD2020_India_India_000257.jpg,train,negative_background,RDD2020,India_0002
RDD2020_India_India_000258.jpg,train,negative_background,RDD2020,India_0002
RDD2020_India_India_000259.jpg,train,negative_background,RDD2020,India_0002
RDD2020_India_India_000260.jpg,train,negative_background,RDD2020,India_0002
RDD2020_India_India_000261.jpg,train,pothole,RDD2020,India_0002
RDD2020_India_India_000262.jpg,train,negative_background,RDD2020,India_0002
RDD2020_India_India_000263.jpg,train,negative_background,RDD2020,India_0002
RDD2020_India_India_000267.jpg,train,negative_background,RDD2020,India_0002
RDD2020_India_India_000268.jpg,train,pothole,RDD2020,India_0002
RDD2020_India_India_000269.jpg,train,alligator_crack,RDD2020,India_0002
RDD2020_India_India_000270.jpg,train,alligator_crack,RDD2020,India_0002
RDD2020_India_India_000271.jpg,train,alligator_crack,RDD2020,India_0002
RDD2020_India_India_000272.jpg,train,alligator_crack,RDD2020,India_0002
RDD2020_India_India_000273.jpg,train,negative_background,RDD2020,India_0002
RDD2020_India_India_000274.jpg,train,both,RDD2020,India_0002
RDD2020_India_India_000275.jpg,train,negative_background,RDD2020,India_0002
RDD2020_India_India_000276.jpg,train,negative_background,RDD2020,India_0002
RDD2020_India_India_000278.jpg,train,pothole,RDD2020,India_0002
RDD2020_India_India_000279.jpg,train,negative_background,RDD2020,India_0002
RDD2020_India_India_000280.jpg,train,negative_background,RDD2020,India_0002
RDD2020_India_India_000281.jpg,train,negative_background,RDD2020,India_0002
RDD2020_India_India_000282.jpg,train,negative_background,RDD2020,India_0002
RDD2020_India_India_000283.jpg,train,alligator_crack,RDD2020,India_0002
RDD2020_India_India_000285.jpg,train,alligator_crack,RDD2020,India_0002
RDD2020_India_India_000286.jpg,train,negative_background,RDD2020,India_0002
RDD2020_India_India_000288.jpg,train,pothole,RDD2020,India_0002
RDD2020_India_India_000289.jpg,train,negative_background,RDD2020,India_0002
RDD2020_India_India_000290.jpg,train,negative_background,RDD2020,India_0002
RDD2020_India_India_000291.jpg,train,negative_background,RDD2020,India_0002
RDD2020_India_India_000292.jpg,train,alligator_crack,RDD2020,India_0002
RDD2020_India_India_000293.jpg,train,negative_background,RDD2020,India_0002
RDD2020_India_India_000294.jpg,train,negative_background,RDD2020,India_0002
RDD2020_India_India_000295.jpg,train,negative_background,RDD2020,India_0002
RDD2020_India_India_000297.jpg,train,negative_background,RDD2020,India_0002
RDD2020_India_India_000298.jpg,train,alligator_crack,RDD2020,India_0002
RDD2020_India_India_000299.jpg,train,alligator_crack,RDD2020,India_0002
RDD2020_India_India_006406.jpg,train,pothole,RDD2020,India_0064
RDD2020_India_India_006411.jpg,train,pothole,RDD2020,India_0064
RDD2020_India_India_006433.jpg,train,both,RDD2020,India_0064
RDD2020_India_India_006441.jpg,train,alligator_crack,RDD2020,India_0064
RDD2020_India_India_006444.jpg,train,both,RDD2020,India_0064
RDD2020_India_India_006446.jpg,train,alligator_crack,RDD2020,India_0064
RDD2020_India_India_006447.jpg,train,pothole,RDD2020,India_0064
RDD2020_India_India_006450.jpg,train,both,RDD2020,India_0064
RDD2020_India_India_006452.jpg,train,pothole,RDD2020,India_0064
RDD2020_India_India_006462.jpg,train,pothole,RDD2020,India_0064
RDD2020_India_India_006465.jpg,train,pothole,RDD2020,India_0064
RDD2020_India_India_006466.jpg,train,pothole,RDD2020,India_0064
RDD2020_India_India_006469.jpg,train,both,RDD2020,India_0064
RDD2020_India_India_006473.jpg,train,both,RDD2020,India_0064
RDD2020_India_India_006474.jpg,train,pothole,RDD2020,India_0064
RDD2020_India_India_006476.jpg,train,pothole,RDD2020,India_0064
RDD2020_India_India_006488.jpg,train,alligator_crack,RDD2020,India_0064
RDD2020_India_India_006490.jpg,train,pothole,RDD2020,India_0064
RDD2020_India_India_006491.jpg,train,alligator_crack,RDD2020,India_0064
RDD2020_India_India_006493.jpg,train,alligator_crack,RDD2020,India_0064
RDD2020_Czech_Czech_002500.jpg,train,alligator_crack,RDD2020,Czech_0025
RDD2020_Czech_Czech_002501.jpg,train,pothole,RDD2020,Czech_0025
RDD2020_Czech_Czech_002506.jpg,train,alligator_crack,RDD2020,Czech_0025
RDD2020_Czech_Czech_002541.jpg,train,pothole,RDD2020,Czech_0025
RDD2020_Czech_Czech_002543.jpg,train,alligator_crack,RDD2020,Czech_0025
RDD2020_Czech_Czech_002576.jpg,train,alligator_crack,RDD2020,Czech_0025
RDD2020_Czech_Czech_002577.jpg,train,pothole,RDD2020,Czech_0025
RDD2020_Czech_Czech_002585.jpg,train,pothole,RDD2020,Czech_0025
RDD2020_Japan_Japan_007409.jpg,train,both,RDD2020,Japan_0074
RDD2020_Japan_Japan_007410.jpg,train,alligator_crack,RDD2020,Japan_0074
RDD2020_Japan_Japan_007412.jpg,train,alligator_crack,RDD2020,Japan_0074
RDD2020_Japan_Japan_007414.jpg,train,alligator_crack,RDD2020,Japan_0074
RDD2020_Japan_Japan_007415.jpg,train,alligator_crack,RDD2020,Japan_0074
RDD2020_Japan_Japan_007417.jpg,train,alligator_crack,RDD2020,Japan_0074
RDD2020_Japan_Japan_007422.jpg,train,pothole,RDD2020,Japan_0074
RDD2020_Japan_Japan_007423.jpg,train,alligator_crack,RDD2020,Japan_0074
RDD2020_Japan_Japan_007433.jpg,train,alligator_crack,RDD2020,Japan_0074
RDD2020_Japan_Japan_007434.jpg,train,alligator_crack,RDD2020,Japan_0074
RDD2020_Japan_Japan_007436.jpg,train,pothole,RDD2020,Japan_0074
RDD2020_Japan_Japan_007439.jpg,train,alligator_crack,RDD2020,Japan_0074
RDD2020_Japan_Japan_007442.jpg,train,alligator_crack,RDD2020,Japan_0074
RDD2020_Japan_Japan_007445.jpg,train,pothole,RDD2020,Japan_0074
RDD2020_Japan_Japan_007448.jpg,train,both,RDD2020,Japan_0074
RDD2020_Japan_Japan_007450.jpg,train,alligator_crack,RDD2020,Japan_0074
RDD2020_Japan_Japan_007453.jpg,train,alligator_crack,RDD2020,Japan_0074
RDD2020_Japan_Japan_007454.jpg,train,alligator_crack,RDD2020,Japan_0074
RDD2020_Japan_Japan_007455.jpg,train,both,RDD2020,Japan_0074
RDD2020_Japan_Japan_007457.jpg,train,alligator_crack,RDD2020,Japan_0074
RDD2020_Japan_Japan_007458.jpg,train,alligator_crack,RDD2020,Japan_0074
RDD2020_Japan_Japan_007459.jpg,train,alligator_crack,RDD2020,Japan_0074
RDD2020_Japan_Japan_007461.jpg,train,alligator_crack,RDD2020,Japan_0074
RDD2020_Japan_Japan_007462.jpg,train,pothole,RDD2020,Japan_0074
RDD2020_Japan_Japan_007464.jpg,train,alligator_crack,RDD2020,Japan_0074
RDD2020_Japan_Japan_007470.jpg,train,alligator_crack,RDD2020,Japan_0074
RDD2020_Japan_Japan_007471.jpg,train,pothole,RDD2020,Japan_0074
RDD2020_Japan_Japan_007473.jpg,train,both,RDD2020,Japan_0074
RDD2020_Japan_Japan_007475.jpg,train,alligator_crack,RDD2020,Japan_0074
RDD2020_Japan_Japan_007476.jpg,train,alligator_crack,RDD2020,Japan_0074
RDD2020_Japan_Japan_007483.jpg,train,alligator_crack,RDD2020,Japan_0074
RDD2020_Japan_Japan_007485.jpg,train,alligator_crack,RDD2020,Japan_0074
RDD2020_Japan_Japan_007486.jpg,train,pothole,RDD2020,Japan_0074
RDD2020_Japan_Japan_007492.jpg,train,pothole,RDD2020,Japan_0074
RDD2020_Japan_Japan_007496.jpg,train,alligator_crack,RDD2020,Japan_0074
RDD2020_Japan_Japan_007499.jpg,train,alligator_crack,RDD2020,Japan_0074
RDD2020_India_India_009813.jpg,train,pothole,RDD2020,India_0098
RDD2020_India_India_009815.jpg,train,alligator_crack,RDD2020,India_0098
RDD2020_India_India_009817.jpg,train,both,RDD2020,India_0098
RDD2020_India_India_009826.jpg,train,pothole,RDD2020,India_0098
RDD2020_India_India_009830.jpg,train,both,RDD2020,India_0098
RDD2020_India_India_009832.jpg,train,pothole,RDD2020,India_0098
RDD2020_India_India_009836.jpg,train,pothole,RDD2020,India_0098
RDD2020_India_India_009841.jpg,train,both,RDD2020,India_0098
RDD2020_India_India_009856.jpg,train,pothole,RDD2020,India_0098
RDD2020_India_India_009863.jpg,train,pothole,RDD2020,India_0098
RDD2020_India_India_009864.jpg,train,both,RDD2020,India_0098
RDD2020_India_India_009869.jpg,train,pothole,RDD2020,India_0098
RDD2020_India_India_009873.jpg,train,alligator_crack,RDD2020,India_0098
RDD2020_India_India_009880.jpg,train,alligator_crack,RDD2020,India_0098
RDD2020_India_India_009881.jpg,train,pothole,RDD2020,India_0098
RDD2020_India_India_009890.jpg,train,pothole,RDD2020,India_0098
RDD2020_Japan_Japan_006202.jpg,train,alligator_crack,RDD2020,Japan_0062
RDD2020_Japan_Japan_006204.jpg,train,alligator_crack,RDD2020,Japan_0062
RDD2020_Japan_Japan_006215.jpg,train,alligator_crack,RDD2020,Japan_0062
RDD2020_Japan_Japan_006216.jpg,train,both,RDD2020,Japan_0062
RDD2020_Japan_Japan_006217.jpg,train,alligator_crack,RDD2020,Japan_0062
RDD2020_Japan_Japan_006218.jpg,train,alligator_crack,RDD2020,Japan_0062
RDD2020_Japan_Japan_006221.jpg,train,alligator_crack,RDD2020,Japan_0062
RDD2020_Japan_Japan_006223.jpg,train,alligator_crack,RDD2020,Japan_0062
RDD2020_Japan_Japan_006224.jpg,train,alligator_crack,RDD2020,Japan_0062
RDD2020_Japan_Japan_006227.jpg,train,both,RDD2020,Japan_0062
RDD2020_Japan_Japan_006229.jpg,train,alligator_crack,RDD2020,Japan_0062
RDD2020_Japan_Japan_006230.jpg,train,alligator_crack,RDD2020,Japan_0062
RDD2020_Japan_Japan_006236.jpg,train,alligator_crack,RDD2020,Japan_0062
RDD2020_Japan_Japan_006241.jpg,train,alligator_crack,RDD2020,Japan_0062
RDD2020_Japan_Japan_006242.jpg,train,alligator_crack,RDD2020,Japan_0062
RDD2020_Japan_Japan_006243.jpg,train,both,RDD2020,Japan_0062
RDD2020_Japan_Japan_006246.jpg,train,alligator_crack,RDD2020,Japan_0062
RDD2020_Japan_Japan_006248.jpg,train,alligator_crack,RDD2020,Japan_0062
RDD2020_Japan_Japan_006260.jpg,train,pothole,RDD2020,Japan_0062
RDD2020_Japan_Japan_006262.jpg,train,both,RDD2020,Japan_0062
RDD2020_Japan_Japan_006263.jpg,train,alligator_crack,RDD2020,Japan_0062
RDD2020_Japan_Japan_006264.jpg,train,alligator_crack,RDD2020,Japan_0062
RDD2020_Japan_Japan_006265.jpg,train,alligator_crack,RDD2020,Japan_0062
RDD2020_Japan_Japan_006267.jpg,train,alligator_crack,RDD2020,Japan_0062
RDD2020_Japan_Japan_006269.jpg,train,alligator_crack,RDD2020,Japan_0062
RDD2020_Japan_Japan_006272.jpg,train,both,RDD2020,Japan_0062
RDD2020_Japan_Japan_006275.jpg,train,alligator_crack,RDD2020,Japan_0062
RDD2020_Japan_Japan_006277.jpg,train,alligator_crack,RDD2020,Japan_0062
RDD2020_Japan_Japan_006282.jpg,train,alligator_crack,RDD2020,Japan_0062
RDD2020_Japan_Japan_006283.jpg,train,alligator_crack,RDD2020,Japan_0062
RDD2020_Japan_Japan_006285.jpg,train,pothole,RDD2020,Japan_0062
RDD2020_Japan_Japan_006286.jpg,train,alligator_crack,RDD2020,Japan_0062
RDD2020_Japan_Japan_006287.jpg,train,both,RDD2020,Japan_0062
RDD2020_Japan_Japan_006288.jpg,train,alligator_crack,RDD2020,Japan_0062
RDD2020_Japan_Japan_006292.jpg,train,alligator_crack,RDD2020,Japan_0062
RDD2020_Japan_Japan_006293.jpg,train,pothole,RDD2020,Japan_0062
RDD2020_Japan_Japan_006295.jpg,train,alligator_crack,RDD2020,Japan_0062
RDD2020_Czech_Czech_000512.jpg,train,both,RDD2020,Czech_0005
RDD2020_Czech_Czech_000541.jpg,train,alligator_crack,RDD2020,Czech_0005
RDD2020_Czech_Czech_000551.jpg,train,alligator_crack,RDD2020,Czech_0005
RDD2020_Czech_Czech_000568.jpg,train,pothole,RDD2020,Czech_0005
RDD2020_Czech_Czech_000582.jpg,train,both,RDD2020,Czech_0005
RDD2020_Czech_Czech_000592.jpg,train,alligator_crack,RDD2020,Czech_0005
RDD2020_Czech_Czech_000595.jpg,train,pothole,RDD2020,Czech_0005
RDD2020_Czech_Czech_000596.jpg,train,pothole,RDD2020,Czech_0005
RDD2020_Czech_Czech_000599.jpg,train,alligator_crack,RDD2020,Czech_0005
RDD2020_Czech_Czech_000729.jpg,train,pothole,RDD2020,Czech_0007
RDD2020_Czech_Czech_000742.jpg,train,alligator_crack,RDD2020,Czech_0007
RDD2020_Czech_Czech_000749.jpg,train,pothole,RDD2020,Czech_0007
RDD2020_Czech_Czech_000755.jpg,train,pothole,RDD2020,Czech_0007
RDD2020_Czech_Czech_000757.jpg,train,pothole,RDD2020,Czech_0007
RDD2020_Czech_Czech_000758.jpg,train,pothole,RDD2020,Czech_0007
RDD2020_Czech_Czech_000759.jpg,train,pothole,RDD2020,Czech_0007
RDD2020_Czech_Czech_000762.jpg,train,pothole,RDD2020,Czech_0007
RDD2020_Czech_Czech_000768.jpg,train,pothole,RDD2020,Czech_0007
RDD2020_Czech_Czech_000791.jpg,train,pothole,RDD2020,Czech_0007
RDD2020_Czech_Czech_000792.jpg,train,pothole,RDD2020,Czech_0007
RDD2020_Czech_Czech_000794.jpg,train,alligator_crack,RDD2020,Czech_0007
RDD2020_Czech_Czech_000200.jpg,train,negative_background,RDD2020,Czech_0002
RDD2020_Czech_Czech_000201.jpg,train,negative_background,RDD2020,Czech_0002
RDD2020_Czech_Czech_000202.jpg,train,alligator_crack,RDD2020,Czech_0002
RDD2020_Czech_Czech_000203.jpg,train,negative_background,RDD2020,Czech_0002
RDD2020_Czech_Czech_000204.jpg,train,negative_background,RDD2020,Czech_0002
RDD2020_Czech_Czech_000205.jpg,train,negative_background,RDD2020,Czech_0002
RDD2020_Czech_Czech_000206.jpg,train,negative_background,RDD2020,Czech_0002
RDD2020_Czech_Czech_000207.jpg,train,negative_background,RDD2020,Czech_0002
RDD2020_Czech_Czech_000208.jpg,train,negative_background,RDD2020,Czech_0002
RDD2020_Czech_Czech_000209.jpg,train,negative_background,RDD2020,Czech_0002
RDD2020_Czech_Czech_000211.jpg,train,negative_background,RDD2020,Czech_0002
RDD2020_Czech_Czech_000212.jpg,train,negative_background,RDD2020,Czech_0002
RDD2020_Czech_Czech_000213.jpg,train,negative_background,RDD2020,Czech_0002
RDD2020_Czech_Czech_000214.jpg,train,negative_background,RDD2020,Czech_0002
RDD2020_Czech_Czech_000215.jpg,train,negative_background,RDD2020,Czech_0002
RDD2020_Czech_Czech_000217.jpg,train,negative_background,RDD2020,Czech_0002
RDD2020_Czech_Czech_000218.jpg,train,negative_background,RDD2020,Czech_0002
RDD2020_Czech_Czech_000219.jpg,train,negative_background,RDD2020,Czech_0002
RDD2020_Czech_Czech_000220.jpg,train,negative_background,RDD2020,Czech_0002
RDD2020_Czech_Czech_000221.jpg,train,negative_background,RDD2020,Czech_0002
RDD2020_Czech_Czech_000222.jpg,train,negative_background,RDD2020,Czech_0002
RDD2020_Czech_Czech_000224.jpg,train,negative_background,RDD2020,Czech_0002
RDD2020_Czech_Czech_000225.jpg,train,negative_background,RDD2020,Czech_0002
RDD2020_Czech_Czech_000226.jpg,train,negative_background,RDD2020,Czech_0002
RDD2020_Czech_Czech_000230.jpg,train,negative_background,RDD2020,Czech_0002
RDD2020_Czech_Czech_000233.jpg,train,negative_background,RDD2020,Czech_0002
RDD2020_Czech_Czech_000234.jpg,train,negative_background,RDD2020,Czech_0002
RDD2020_Czech_Czech_000235.jpg,train,negative_background,RDD2020,Czech_0002
RDD2020_Czech_Czech_000236.jpg,train,negative_background,RDD2020,Czech_0002
RDD2020_Czech_Czech_000239.jpg,train,negative_background,RDD2020,Czech_0002
RDD2020_Czech_Czech_000240.jpg,train,both,RDD2020,Czech_0002
RDD2020_Czech_Czech_000242.jpg,train,negative_background,RDD2020,Czech_0002
RDD2020_Czech_Czech_000243.jpg,train,negative_background,RDD2020,Czech_0002
RDD2020_Czech_Czech_000244.jpg,train,negative_background,RDD2020,Czech_0002
RDD2020_Czech_Czech_000245.jpg,train,negative_background,RDD2020,Czech_0002
RDD2020_Czech_Czech_000246.jpg,train,negative_background,RDD2020,Czech_0002
RDD2020_Czech_Czech_000247.jpg,train,negative_background,RDD2020,Czech_0002
RDD2020_Czech_Czech_000248.jpg,train,alligator_crack,RDD2020,Czech_0002
RDD2020_Czech_Czech_000249.jpg,train,negative_background,RDD2020,Czech_0002
RDD2020_Czech_Czech_000250.jpg,train,negative_background,RDD2020,Czech_0002
RDD2020_Czech_Czech_000251.jpg,train,negative_background,RDD2020,Czech_0002
RDD2020_Czech_Czech_000252.jpg,train,negative_background,RDD2020,Czech_0002
RDD2020_Czech_Czech_000253.jpg,train,alligator_crack,RDD2020,Czech_0002
RDD2020_Czech_Czech_000254.jpg,train,negative_background,RDD2020,Czech_0002
RDD2020_Czech_Czech_000255.jpg,train,negative_background,RDD2020,Czech_0002
RDD2020_Czech_Czech_000256.jpg,train,negative_background,RDD2020,Czech_0002
RDD2020_Czech_Czech_000257.jpg,train,negative_background,RDD2020,Czech_0002
RDD2020_Czech_Czech_000258.jpg,train,negative_background,RDD2020,Czech_0002
RDD2020_Czech_Czech_000259.jpg,train,negative_background,RDD2020,Czech_0002
RDD2020_Czech_Czech_000260.jpg,train,negative_background,RDD2020,Czech_0002
RDD2020_Czech_Czech_000261.jpg,train,negative_background,RDD2020,Czech_0002
RDD2020_Czech_Czech_000262.jpg,train,negative_background,RDD2020,Czech_0002
RDD2020_Czech_Czech_000263.jpg,train,negative_background,RDD2020,Czech_0002
RDD2020_Czech_Czech_000268.jpg,train,negative_background,RDD2020,Czech_0002
RDD2020_Czech_Czech_000269.jpg,train,negative_background,RDD2020,Czech_0002
RDD2020_Czech_Czech_000270.jpg,train,both,RDD2020,Czech_0002
RDD2020_Czech_Czech_000271.jpg,train,negative_background,RDD2020,Czech_0002
RDD2020_Czech_Czech_000273.jpg,train,negative_background,RDD2020,Czech_0002
RDD2020_Czech_Czech_000274.jpg,train,negative_background,RDD2020,Czech_0002
RDD2020_Czech_Czech_000275.jpg,train,pothole,RDD2020,Czech_0002
RDD2020_Czech_Czech_000276.jpg,train,negative_background,RDD2020,Czech_0002
RDD2020_Czech_Czech_000278.jpg,train,negative_background,RDD2020,Czech_0002
RDD2020_Czech_Czech_000279.jpg,train,negative_background,RDD2020,Czech_0002
RDD2020_Czech_Czech_000281.jpg,train,negative_background,RDD2020,Czech_0002
RDD2020_Czech_Czech_000282.jpg,train,negative_background,RDD2020,Czech_0002
RDD2020_Czech_Czech_000283.jpg,train,negative_background,RDD2020,Czech_0002
RDD2020_Czech_Czech_000284.jpg,train,negative_background,RDD2020,Czech_0002
RDD2020_Czech_Czech_000285.jpg,train,negative_background,RDD2020,Czech_0002
RDD2020_Czech_Czech_000286.jpg,train,negative_background,RDD2020,Czech_0002
RDD2020_Czech_Czech_000287.jpg,train,negative_background,RDD2020,Czech_0002
RDD2020_Czech_Czech_000289.jpg,train,negative_background,RDD2020,Czech_0002
RDD2020_Czech_Czech_000290.jpg,train,negative_background,RDD2020,Czech_0002
RDD2020_Czech_Czech_000291.jpg,train,negative_background,RDD2020,Czech_0002
RDD2020_Czech_Czech_000292.jpg,train,negative_background,RDD2020,Czech_0002
RDD2020_Czech_Czech_000293.jpg,train,pothole,RDD2020,Czech_0002
RDD2020_Czech_Czech_000294.jpg,train,negative_background,RDD2020,Czech_0002
RDD2020_Czech_Czech_000295.jpg,train,negative_background,RDD2020,Czech_0002
RDD2020_Czech_Czech_000296.jpg,train,pothole,RDD2020,Czech_0002
RDD2020_Czech_Czech_000297.jpg,train,negative_background,RDD2020,Czech_0002
RDD2020_Czech_Czech_000298.jpg,train,negative_background,RDD2020,Czech_0002
RDD2020_Czech_Czech_000299.jpg,train,negative_background,RDD2020,Czech_0002
RDD2020_India_India_002804.jpg,train,both,RDD2020,India_0028
RDD2020_India_India_002810.jpg,train,pothole,RDD2020,India_0028
RDD2020_India_India_002815.jpg,train,alligator_crack,RDD2020,India_0028
RDD2020_India_India_002818.jpg,train,pothole,RDD2020,India_0028
RDD2020_India_India_002821.jpg,train,alligator_crack,RDD2020,India_0028
RDD2020_India_India_002832.jpg,train,pothole,RDD2020,India_0028
RDD2020_India_India_002839.jpg,train,alligator_crack,RDD2020,India_0028
RDD2020_India_India_002843.jpg,train,both,RDD2020,India_0028
RDD2020_India_India_002846.jpg,train,pothole,RDD2020,India_0028
RDD2020_India_India_002849.jpg,train,alligator_crack,RDD2020,India_0028
RDD2020_India_India_002854.jpg,train,pothole,RDD2020,India_0028
RDD2020_India_India_002858.jpg,train,alligator_crack,RDD2020,India_0028
RDD2020_India_India_002860.jpg,train,pothole,RDD2020,India_0028
RDD2020_India_India_002871.jpg,train,pothole,RDD2020,India_0028
RDD2020_India_India_002873.jpg,train,alligator_crack,RDD2020,India_0028
RDD2020_India_India_002875.jpg,train,both,RDD2020,India_0028
RDD2020_India_India_002877.jpg,train,pothole,RDD2020,India_0028
RDD2020_India_India_002880.jpg,train,pothole,RDD2020,India_0028
RDD2020_India_India_002881.jpg,train,pothole,RDD2020,India_0028
RDD2020_India_India_002884.jpg,train,alligator_crack,RDD2020,India_0028
RDD2020_India_India_002889.jpg,train,pothole,RDD2020,India_0028
RDD2020_India_India_002892.jpg,train,alligator_crack,RDD2020,India_0028
RDD2020_India_India_002894.jpg,train,pothole,RDD2020,India_0028
RDD2020_India_India_002895.jpg,train,alligator_crack,RDD2020,India_0028
Pothole600_validation_0000.png,train,pothole,Pothole600,pothole600_validation
Pothole600_validation_0001.png,train,pothole,Pothole600,pothole600_validation
Pothole600_validation_0002.png,train,pothole,Pothole600,pothole600_validation
Pothole600_validation_0003.png,train,pothole,Pothole600,pothole600_validation
Pothole600_validation_0004.png,train,pothole,Pothole600,pothole600_validation
Pothole600_validation_0005.png,train,pothole,Pothole600,pothole600_validation
Pothole600_validation_0006.png,train,pothole,Pothole600,pothole600_validation
Pothole600_validation_0007.png,train,pothole,Pothole600,pothole600_validation
Pothole600_validation_0008.png,train,pothole,Pothole600,pothole600_validation
Pothole600_validation_0009.png,train,pothole,Pothole600,pothole600_validation
Pothole600_validation_0010.png,train,pothole,Pothole600,pothole600_validation
Pothole600_validation_0011.png,train,pothole,Pothole600,pothole600_validation
Pothole600_validation_0012.png,train,pothole,Pothole600,pothole600_validation
Pothole600_validation_0013.png,train,pothole,Pothole600,pothole600_validation
Pothole600_validation_0014.png,train,pothole,Pothole600,pothole600_validation
Pothole600_validation_0015.png,train,pothole,Pothole600,pothole600_validation
Pothole600_validation_0016.png,train,pothole,Pothole600,pothole600_validation
Pothole600_validation_0017.png,train,pothole,Pothole600,pothole600_validation
Pothole600_validation_0018.png,train,pothole,Pothole600,pothole600_validation
Pothole600_validation_0019.png,train,pothole,Pothole600,pothole600_validation
Pothole600_validation_0020.png,train,pothole,Pothole600,pothole600_validation
Pothole600_validation_0021.png,train,pothole,Pothole600,pothole600_validation
Pothole600_validation_0022.png,train,pothole,Pothole600,pothole600_validation
Pothole600_validation_0023.png,train,pothole,Pothole600,pothole600_validation
Pothole600_validation_0024.png,train,pothole,Pothole600,pothole600_validation
Pothole600_validation_0025.png,train,pothole,Pothole600,pothole600_validation
Pothole600_validation_0026.png,train,pothole,Pothole600,pothole600_validation
Pothole600_validation_0027.png,train,pothole,Pothole600,pothole600_validation
Pothole600_validation_0028.png,train,pothole,Pothole600,pothole600_validation
Pothole600_validation_0029.png,train,pothole,Pothole600,pothole600_validation
Pothole600_validation_0030.png,train,pothole,Pothole600,pothole600_validation
Pothole600_validation_0031.png,train,pothole,Pothole600,pothole600_validation
Pothole600_validation_0032.png,train,pothole,Pothole600,pothole600_validation
Pothole600_validation_0033.png,train,pothole,Pothole600,pothole600_validation
Pothole600_validation_0034.png,train,pothole,Pothole600,pothole600_validation
Pothole600_validation_0035.png,train,pothole,Pothole600,pothole600_validation
Pothole600_validation_0036.png,train,pothole,Pothole600,pothole600_validation
Pothole600_validation_0037.png,train,pothole,Pothole600,pothole600_validation
Pothole600_validation_0038.png,train,pothole,Pothole600,pothole600_validation
Pothole600_validation_0039.png,train,pothole,Pothole600,pothole600_validation
Pothole600_validation_0040.png,train,pothole,Pothole600,pothole600_validation
Pothole600_validation_0041.png,train,pothole,Pothole600,pothole600_validation
Pothole600_validation_0042.png,train,pothole,Pothole600,pothole600_validation
Pothole600_validation_0043.png,train,pothole,Pothole600,pothole600_validation
Pothole600_validation_0044.png,train,pothole,Pothole600,pothole600_validation
Pothole600_validation_0045.png,train,pothole,Pothole600,pothole600_validation
Pothole600_validation_0046.png,train,pothole,Pothole600,pothole600_validation
Pothole600_validation_0047.png,train,pothole,Pothole600,pothole600_validation
Pothole600_validation_0048.png,train,pothole,Pothole600,pothole600_validation
Pothole600_validation_0049.png,train,pothole,Pothole600,pothole600_validation
Pothole600_validation_0050.png,train,pothole,Pothole600,pothole600_validation
Pothole600_validation_0051.png,train,pothole,Pothole600,pothole600_validation
Pothole600_validation_0052.png,train,pothole,Pothole600,pothole600_validation
Pothole600_validation_0053.png,train,pothole,Pothole600,pothole600_validation
Pothole600_validation_0054.png,train,pothole,Pothole600,pothole600_validation
Pothole600_validation_0055.png,train,pothole,Pothole600,pothole600_validation
Pothole600_validation_0056.png,train,pothole,Pothole600,pothole600_validation
Pothole600_validation_0057.png,train,pothole,Pothole600,pothole600_validation
Pothole600_validation_0058.png,train,pothole,Pothole600,pothole600_validation
Pothole600_validation_0059.png,train,pothole,Pothole600,pothole600_validation
Pothole600_validation_0060.png,train,pothole,Pothole600,pothole600_validation
Pothole600_validation_0061.png,train,pothole,Pothole600,pothole600_validation
Pothole600_validation_0062.png,train,pothole,Pothole600,pothole600_validation
Pothole600_validation_0063.png,train,pothole,Pothole600,pothole600_validation
Pothole600_validation_0064.png,train,pothole,Pothole600,pothole600_validation
Pothole600_validation_0065.png,train,pothole,Pothole600,pothole600_validation
Pothole600_validation_0066.png,train,pothole,Pothole600,pothole600_validation
Pothole600_validation_0067.png,train,pothole,Pothole600,pothole600_validation
Pothole600_validation_0068.png,train,pothole,Pothole600,pothole600_validation
Pothole600_validation_0069.png,train,pothole,Pothole600,pothole600_validation
Pothole600_validation_0070.png,train,pothole,Pothole600,pothole600_validation
Pothole600_validation_0077.png,train,pothole,Pothole600,pothole600_validation
Pothole600_validation_0078.png,train,pothole,Pothole600,pothole600_validation
Pothole600_validation_0079.png,train,pothole,Pothole600,pothole600_validation
Pothole600_validation_0080.png,train,pothole,Pothole600,pothole600_validation
Pothole600_validation_0081.png,train,pothole,Pothole600,pothole600_validation
Pothole600_validation_0082.png,train,pothole,Pothole600,pothole600_validation
Pothole600_validation_0083.png,train,pothole,Pothole600,pothole600_validation
Pothole600_validation_0084.png,train,pothole,Pothole600,pothole600_validation
Pothole600_validation_0085.png,train,pothole,Pothole600,pothole600_validation
Pothole600_validation_0086.png,train,pothole,Pothole600,pothole600_validation
Pothole600_validation_0087.png,train,pothole,Pothole600,pothole600_validation
Pothole600_validation_0088.png,train,pothole,Pothole600,pothole600_validation
Pothole600_validation_0089.png,train,pothole,Pothole600,pothole600_validation
Pothole600_validation_0090.png,train,pothole,Pothole600,pothole600_validation
Pothole600_validation_0091.png,train,pothole,Pothole600,pothole600_validation
Pothole600_validation_0092.png,train,pothole,Pothole600,pothole600_validation
Pothole600_validation_0093.png,train,pothole,Pothole600,pothole600_validation
Pothole600_validation_0094.png,train,pothole,Pothole600,pothole600_validation
Pothole600_validation_0095.png,train,pothole,Pothole600,pothole600_validation
Pothole600_validation_0096.png,train,pothole,Pothole600,pothole600_validation
Pothole600_validation_0097.png,train,pothole,Pothole600,pothole600_validation
Pothole600_validation_0098.png,train,pothole,Pothole600,pothole600_validation
Pothole600_validation_0099.png,train,pothole,Pothole600,pothole600_validation
Pothole600_validation_0100.png,train,pothole,Pothole600,pothole600_validation
Pothole600_validation_0101.png,train,pothole,Pothole600,pothole600_validation
Pothole600_validation_0102.png,train,pothole,Pothole600,pothole600_validation
Pothole600_validation_0103.png,train,pothole,Pothole600,pothole600_validation
Pothole600_validation_0104.png,train,pothole,Pothole600,pothole600_validation
Pothole600_validation_0105.png,train,pothole,Pothole600,pothole600_validation
Pothole600_validation_0106.png,train,pothole,Pothole600,pothole600_validation
Pothole600_validation_0107.png,train,pothole,Pothole600,pothole600_validation
Pothole600_validation_0108.png,train,pothole,Pothole600,pothole600_validation
Pothole600_validation_0109.png,train,pothole,Pothole600,pothole600_validation
Pothole600_validation_0110.png,train,pothole,Pothole600,pothole600_validation
Pothole600_validation_0111.png,train,pothole,Pothole600,pothole600_validation
Pothole600_validation_0112.png,train,pothole,Pothole600,pothole600_validation
Pothole600_validation_0113.png,train,pothole,Pothole600,pothole600_validation
Pothole600_validation_0114.png,train,pothole,Pothole600,pothole600_validation
Pothole600_validation_0115.png,train,pothole,Pothole600,pothole600_validation
Pothole600_validation_0116.png,train,pothole,Pothole600,pothole600_validation
Pothole600_validation_0117.png,train,pothole,Pothole600,pothole600_validation
Pothole600_validation_0118.png,train,pothole,Pothole600,pothole600_validation
Pothole600_validation_0119.png,train,pothole,Pothole600,pothole600_validation
Pothole600_validation_0120.png,train,pothole,Pothole600,pothole600_validation
Pothole600_validation_0121.png,train,pothole,Pothole600,pothole600_validation
Pothole600_validation_0122.png,train,pothole,Pothole600,pothole600_validation
Pothole600_validation_0123.png,train,pothole,Pothole600,pothole600_validation
Pothole600_validation_0124.png,train,pothole,Pothole600,pothole600_validation
Pothole600_validation_0125.png,train,pothole,Pothole600,pothole600_validation
Pothole600_validation_0126.png,train,pothole,Pothole600,pothole600_validation
Pothole600_validation_0127.png,train,pothole,Pothole600,pothole600_validation
Pothole600_validation_0128.png,train,pothole,Pothole600,pothole600_validation
Pothole600_validation_0129.png,train,pothole,Pothole600,pothole600_validation
Pothole600_validation_0130.png,train,pothole,Pothole600,pothole600_validation
Pothole600_validation_0131.png,train,pothole,Pothole600,pothole600_validation
Pothole600_validation_0132.png,train,pothole,Pothole600,pothole600_validation
Pothole600_validation_0133.png,train,pothole,Pothole600,pothole600_validation
Pothole600_validation_0135.png,train,pothole,Pothole600,pothole600_validation
Pothole600_validation_0136.png,train,pothole,Pothole600,pothole600_validation
Pothole600_validation_0137.png,train,pothole,Pothole600,pothole600_validation
Pothole600_validation_0138.png,train,pothole,Pothole600,pothole600_validation
Pothole600_validation_0139.png,train,pothole,Pothole600,pothole600_validation
Pothole600_validation_0140.png,train,pothole,Pothole600,pothole600_validation
Pothole600_validation_0141.png,train,pothole,Pothole600,pothole600_validation
Pothole600_validation_0142.png,train,pothole,Pothole600,pothole600_validation
Pothole600_validation_0143.png,train,pothole,Pothole600,pothole600_validation
Pothole600_validation_0144.png,train,pothole,Pothole600,pothole600_validation
Pothole600_validation_0145.png,train,pothole,Pothole600,pothole600_validation
Pothole600_validation_0146.png,train,pothole,Pothole600,pothole600_validation
Pothole600_validation_0147.png,train,pothole,Pothole600,pothole600_validation
Pothole600_validation_0148.png,train,pothole,Pothole600,pothole600_validation
Pothole600_validation_0149.png,train,pothole,Pothole600,pothole600_validation
Pothole600_validation_0150.png,train,pothole,Pothole600,pothole600_validation
Pothole600_validation_0151.png,train,pothole,Pothole600,pothole600_validation
Pothole600_validation_0152.png,train,pothole,Pothole600,pothole600_validation
Pothole600_validation_0153.png,train,pothole,Pothole600,pothole600_validation
Pothole600_validation_0154.png,train,pothole,Pothole600,pothole600_validation
Pothole600_validation_0155.png,train,pothole,Pothole600,pothole600_validation
Pothole600_validation_0156.png,train,pothole,Pothole600,pothole600_validation
Pothole600_validation_0157.png,train,pothole,Pothole600,pothole600_validation
Pothole600_validation_0158.png,train,pothole,Pothole600,pothole600_validation
Pothole600_validation_0159.png,train,pothole,Pothole600,pothole600_validation
Pothole600_validation_0160.png,train,pothole,Pothole600,pothole600_validation
Pothole600_validation_0161.png,train,pothole,Pothole600,pothole600_validation
Pothole600_validation_0162.png,train,pothole,Pothole600,pothole600_validation
Pothole600_validation_0163.png,train,pothole,Pothole600,pothole600_validation
Pothole600_validation_0164.png,train,pothole,Pothole600,pothole600_validation
Pothole600_validation_0165.png,train,pothole,Pothole600,pothole600_validation
Pothole600_validation_0166.png,train,pothole,Pothole600,pothole600_validation
Pothole600_validation_0167.png,train,pothole,Pothole600,pothole600_validation
Pothole600_validation_0168.png,train,pothole,Pothole600,pothole600_validation
Pothole600_validation_0169.png,train,pothole,Pothole600,pothole600_validation
Pothole600_validation_0170.png,train,pothole,Pothole600,pothole600_validation
Pothole600_validation_0171.png,train,pothole,Pothole600,pothole600_validation
Pothole600_validation_0172.png,train,pothole,Pothole600,pothole600_validation
Pothole600_validation_0173.png,train,pothole,Pothole600,pothole600_validation
Pothole600_validation_0174.png,train,pothole,Pothole600,pothole600_validation
Pothole600_validation_0175.png,train,pothole,Pothole600,pothole600_validation
Pothole600_validation_0176.png,train,pothole,Pothole600,pothole600_validation
Pothole600_validation_0177.png,train,pothole,Pothole600,pothole600_validation
Pothole600_validation_0178.png,train,pothole,Pothole600,pothole600_validation
Pothole600_validation_0179.png,train,pothole,Pothole600,pothole600_validation
RDD2020_Japan_Japan_012902.jpg,train,alligator_crack,RDD2020,Japan_0129
RDD2020_Japan_Japan_012904.jpg,train,alligator_crack,RDD2020,Japan_0129
RDD2020_Japan_Japan_012915.jpg,train,both,RDD2020,Japan_0129
RDD2020_Japan_Japan_012920.jpg,train,alligator_crack,RDD2020,Japan_0129
RDD2020_Japan_Japan_012921.jpg,train,alligator_crack,RDD2020,Japan_0129
RDD2020_Japan_Japan_012922.jpg,train,alligator_crack,RDD2020,Japan_0129
RDD2020_Japan_Japan_012923.jpg,train,alligator_crack,RDD2020,Japan_0129
RDD2020_Japan_Japan_012924.jpg,train,alligator_crack,RDD2020,Japan_0129
RDD2020_Japan_Japan_012926.jpg,train,both,RDD2020,Japan_0129
RDD2020_Japan_Japan_012931.jpg,train,pothole,RDD2020,Japan_0129
RDD2020_Japan_Japan_012933.jpg,train,alligator_crack,RDD2020,Japan_0129
RDD2020_Japan_Japan_012937.jpg,train,pothole,RDD2020,Japan_0129
RDD2020_Japan_Japan_012943.jpg,train,pothole,RDD2020,Japan_0129
RDD2020_Japan_Japan_012950.jpg,train,alligator_crack,RDD2020,Japan_0129
RDD2020_Japan_Japan_012953.jpg,train,both,RDD2020,Japan_0129
RDD2020_Japan_Japan_012957.jpg,train,alligator_crack,RDD2020,Japan_0129
RDD2020_Japan_Japan_012958.jpg,train,alligator_crack,RDD2020,Japan_0129
RDD2020_Japan_Japan_012963.jpg,train,alligator_crack,RDD2020,Japan_0129
RDD2020_Japan_Japan_012964.jpg,train,both,RDD2020,Japan_0129
RDD2020_Japan_Japan_012970.jpg,train,alligator_crack,RDD2020,Japan_0129
RDD2020_Japan_Japan_012973.jpg,train,alligator_crack,RDD2020,Japan_0129
RDD2020_Japan_Japan_012975.jpg,train,both,RDD2020,Japan_0129
RDD2020_Japan_Japan_012979.jpg,train,alligator_crack,RDD2020,Japan_0129
RDD2020_Japan_Japan_012984.jpg,train,alligator_crack,RDD2020,Japan_0129
RDD2020_Japan_Japan_012985.jpg,train,alligator_crack,RDD2020,Japan_0129
RDD2020_Japan_Japan_012987.jpg,train,both,RDD2020,Japan_0129
RDD2020_Japan_Japan_012988.jpg,train,pothole,RDD2020,Japan_0129
RDD2020_Japan_Japan_012991.jpg,train,both,RDD2020,Japan_0129
RDD2020_Japan_Japan_012992.jpg,train,alligator_crack,RDD2020,Japan_0129
RDD2020_Japan_Japan_012993.jpg,train,alligator_crack,RDD2020,Japan_0129
RDD2020_Japan_Japan_012994.jpg,train,alligator_crack,RDD2020,Japan_0129
RDD2020_Japan_Japan_012995.jpg,train,alligator_crack,RDD2020,Japan_0129
RDD2020_Japan_Japan_012996.jpg,train,both,RDD2020,Japan_0129
RDD2020_Japan_Japan_002700.jpg,train,alligator_crack,RDD2020,Japan_0027
RDD2020_Japan_Japan_002704.jpg,train,alligator_crack,RDD2020,Japan_0027
RDD2020_Japan_Japan_002705.jpg,train,both,RDD2020,Japan_0027
RDD2020_Japan_Japan_002708.jpg,train,alligator_crack,RDD2020,Japan_0027
RDD2020_Japan_Japan_002709.jpg,train,alligator_crack,RDD2020,Japan_0027
RDD2020_Japan_Japan_002712.jpg,train,alligator_crack,RDD2020,Japan_0027
RDD2020_Japan_Japan_002713.jpg,train,alligator_crack,RDD2020,Japan_0027
RDD2020_Japan_Japan_002714.jpg,train,alligator_crack,RDD2020,Japan_0027
RDD2020_Japan_Japan_002719.jpg,train,alligator_crack,RDD2020,Japan_0027
RDD2020_Japan_Japan_002720.jpg,train,alligator_crack,RDD2020,Japan_0027
RDD2020_Japan_Japan_002726.jpg,train,alligator_crack,RDD2020,Japan_0027
RDD2020_Japan_Japan_002727.jpg,train,pothole,RDD2020,Japan_0027
RDD2020_Japan_Japan_002729.jpg,train,alligator_crack,RDD2020,Japan_0027
RDD2020_Japan_Japan_002730.jpg,train,alligator_crack,RDD2020,Japan_0027
RDD2020_Japan_Japan_002733.jpg,train,alligator_crack,RDD2020,Japan_0027
RDD2020_Japan_Japan_002735.jpg,train,alligator_crack,RDD2020,Japan_0027
RDD2020_Japan_Japan_002736.jpg,train,alligator_crack,RDD2020,Japan_0027
RDD2020_Japan_Japan_002738.jpg,train,alligator_crack,RDD2020,Japan_0027
RDD2020_Japan_Japan_002739.jpg,train,alligator_crack,RDD2020,Japan_0027
RDD2020_Japan_Japan_002740.jpg,train,alligator_crack,RDD2020,Japan_0027
RDD2020_Japan_Japan_002745.jpg,train,alligator_crack,RDD2020,Japan_0027
RDD2020_Japan_Japan_002746.jpg,train,both,RDD2020,Japan_0027
RDD2020_Japan_Japan_002749.jpg,train,alligator_crack,RDD2020,Japan_0027
RDD2020_Japan_Japan_002753.jpg,train,alligator_crack,RDD2020,Japan_0027
RDD2020_Japan_Japan_002761.jpg,train,alligator_crack,RDD2020,Japan_0027
RDD2020_Japan_Japan_002765.jpg,train,alligator_crack,RDD2020,Japan_0027
RDD2020_Japan_Japan_002767.jpg,train,alligator_crack,RDD2020,Japan_0027
RDD2020_Japan_Japan_002769.jpg,train,alligator_crack,RDD2020,Japan_0027
RDD2020_Japan_Japan_002771.jpg,train,alligator_crack,RDD2020,Japan_0027
RDD2020_Japan_Japan_002772.jpg,train,pothole,RDD2020,Japan_0027
RDD2020_Japan_Japan_002774.jpg,train,alligator_crack,RDD2020,Japan_0027
RDD2020_Japan_Japan_002775.jpg,train,alligator_crack,RDD2020,Japan_0027
RDD2020_Japan_Japan_002780.jpg,train,alligator_crack,RDD2020,Japan_0027
RDD2020_Japan_Japan_002785.jpg,train,pothole,RDD2020,Japan_0027
RDD2020_Japan_Japan_002789.jpg,train,alligator_crack,RDD2020,Japan_0027
RDD2020_Japan_Japan_002793.jpg,train,pothole,RDD2020,Japan_0027
RDD2020_Japan_Japan_002794.jpg,train,alligator_crack,RDD2020,Japan_0027
RDD2020_Japan_Japan_002795.jpg,train,pothole,RDD2020,Japan_0027
RDD2020_Japan_Japan_002796.jpg,train,alligator_crack,RDD2020,Japan_0027
RDD2020_Japan_Japan_002798.jpg,train,alligator_crack,RDD2020,Japan_0027
RDD2020_Japan_Japan_002799.jpg,train,alligator_crack,RDD2020,Japan_0027
RDD2020_Japan_Japan_003102.jpg,train,alligator_crack,RDD2020,Japan_0031
RDD2020_Japan_Japan_003106.jpg,train,alligator_crack,RDD2020,Japan_0031
RDD2020_Japan_Japan_003108.jpg,train,alligator_crack,RDD2020,Japan_0031
RDD2020_Japan_Japan_003111.jpg,train,alligator_crack,RDD2020,Japan_0031
RDD2020_Japan_Japan_003115.jpg,train,pothole,RDD2020,Japan_0031
RDD2020_Japan_Japan_003117.jpg,train,alligator_crack,RDD2020,Japan_0031
RDD2020_Japan_Japan_003118.jpg,train,alligator_crack,RDD2020,Japan_0031
RDD2020_Japan_Japan_003122.jpg,train,pothole,RDD2020,Japan_0031
RDD2020_Japan_Japan_003124.jpg,train,pothole,RDD2020,Japan_0031
RDD2020_Japan_Japan_003125.jpg,train,alligator_crack,RDD2020,Japan_0031
RDD2020_Japan_Japan_003128.jpg,train,alligator_crack,RDD2020,Japan_0031
RDD2020_Japan_Japan_003130.jpg,train,alligator_crack,RDD2020,Japan_0031
RDD2020_Japan_Japan_003131.jpg,train,pothole,RDD2020,Japan_0031
RDD2020_Japan_Japan_003132.jpg,train,alligator_crack,RDD2020,Japan_0031
RDD2020_Japan_Japan_003135.jpg,train,alligator_crack,RDD2020,Japan_0031
RDD2020_Japan_Japan_003136.jpg,train,alligator_crack,RDD2020,Japan_0031
RDD2020_Japan_Japan_003139.jpg,train,alligator_crack,RDD2020,Japan_0031
RDD2020_Japan_Japan_003140.jpg,train,alligator_crack,RDD2020,Japan_0031
RDD2020_Japan_Japan_003144.jpg,train,both,RDD2020,Japan_0031
RDD2020_Japan_Japan_003151.jpg,train,alligator_crack,RDD2020,Japan_0031
RDD2020_Japan_Japan_003152.jpg,train,alligator_crack,RDD2020,Japan_0031
RDD2020_Japan_Japan_003153.jpg,train,both,RDD2020,Japan_0031
RDD2020_Japan_Japan_003154.jpg,train,pothole,RDD2020,Japan_0031
RDD2020_Japan_Japan_003157.jpg,train,alligator_crack,RDD2020,Japan_0031
RDD2020_Japan_Japan_003161.jpg,train,alligator_crack,RDD2020,Japan_0031
RDD2020_Japan_Japan_003162.jpg,train,alligator_crack,RDD2020,Japan_0031
RDD2020_Japan_Japan_003163.jpg,train,alligator_crack,RDD2020,Japan_0031
RDD2020_Japan_Japan_003164.jpg,train,alligator_crack,RDD2020,Japan_0031
RDD2020_Japan_Japan_003167.jpg,train,both,RDD2020,Japan_0031
RDD2020_Japan_Japan_003169.jpg,train,pothole,RDD2020,Japan_0031
RDD2020_Japan_Japan_003172.jpg,train,alligator_crack,RDD2020,Japan_0031
RDD2020_Japan_Japan_003176.jpg,train,alligator_crack,RDD2020,Japan_0031
RDD2020_Japan_Japan_003178.jpg,train,alligator_crack,RDD2020,Japan_0031
RDD2020_Japan_Japan_003180.jpg,train,both,RDD2020,Japan_0031
RDD2020_Japan_Japan_003181.jpg,train,alligator_crack,RDD2020,Japan_0031
RDD2020_Japan_Japan_003182.jpg,train,alligator_crack,RDD2020,Japan_0031
RDD2020_Japan_Japan_003183.jpg,train,alligator_crack,RDD2020,Japan_0031
RDD2020_Japan_Japan_003185.jpg,train,pothole,RDD2020,Japan_0031
RDD2020_Japan_Japan_003187.jpg,train,pothole,RDD2020,Japan_0031
RDD2020_Japan_Japan_003188.jpg,train,alligator_crack,RDD2020,Japan_0031
RDD2020_Japan_Japan_003189.jpg,train,alligator_crack,RDD2020,Japan_0031
RDD2020_Japan_Japan_003191.jpg,train,alligator_crack,RDD2020,Japan_0031
RDD2020_Japan_Japan_003194.jpg,train,alligator_crack,RDD2020,Japan_0031
RDD2020_Japan_Japan_003198.jpg,train,alligator_crack,RDD2020,Japan_0031
RDD2020_Japan_Japan_003199.jpg,train,both,RDD2020,Japan_0031
RDD2020_Japan_Japan_005200.jpg,train,alligator_crack,RDD2020,Japan_0052
RDD2020_Japan_Japan_005201.jpg,train,alligator_crack,RDD2020,Japan_0052
RDD2020_Japan_Japan_005204.jpg,train,alligator_crack,RDD2020,Japan_0052
RDD2020_Japan_Japan_005207.jpg,train,alligator_crack,RDD2020,Japan_0052
RDD2020_Japan_Japan_005208.jpg,train,alligator_crack,RDD2020,Japan_0052
RDD2020_Japan_Japan_005210.jpg,train,alligator_crack,RDD2020,Japan_0052
RDD2020_Japan_Japan_005218.jpg,train,alligator_crack,RDD2020,Japan_0052
RDD2020_Japan_Japan_005221.jpg,train,alligator_crack,RDD2020,Japan_0052
RDD2020_Japan_Japan_005222.jpg,train,alligator_crack,RDD2020,Japan_0052
RDD2020_Japan_Japan_005223.jpg,train,alligator_crack,RDD2020,Japan_0052
RDD2020_Japan_Japan_005230.jpg,train,alligator_crack,RDD2020,Japan_0052
RDD2020_Japan_Japan_005231.jpg,train,alligator_crack,RDD2020,Japan_0052
RDD2020_Japan_Japan_005233.jpg,train,alligator_crack,RDD2020,Japan_0052
RDD2020_Japan_Japan_005239.jpg,train,alligator_crack,RDD2020,Japan_0052
RDD2020_Japan_Japan_005240.jpg,train,both,RDD2020,Japan_0052
RDD2020_Japan_Japan_005241.jpg,train,both,RDD2020,Japan_0052
RDD2020_Japan_Japan_005243.jpg,train,alligator_crack,RDD2020,Japan_0052
RDD2020_Japan_Japan_005244.jpg,train,alligator_crack,RDD2020,Japan_0052
RDD2020_Japan_Japan_005247.jpg,train,alligator_crack,RDD2020,Japan_0052
RDD2020_Japan_Japan_005252.jpg,train,alligator_crack,RDD2020,Japan_0052
RDD2020_Japan_Japan_005255.jpg,train,alligator_crack,RDD2020,Japan_0052
RDD2020_Japan_Japan_005256.jpg,train,alligator_crack,RDD2020,Japan_0052
RDD2020_Japan_Japan_005257.jpg,train,alligator_crack,RDD2020,Japan_0052
RDD2020_Japan_Japan_005259.jpg,train,pothole,RDD2020,Japan_0052
RDD2020_Japan_Japan_005260.jpg,train,pothole,RDD2020,Japan_0052
RDD2020_Japan_Japan_005264.jpg,train,both,RDD2020,Japan_0052
RDD2020_Japan_Japan_005270.jpg,train,pothole,RDD2020,Japan_0052
RDD2020_Japan_Japan_005273.jpg,train,alligator_crack,RDD2020,Japan_0052
RDD2020_Japan_Japan_005274.jpg,train,alligator_crack,RDD2020,Japan_0052
RDD2020_Japan_Japan_005285.jpg,train,alligator_crack,RDD2020,Japan_0052
RDD2020_Japan_Japan_005286.jpg,train,alligator_crack,RDD2020,Japan_0052
RDD2020_Japan_Japan_005289.jpg,train,both,RDD2020,Japan_0052
RDD2020_Japan_Japan_005291.jpg,train,alligator_crack,RDD2020,Japan_0052
RDD2020_Japan_Japan_005293.jpg,train,alligator_crack,RDD2020,Japan_0052
RDD2020_Japan_Japan_005297.jpg,train,alligator_crack,RDD2020,Japan_0052
RDD2020_Japan_Japan_005298.jpg,train,alligator_crack,RDD2020,Japan_0052
RDD2020_Japan_Japan_005299.jpg,train,alligator_crack,RDD2020,Japan_0052
RDD2020_Japan_Japan_010300.jpg,train,alligator_crack,RDD2020,Japan_0103
RDD2020_Japan_Japan_010302.jpg,train,alligator_crack,RDD2020,Japan_0103
RDD2020_Japan_Japan_010306.jpg,train,alligator_crack,RDD2020,Japan_0103
RDD2020_Japan_Japan_010307.jpg,train,pothole,RDD2020,Japan_0103
RDD2020_Japan_Japan_010309.jpg,train,alligator_crack,RDD2020,Japan_0103
RDD2020_Japan_Japan_010311.jpg,train,alligator_crack,RDD2020,Japan_0103
RDD2020_Japan_Japan_010312.jpg,train,alligator_crack,RDD2020,Japan_0103
RDD2020_Japan_Japan_010318.jpg,train,alligator_crack,RDD2020,Japan_0103
RDD2020_Japan_Japan_010319.jpg,train,both,RDD2020,Japan_0103
RDD2020_Japan_Japan_010322.jpg,train,alligator_crack,RDD2020,Japan_0103
RDD2020_Japan_Japan_010324.jpg,train,alligator_crack,RDD2020,Japan_0103
RDD2020_Japan_Japan_010328.jpg,train,alligator_crack,RDD2020,Japan_0103
RDD2020_Japan_Japan_010329.jpg,train,alligator_crack,RDD2020,Japan_0103
RDD2020_Japan_Japan_010333.jpg,train,alligator_crack,RDD2020,Japan_0103
RDD2020_Japan_Japan_010335.jpg,train,alligator_crack,RDD2020,Japan_0103
RDD2020_Japan_Japan_010336.jpg,train,pothole,RDD2020,Japan_0103
RDD2020_Japan_Japan_010340.jpg,train,alligator_crack,RDD2020,Japan_0103
RDD2020_Japan_Japan_010342.jpg,train,alligator_crack,RDD2020,Japan_0103
RDD2020_Japan_Japan_010344.jpg,train,alligator_crack,RDD2020,Japan_0103
RDD2020_Japan_Japan_010345.jpg,train,alligator_crack,RDD2020,Japan_0103
RDD2020_Japan_Japan_010349.jpg,train,alligator_crack,RDD2020,Japan_0103
RDD2020_Japan_Japan_010350.jpg,train,both,RDD2020,Japan_0103
RDD2020_Japan_Japan_010356.jpg,train,alligator_crack,RDD2020,Japan_0103
RDD2020_Japan_Japan_010363.jpg,train,alligator_crack,RDD2020,Japan_0103
RDD2020_Japan_Japan_010364.jpg,train,alligator_crack,RDD2020,Japan_0103
RDD2020_Japan_Japan_010365.jpg,train,alligator_crack,RDD2020,Japan_0103
RDD2020_Japan_Japan_010367.jpg,train,alligator_crack,RDD2020,Japan_0103
RDD2020_Japan_Japan_010368.jpg,train,alligator_crack,RDD2020,Japan_0103
RDD2020_Japan_Japan_010371.jpg,train,alligator_crack,RDD2020,Japan_0103
RDD2020_Japan_Japan_010372.jpg,train,alligator_crack,RDD2020,Japan_0103
RDD2020_Japan_Japan_010373.jpg,train,alligator_crack,RDD2020,Japan_0103
RDD2020_Japan_Japan_010375.jpg,train,pothole,RDD2020,Japan_0103
RDD2020_Japan_Japan_010376.jpg,train,pothole,RDD2020,Japan_0103
RDD2020_Japan_Japan_010379.jpg,train,alligator_crack,RDD2020,Japan_0103
RDD2020_Japan_Japan_010382.jpg,train,alligator_crack,RDD2020,Japan_0103
RDD2020_Japan_Japan_010384.jpg,train,alligator_crack,RDD2020,Japan_0103
RDD2020_Japan_Japan_010385.jpg,train,alligator_crack,RDD2020,Japan_0103
RDD2020_Japan_Japan_010386.jpg,train,alligator_crack,RDD2020,Japan_0103
RDD2020_Japan_Japan_010387.jpg,train,alligator_crack,RDD2020,Japan_0103
RDD2020_Japan_Japan_010388.jpg,train,both,RDD2020,Japan_0103
RDD2020_Japan_Japan_010389.jpg,train,alligator_crack,RDD2020,Japan_0103
RDD2020_Japan_Japan_010391.jpg,train,pothole,RDD2020,Japan_0103
RDD2020_Japan_Japan_010395.jpg,train,pothole,RDD2020,Japan_0103
RDD2020_Japan_Japan_010397.jpg,train,alligator_crack,RDD2020,Japan_0103
RDD2020_Japan_Japan_010900.jpg,train,alligator_crack,RDD2020,Japan_0109
RDD2020_Japan_Japan_010903.jpg,train,alligator_crack,RDD2020,Japan_0109
RDD2020_Japan_Japan_010905.jpg,train,alligator_crack,RDD2020,Japan_0109
RDD2020_Japan_Japan_010906.jpg,train,both,RDD2020,Japan_0109
RDD2020_Japan_Japan_010918.jpg,train,alligator_crack,RDD2020,Japan_0109
RDD2020_Japan_Japan_010919.jpg,train,both,RDD2020,Japan_0109
RDD2020_Japan_Japan_010920.jpg,train,alligator_crack,RDD2020,Japan_0109
RDD2020_Japan_Japan_010921.jpg,train,alligator_crack,RDD2020,Japan_0109
RDD2020_Japan_Japan_010922.jpg,train,alligator_crack,RDD2020,Japan_0109
RDD2020_Japan_Japan_010925.jpg,train,alligator_crack,RDD2020,Japan_0109
RDD2020_Japan_Japan_010927.jpg,train,alligator_crack,RDD2020,Japan_0109
RDD2020_Japan_Japan_010932.jpg,train,pothole,RDD2020,Japan_0109
RDD2020_Japan_Japan_010933.jpg,train,both,RDD2020,Japan_0109
RDD2020_Japan_Japan_010935.jpg,train,alligator_crack,RDD2020,Japan_0109
RDD2020_Japan_Japan_010936.jpg,train,alligator_crack,RDD2020,Japan_0109
RDD2020_Japan_Japan_010937.jpg,train,alligator_crack,RDD2020,Japan_0109
RDD2020_Japan_Japan_010940.jpg,train,pothole,RDD2020,Japan_0109
RDD2020_Japan_Japan_010944.jpg,train,pothole,RDD2020,Japan_0109
RDD2020_Japan_Japan_010945.jpg,train,both,RDD2020,Japan_0109
RDD2020_Japan_Japan_010949.jpg,train,both,RDD2020,Japan_0109
RDD2020_Japan_Japan_010952.jpg,train,alligator_crack,RDD2020,Japan_0109
RDD2020_Japan_Japan_010960.jpg,train,alligator_crack,RDD2020,Japan_0109
RDD2020_Japan_Japan_010963.jpg,train,both,RDD2020,Japan_0109
RDD2020_Japan_Japan_010964.jpg,train,alligator_crack,RDD2020,Japan_0109
RDD2020_Japan_Japan_010965.jpg,train,both,RDD2020,Japan_0109
RDD2020_Japan_Japan_010974.jpg,train,alligator_crack,RDD2020,Japan_0109
RDD2020_Japan_Japan_010976.jpg,train,alligator_crack,RDD2020,Japan_0109
RDD2020_Japan_Japan_010977.jpg,train,alligator_crack,RDD2020,Japan_0109
RDD2020_Japan_Japan_010978.jpg,train,alligator_crack,RDD2020,Japan_0109
RDD2020_Japan_Japan_010979.jpg,train,alligator_crack,RDD2020,Japan_0109
RDD2020_Japan_Japan_010980.jpg,train,alligator_crack,RDD2020,Japan_0109
RDD2020_Japan_Japan_010983.jpg,train,pothole,RDD2020,Japan_0109
RDD2020_Japan_Japan_010986.jpg,train,alligator_crack,RDD2020,Japan_0109
RDD2020_Japan_Japan_010992.jpg,train,alligator_crack,RDD2020,Japan_0109
RDD2020_Japan_Japan_010994.jpg,train,alligator_crack,RDD2020,Japan_0109
RDD2020_Japan_Japan_010998.jpg,train,alligator_crack,RDD2020,Japan_0109
RDD2020_Japan_Japan_011903.jpg,train,both,RDD2020,Japan_0119
RDD2020_Japan_Japan_011909.jpg,train,both,RDD2020,Japan_0119
RDD2020_Japan_Japan_011910.jpg,train,alligator_crack,RDD2020,Japan_0119
RDD2020_Japan_Japan_011912.jpg,train,alligator_crack,RDD2020,Japan_0119
RDD2020_Japan_Japan_011913.jpg,train,alligator_crack,RDD2020,Japan_0119
RDD2020_Japan_Japan_011914.jpg,train,alligator_crack,RDD2020,Japan_0119
RDD2020_Japan_Japan_011915.jpg,train,alligator_crack,RDD2020,Japan_0119
RDD2020_Japan_Japan_011918.jpg,train,alligator_crack,RDD2020,Japan_0119
RDD2020_Japan_Japan_011919.jpg,train,alligator_crack,RDD2020,Japan_0119
RDD2020_Japan_Japan_011920.jpg,train,alligator_crack,RDD2020,Japan_0119
RDD2020_Japan_Japan_011922.jpg,train,alligator_crack,RDD2020,Japan_0119
RDD2020_Japan_Japan_011923.jpg,train,alligator_crack,RDD2020,Japan_0119
RDD2020_Japan_Japan_011924.jpg,train,both,RDD2020,Japan_0119
RDD2020_Japan_Japan_011925.jpg,train,both,RDD2020,Japan_0119
RDD2020_Japan_Japan_011926.jpg,train,alligator_crack,RDD2020,Japan_0119
RDD2020_Japan_Japan_011931.jpg,train,both,RDD2020,Japan_0119
RDD2020_Japan_Japan_011933.jpg,train,alligator_crack,RDD2020,Japan_0119
RDD2020_Japan_Japan_011939.jpg,train,alligator_crack,RDD2020,Japan_0119
RDD2020_Japan_Japan_011944.jpg,train,pothole,RDD2020,Japan_0119
RDD2020_Japan_Japan_011945.jpg,train,alligator_crack,RDD2020,Japan_0119
RDD2020_Japan_Japan_011948.jpg,train,alligator_crack,RDD2020,Japan_0119
RDD2020_Japan_Japan_011949.jpg,train,alligator_crack,RDD2020,Japan_0119
RDD2020_Japan_Japan_011951.jpg,train,alligator_crack,RDD2020,Japan_0119
RDD2020_Japan_Japan_011955.jpg,train,pothole,RDD2020,Japan_0119
RDD2020_Japan_Japan_011957.jpg,train,alligator_crack,RDD2020,Japan_0119
RDD2020_Japan_Japan_011958.jpg,train,alligator_crack,RDD2020,Japan_0119
RDD2020_Japan_Japan_011959.jpg,train,pothole,RDD2020,Japan_0119
RDD2020_Japan_Japan_011965.jpg,train,pothole,RDD2020,Japan_0119
RDD2020_Japan_Japan_011968.jpg,train,alligator_crack,RDD2020,Japan_0119
RDD2020_Japan_Japan_011969.jpg,train,alligator_crack,RDD2020,Japan_0119
RDD2020_Japan_Japan_011971.jpg,train,alligator_crack,RDD2020,Japan_0119
RDD2020_Japan_Japan_011973.jpg,train,both,RDD2020,Japan_0119
RDD2020_Japan_Japan_011978.jpg,train,alligator_crack,RDD2020,Japan_0119
RDD2020_Japan_Japan_011979.jpg,train,alligator_crack,RDD2020,Japan_0119
RDD2020_Japan_Japan_011982.jpg,train,both,RDD2020,Japan_0119
RDD2020_Japan_Japan_011984.jpg,train,alligator_crack,RDD2020,Japan_0119
RDD2020_Japan_Japan_011986.jpg,train,alligator_crack,RDD2020,Japan_0119
RDD2020_Japan_Japan_011989.jpg,train,alligator_crack,RDD2020,Japan_0119
RDD2020_Japan_Japan_011991.jpg,train,alligator_crack,RDD2020,Japan_0119
RDD2020_Japan_Japan_011994.jpg,train,alligator_crack,RDD2020,Japan_0119
RDD2020_Japan_Japan_011995.jpg,train,alligator_crack,RDD2020,Japan_0119
RDD2020_Japan_Japan_001000.jpg,train,alligator_crack,RDD2020,Japan_0010
RDD2020_Japan_Japan_001002.jpg,train,negative_background,RDD2020,Japan_0010
RDD2020_Japan_Japan_001003.jpg,train,negative_background,RDD2020,Japan_0010
RDD2020_Japan_Japan_001005.jpg,train,negative_background,RDD2020,Japan_0010
RDD2020_Japan_Japan_001007.jpg,train,negative_background,RDD2020,Japan_0010
RDD2020_Japan_Japan_001008.jpg,train,alligator_crack,RDD2020,Japan_0010
RDD2020_Japan_Japan_001009.jpg,train,both,RDD2020,Japan_0010
RDD2020_Japan_Japan_001010.jpg,train,negative_background,RDD2020,Japan_0010
RDD2020_Japan_Japan_001011.jpg,train,negative_background,RDD2020,Japan_0010
RDD2020_Japan_Japan_001012.jpg,train,negative_background,RDD2020,Japan_0010
RDD2020_Japan_Japan_001013.jpg,train,negative_background,RDD2020,Japan_0010
RDD2020_Japan_Japan_001015.jpg,train,alligator_crack,RDD2020,Japan_0010
RDD2020_Japan_Japan_001016.jpg,train,negative_background,RDD2020,Japan_0010
RDD2020_Japan_Japan_001017.jpg,train,alligator_crack,RDD2020,Japan_0010
RDD2020_Japan_Japan_001019.jpg,train,negative_background,RDD2020,Japan_0010
RDD2020_Japan_Japan_001020.jpg,train,negative_background,RDD2020,Japan_0010
RDD2020_Japan_Japan_001021.jpg,train,alligator_crack,RDD2020,Japan_0010
RDD2020_Japan_Japan_001022.jpg,train,negative_background,RDD2020,Japan_0010
RDD2020_Japan_Japan_001023.jpg,train,negative_background,RDD2020,Japan_0010
RDD2020_Japan_Japan_001024.jpg,train,negative_background,RDD2020,Japan_0010
RDD2020_Japan_Japan_001026.jpg,train,negative_background,RDD2020,Japan_0010
RDD2020_Japan_Japan_001027.jpg,train,pothole,RDD2020,Japan_0010
RDD2020_Japan_Japan_001029.jpg,train,alligator_crack,RDD2020,Japan_0010
RDD2020_Japan_Japan_001030.jpg,train,pothole,RDD2020,Japan_0010
RDD2020_Japan_Japan_001031.jpg,train,negative_background,RDD2020,Japan_0010
RDD2020_Japan_Japan_001032.jpg,train,negative_background,RDD2020,Japan_0010
RDD2020_Japan_Japan_001033.jpg,train,negative_background,RDD2020,Japan_0010
RDD2020_Japan_Japan_001036.jpg,train,both,RDD2020,Japan_0010
RDD2020_Japan_Japan_001037.jpg,train,negative_background,RDD2020,Japan_0010
RDD2020_Japan_Japan_001038.jpg,train,alligator_crack,RDD2020,Japan_0010
RDD2020_Japan_Japan_001039.jpg,train,alligator_crack,RDD2020,Japan_0010
RDD2020_Japan_Japan_001040.jpg,train,negative_background,RDD2020,Japan_0010
RDD2020_Japan_Japan_001041.jpg,train,negative_background,RDD2020,Japan_0010
RDD2020_Japan_Japan_001042.jpg,train,negative_background,RDD2020,Japan_0010
RDD2020_Japan_Japan_001043.jpg,train,alligator_crack,RDD2020,Japan_0010
RDD2020_Japan_Japan_001044.jpg,train,negative_background,RDD2020,Japan_0010
RDD2020_Japan_Japan_001045.jpg,train,negative_background,RDD2020,Japan_0010
RDD2020_Japan_Japan_001046.jpg,train,negative_background,RDD2020,Japan_0010
RDD2020_Japan_Japan_001047.jpg,train,negative_background,RDD2020,Japan_0010
RDD2020_Japan_Japan_001048.jpg,train,alligator_crack,RDD2020,Japan_0010
RDD2020_Japan_Japan_001049.jpg,train,negative_background,RDD2020,Japan_0010
RDD2020_Japan_Japan_001050.jpg,train,alligator_crack,RDD2020,Japan_0010
RDD2020_Japan_Japan_001052.jpg,train,negative_background,RDD2020,Japan_0010
RDD2020_Japan_Japan_001053.jpg,train,alligator_crack,RDD2020,Japan_0010
RDD2020_Japan_Japan_001054.jpg,train,negative_background,RDD2020,Japan_0010
RDD2020_Japan_Japan_001058.jpg,train,alligator_crack,RDD2020,Japan_0010
RDD2020_Japan_Japan_001059.jpg,train,alligator_crack,RDD2020,Japan_0010
RDD2020_Japan_Japan_001060.jpg,train,negative_background,RDD2020,Japan_0010
RDD2020_Japan_Japan_001061.jpg,train,negative_background,RDD2020,Japan_0010
RDD2020_Japan_Japan_001062.jpg,train,negative_background,RDD2020,Japan_0010
RDD2020_Japan_Japan_001063.jpg,train,both,RDD2020,Japan_0010
RDD2020_Japan_Japan_001065.jpg,train,alligator_crack,RDD2020,Japan_0010
RDD2020_Japan_Japan_001066.jpg,train,negative_background,RDD2020,Japan_0010
RDD2020_Japan_Japan_001068.jpg,train,alligator_crack,RDD2020,Japan_0010
RDD2020_Japan_Japan_001069.jpg,train,negative_background,RDD2020,Japan_0010
RDD2020_Japan_Japan_001071.jpg,train,alligator_crack,RDD2020,Japan_0010
RDD2020_Japan_Japan_001072.jpg,train,negative_background,RDD2020,Japan_0010
RDD2020_Japan_Japan_001073.jpg,train,negative_background,RDD2020,Japan_0010
RDD2020_Japan_Japan_001074.jpg,train,alligator_crack,RDD2020,Japan_0010
RDD2020_Japan_Japan_001075.jpg,train,negative_background,RDD2020,Japan_0010
RDD2020_Japan_Japan_001076.jpg,train,alligator_crack,RDD2020,Japan_0010
RDD2020_Japan_Japan_001077.jpg,train,both,RDD2020,Japan_0010
RDD2020_Japan_Japan_001078.jpg,train,alligator_crack,RDD2020,Japan_0010
RDD2020_Japan_Japan_001079.jpg,train,alligator_crack,RDD2020,Japan_0010
RDD2020_Japan_Japan_001080.jpg,train,negative_background,RDD2020,Japan_0010
RDD2020_Japan_Japan_001081.jpg,train,negative_background,RDD2020,Japan_0010
RDD2020_Japan_Japan_001083.jpg,train,alligator_crack,RDD2020,Japan_0010
RDD2020_Japan_Japan_001084.jpg,train,negative_background,RDD2020,Japan_0010
RDD2020_Japan_Japan_001085.jpg,train,alligator_crack,RDD2020,Japan_0010
RDD2020_Japan_Japan_001086.jpg,train,alligator_crack,RDD2020,Japan_0010
RDD2020_Japan_Japan_001087.jpg,train,pothole,RDD2020,Japan_0010
RDD2020_Japan_Japan_001088.jpg,train,negative_background,RDD2020,Japan_0010
RDD2020_Japan_Japan_001089.jpg,train,negative_background,RDD2020,Japan_0010
RDD2020_Japan_Japan_001090.jpg,train,alligator_crack,RDD2020,Japan_0010
RDD2020_Japan_Japan_001093.jpg,train,alligator_crack,RDD2020,Japan_0010
RDD2020_Japan_Japan_001095.jpg,train,negative_background,RDD2020,Japan_0010
RDD2020_Japan_Japan_001096.jpg,train,alligator_crack,RDD2020,Japan_0010
RDD2020_Japan_Japan_001097.jpg,train,negative_background,RDD2020,Japan_0010
RDD2020_Japan_Japan_001098.jpg,train,both,RDD2020,Japan_0010
RDD2020_Japan_Japan_001099.jpg,train,alligator_crack,RDD2020,Japan_0010
RDD2020_Japan_Japan_005300.jpg,train,alligator_crack,RDD2020,Japan_0053
RDD2020_Japan_Japan_005301.jpg,train,alligator_crack,RDD2020,Japan_0053
RDD2020_Japan_Japan_005303.jpg,train,alligator_crack,RDD2020,Japan_0053
RDD2020_Japan_Japan_005304.jpg,train,pothole,RDD2020,Japan_0053
RDD2020_Japan_Japan_005307.jpg,train,pothole,RDD2020,Japan_0053
RDD2020_Japan_Japan_005308.jpg,train,pothole,RDD2020,Japan_0053
RDD2020_Japan_Japan_005311.jpg,train,alligator_crack,RDD2020,Japan_0053
RDD2020_Japan_Japan_005313.jpg,train,both,RDD2020,Japan_0053
RDD2020_Japan_Japan_005316.jpg,train,alligator_crack,RDD2020,Japan_0053
RDD2020_Japan_Japan_005317.jpg,train,alligator_crack,RDD2020,Japan_0053
RDD2020_Japan_Japan_005318.jpg,train,alligator_crack,RDD2020,Japan_0053
RDD2020_Japan_Japan_005320.jpg,train,both,RDD2020,Japan_0053
RDD2020_Japan_Japan_005323.jpg,train,alligator_crack,RDD2020,Japan_0053
RDD2020_Japan_Japan_005324.jpg,train,alligator_crack,RDD2020,Japan_0053
RDD2020_Japan_Japan_005326.jpg,train,alligator_crack,RDD2020,Japan_0053
RDD2020_Japan_Japan_005327.jpg,train,pothole,RDD2020,Japan_0053
RDD2020_Japan_Japan_005329.jpg,train,alligator_crack,RDD2020,Japan_0053
RDD2020_Japan_Japan_005332.jpg,train,alligator_crack,RDD2020,Japan_0053
RDD2020_Japan_Japan_005336.jpg,train,alligator_crack,RDD2020,Japan_0053
RDD2020_Japan_Japan_005338.jpg,train,both,RDD2020,Japan_0053
RDD2020_Japan_Japan_005341.jpg,train,alligator_crack,RDD2020,Japan_0053
RDD2020_Japan_Japan_005345.jpg,train,alligator_crack,RDD2020,Japan_0053
RDD2020_Japan_Japan_005347.jpg,train,alligator_crack,RDD2020,Japan_0053
RDD2020_Japan_Japan_005355.jpg,train,alligator_crack,RDD2020,Japan_0053
RDD2020_Japan_Japan_005357.jpg,train,alligator_crack,RDD2020,Japan_0053
RDD2020_Japan_Japan_005358.jpg,train,alligator_crack,RDD2020,Japan_0053
RDD2020_Japan_Japan_005360.jpg,train,alligator_crack,RDD2020,Japan_0053
RDD2020_Japan_Japan_005362.jpg,train,alligator_crack,RDD2020,Japan_0053
RDD2020_Japan_Japan_005364.jpg,train,pothole,RDD2020,Japan_0053
RDD2020_Japan_Japan_005371.jpg,train,alligator_crack,RDD2020,Japan_0053
RDD2020_Japan_Japan_005381.jpg,train,alligator_crack,RDD2020,Japan_0053
RDD2020_Japan_Japan_005390.jpg,train,alligator_crack,RDD2020,Japan_0053
RDD2020_Japan_Japan_005394.jpg,train,alligator_crack,RDD2020,Japan_0053
RDD2020_Japan_Japan_005395.jpg,train,both,RDD2020,Japan_0053
RDD2020_Japan_Japan_005397.jpg,train,alligator_crack,RDD2020,Japan_0053
RDD2020_Japan_Japan_012500.jpg,train,alligator_crack,RDD2020,Japan_0125
RDD2020_Japan_Japan_012504.jpg,train,alligator_crack,RDD2020,Japan_0125
RDD2020_Japan_Japan_012505.jpg,train,both,RDD2020,Japan_0125
RDD2020_Japan_Japan_012509.jpg,train,alligator_crack,RDD2020,Japan_0125
RDD2020_Japan_Japan_012511.jpg,train,alligator_crack,RDD2020,Japan_0125
RDD2020_Japan_Japan_012512.jpg,train,pothole,RDD2020,Japan_0125
RDD2020_Japan_Japan_012513.jpg,train,alligator_crack,RDD2020,Japan_0125
RDD2020_Japan_Japan_012517.jpg,train,both,RDD2020,Japan_0125
RDD2020_Japan_Japan_012518.jpg,train,alligator_crack,RDD2020,Japan_0125
RDD2020_Japan_Japan_012520.jpg,train,alligator_crack,RDD2020,Japan_0125
RDD2020_Japan_Japan_012521.jpg,train,both,RDD2020,Japan_0125
RDD2020_Japan_Japan_012523.jpg,train,alligator_crack,RDD2020,Japan_0125
RDD2020_Japan_Japan_012527.jpg,train,alligator_crack,RDD2020,Japan_0125
RDD2020_Japan_Japan_012531.jpg,train,alligator_crack,RDD2020,Japan_0125
RDD2020_Japan_Japan_012532.jpg,train,alligator_crack,RDD2020,Japan_0125
RDD2020_Japan_Japan_012536.jpg,train,alligator_crack,RDD2020,Japan_0125
RDD2020_Japan_Japan_012537.jpg,train,alligator_crack,RDD2020,Japan_0125
RDD2020_Japan_Japan_012539.jpg,train,pothole,RDD2020,Japan_0125
RDD2020_Japan_Japan_012540.jpg,train,alligator_crack,RDD2020,Japan_0125
RDD2020_Japan_Japan_012541.jpg,train,alligator_crack,RDD2020,Japan_0125
RDD2020_Japan_Japan_012543.jpg,train,both,RDD2020,Japan_0125
RDD2020_Japan_Japan_012545.jpg,train,alligator_crack,RDD2020,Japan_0125
RDD2020_Japan_Japan_012546.jpg,train,both,RDD2020,Japan_0125
RDD2020_Japan_Japan_012547.jpg,train,alligator_crack,RDD2020,Japan_0125
RDD2020_Japan_Japan_012549.jpg,train,both,RDD2020,Japan_0125
RDD2020_Japan_Japan_012550.jpg,train,alligator_crack,RDD2020,Japan_0125
RDD2020_Japan_Japan_012553.jpg,train,alligator_crack,RDD2020,Japan_0125
RDD2020_Japan_Japan_012554.jpg,train,alligator_crack,RDD2020,Japan_0125
RDD2020_Japan_Japan_012556.jpg,train,both,RDD2020,Japan_0125
RDD2020_Japan_Japan_012560.jpg,train,alligator_crack,RDD2020,Japan_0125
RDD2020_Japan_Japan_012561.jpg,train,alligator_crack,RDD2020,Japan_0125
RDD2020_Japan_Japan_012563.jpg,train,alligator_crack,RDD2020,Japan_0125
RDD2020_Japan_Japan_012564.jpg,train,alligator_crack,RDD2020,Japan_0125
RDD2020_Japan_Japan_012566.jpg,train,alligator_crack,RDD2020,Japan_0125
RDD2020_Japan_Japan_012568.jpg,train,alligator_crack,RDD2020,Japan_0125
RDD2020_Japan_Japan_012571.jpg,train,alligator_crack,RDD2020,Japan_0125
RDD2020_Japan_Japan_012572.jpg,train,alligator_crack,RDD2020,Japan_0125
RDD2020_Japan_Japan_012573.jpg,train,pothole,RDD2020,Japan_0125
RDD2020_Japan_Japan_012574.jpg,train,pothole,RDD2020,Japan_0125
RDD2020_Japan_Japan_012575.jpg,train,alligator_crack,RDD2020,Japan_0125
RDD2020_Japan_Japan_012576.jpg,train,both,RDD2020,Japan_0125
RDD2020_Japan_Japan_012578.jpg,train,both,RDD2020,Japan_0125
RDD2020_Japan_Japan_012579.jpg,train,alligator_crack,RDD2020,Japan_0125
RDD2020_Japan_Japan_012580.jpg,train,alligator_crack,RDD2020,Japan_0125
RDD2020_Japan_Japan_012581.jpg,train,alligator_crack,RDD2020,Japan_0125
RDD2020_Japan_Japan_012582.jpg,train,alligator_crack,RDD2020,Japan_0125
RDD2020_Japan_Japan_012583.jpg,train,both,RDD2020,Japan_0125
RDD2020_Japan_Japan_012585.jpg,train,alligator_crack,RDD2020,Japan_0125
RDD2020_Japan_Japan_012588.jpg,train,alligator_crack,RDD2020,Japan_0125
RDD2020_Japan_Japan_012590.jpg,train,pothole,RDD2020,Japan_0125
RDD2020_Japan_Japan_012592.jpg,train,alligator_crack,RDD2020,Japan_0125
RDD2020_Japan_Japan_012596.jpg,train,alligator_crack,RDD2020,Japan_0125
RDD2020_Japan_Japan_012597.jpg,train,alligator_crack,RDD2020,Japan_0125
RDD2020_Japan_Japan_012599.jpg,train,alligator_crack,RDD2020,Japan_0125
RDD2020_Czech_Czech_002365.jpg,train,pothole,RDD2020,Czech_0023
RDD2020_Czech_Czech_002374.jpg,train,pothole,RDD2020,Czech_0023
RDD2020_Czech_Czech_002397.jpg,train,alligator_crack,RDD2020,Czech_0023
RDD2020_India_India_006305.jpg,train,pothole,RDD2020,India_0063
RDD2020_India_India_006310.jpg,train,alligator_crack,RDD2020,India_0063
RDD2020_India_India_006316.jpg,train,both,RDD2020,India_0063
RDD2020_India_India_006318.jpg,train,pothole,RDD2020,India_0063
RDD2020_India_India_006320.jpg,train,pothole,RDD2020,India_0063
RDD2020_India_India_006322.jpg,train,pothole,RDD2020,India_0063
RDD2020_India_India_006325.jpg,train,both,RDD2020,India_0063
RDD2020_India_India_006326.jpg,train,pothole,RDD2020,India_0063
RDD2020_India_India_006327.jpg,train,pothole,RDD2020,India_0063
RDD2020_India_India_006328.jpg,train,pothole,RDD2020,India_0063
RDD2020_India_India_006329.jpg,train,alligator_crack,RDD2020,India_0063
RDD2020_India_India_006330.jpg,train,alligator_crack,RDD2020,India_0063
RDD2020_India_India_006336.jpg,train,pothole,RDD2020,India_0063
RDD2020_India_India_006338.jpg,train,alligator_crack,RDD2020,India_0063
RDD2020_India_India_006339.jpg,train,both,RDD2020,India_0063
RDD2020_India_India_006342.jpg,train,both,RDD2020,India_0063
RDD2020_India_India_006362.jpg,train,both,RDD2020,India_0063
RDD2020_India_India_006363.jpg,train,alligator_crack,RDD2020,India_0063
RDD2020_India_India_006364.jpg,train,pothole,RDD2020,India_0063
RDD2020_India_India_006365.jpg,train,pothole,RDD2020,India_0063
RDD2020_India_India_006367.jpg,train,pothole,RDD2020,India_0063
RDD2020_India_India_006368.jpg,train,both,RDD2020,India_0063
RDD2020_India_India_006369.jpg,train,both,RDD2020,India_0063
RDD2020_India_India_006373.jpg,train,pothole,RDD2020,India_0063
RDD2020_India_India_006375.jpg,train,alligator_crack,RDD2020,India_0063
RDD2020_India_India_006378.jpg,train,pothole,RDD2020,India_0063
RDD2020_India_India_006381.jpg,train,alligator_crack,RDD2020,India_0063
RDD2020_India_India_006382.jpg,train,both,RDD2020,India_0063
RDD2020_India_India_006383.jpg,train,alligator_crack,RDD2020,India_0063
RDD2020_India_India_006386.jpg,train,alligator_crack,RDD2020,India_0063
RDD2020_India_India_006388.jpg,train,pothole,RDD2020,India_0063
RDD2020_India_India_006390.jpg,train,alligator_crack,RDD2020,India_0063
RDD2020_India_India_006392.jpg,train,alligator_crack,RDD2020,India_0063
RDD2020_India_India_006395.jpg,train,alligator_crack,RDD2020,India_0063
RDD2020_India_India_006397.jpg,train,pothole,RDD2020,India_0063
RDD2020_India_India_006398.jpg,train,alligator_crack,RDD2020,India_0063
RDD2020_India_India_003502.jpg,train,pothole,RDD2020,India_0035
RDD2020_India_India_003505.jpg,train,alligator_crack,RDD2020,India_0035
RDD2020_India_India_003507.jpg,train,alligator_crack,RDD2020,India_0035
RDD2020_India_India_003508.jpg,train,alligator_crack,RDD2020,India_0035
RDD2020_India_India_003512.jpg,train,pothole,RDD2020,India_0035
RDD2020_India_India_003515.jpg,train,alligator_crack,RDD2020,India_0035
RDD2020_India_India_003535.jpg,train,pothole,RDD2020,India_0035
RDD2020_India_India_003539.jpg,train,alligator_crack,RDD2020,India_0035
RDD2020_India_India_003542.jpg,train,pothole,RDD2020,India_0035
RDD2020_India_India_003543.jpg,train,alligator_crack,RDD2020,India_0035
RDD2020_India_India_003546.jpg,train,alligator_crack,RDD2020,India_0035
RDD2020_India_India_003547.jpg,train,pothole,RDD2020,India_0035
RDD2020_India_India_003548.jpg,train,alligator_crack,RDD2020,India_0035
RDD2020_India_India_003550.jpg,train,both,RDD2020,India_0035
RDD2020_India_India_003553.jpg,train,pothole,RDD2020,India_0035
RDD2020_India_India_003556.jpg,train,both,RDD2020,India_0035
RDD2020_India_India_003560.jpg,train,alligator_crack,RDD2020,India_0035
RDD2020_India_India_003561.jpg,train,pothole,RDD2020,India_0035
RDD2020_India_India_003565.jpg,train,both,RDD2020,India_0035
RDD2020_India_India_003567.jpg,train,both,RDD2020,India_0035
RDD2020_India_India_003568.jpg,train,alligator_crack,RDD2020,India_0035
RDD2020_India_India_003571.jpg,train,pothole,RDD2020,India_0035
RDD2020_India_India_003576.jpg,train,both,RDD2020,India_0035
RDD2020_India_India_003586.jpg,train,alligator_crack,RDD2020,India_0035
RDD2020_India_India_003587.jpg,train,alligator_crack,RDD2020,India_0035
RDD2020_India_India_003597.jpg,train,alligator_crack,RDD2020,India_0035
RDD2020_India_India_003599.jpg,train,alligator_crack,RDD2020,India_0035
RDD2020_Japan_Japan_012203.jpg,train,alligator_crack,RDD2020,Japan_0122
RDD2020_Japan_Japan_012204.jpg,train,alligator_crack,RDD2020,Japan_0122
RDD2020_Japan_Japan_012205.jpg,train,alligator_crack,RDD2020,Japan_0122
RDD2020_Japan_Japan_012207.jpg,train,alligator_crack,RDD2020,Japan_0122
RDD2020_Japan_Japan_012214.jpg,train,alligator_crack,RDD2020,Japan_0122
RDD2020_Japan_Japan_012215.jpg,train,both,RDD2020,Japan_0122
RDD2020_Japan_Japan_012216.jpg,train,alligator_crack,RDD2020,Japan_0122
RDD2020_Japan_Japan_012219.jpg,train,alligator_crack,RDD2020,Japan_0122
RDD2020_Japan_Japan_012226.jpg,train,both,RDD2020,Japan_0122
RDD2020_Japan_Japan_012229.jpg,train,both,RDD2020,Japan_0122
RDD2020_Japan_Japan_012230.jpg,train,both,RDD2020,Japan_0122
RDD2020_Japan_Japan_012240.jpg,train,pothole,RDD2020,Japan_0122
RDD2020_Japan_Japan_012242.jpg,train,alligator_crack,RDD2020,Japan_0122
RDD2020_Japan_Japan_012244.jpg,train,alligator_crack,RDD2020,Japan_0122
RDD2020_Japan_Japan_012246.jpg,train,alligator_crack,RDD2020,Japan_0122
RDD2020_Japan_Japan_012247.jpg,train,alligator_crack,RDD2020,Japan_0122
RDD2020_Japan_Japan_012259.jpg,train,pothole,RDD2020,Japan_0122
RDD2020_Japan_Japan_012260.jpg,train,pothole,RDD2020,Japan_0122
RDD2020_Japan_Japan_012263.jpg,train,alligator_crack,RDD2020,Japan_0122
RDD2020_Japan_Japan_012267.jpg,train,alligator_crack,RDD2020,Japan_0122
RDD2020_Japan_Japan_012276.jpg,train,pothole,RDD2020,Japan_0122
RDD2020_Japan_Japan_012277.jpg,train,alligator_crack,RDD2020,Japan_0122
RDD2020_Japan_Japan_012280.jpg,train,both,RDD2020,Japan_0122
RDD2020_Japan_Japan_012281.jpg,train,alligator_crack,RDD2020,Japan_0122
RDD2020_Japan_Japan_012282.jpg,train,alligator_crack,RDD2020,Japan_0122
RDD2020_Japan_Japan_012287.jpg,train,alligator_crack,RDD2020,Japan_0122
RDD2020_Japan_Japan_012289.jpg,train,alligator_crack,RDD2020,Japan_0122
RDD2020_Japan_Japan_012290.jpg,train,pothole,RDD2020,Japan_0122
RDD2020_Japan_Japan_012295.jpg,train,both,RDD2020,Japan_0122
RDD2020_Japan_Japan_012298.jpg,train,alligator_crack,RDD2020,Japan_0122
RDD2020_Japan_Japan_012299.jpg,train,both,RDD2020,Japan_0122
RDD2020_India_India_003601.jpg,train,alligator_crack,RDD2020,India_0036
RDD2020_India_India_003605.jpg,train,alligator_crack,RDD2020,India_0036
RDD2020_India_India_003609.jpg,train,both,RDD2020,India_0036
RDD2020_India_India_003610.jpg,train,pothole,RDD2020,India_0036
RDD2020_India_India_003611.jpg,train,pothole,RDD2020,India_0036
RDD2020_India_India_003614.jpg,train,alligator_crack,RDD2020,India_0036
RDD2020_India_India_003616.jpg,train,alligator_crack,RDD2020,India_0036
RDD2020_India_India_003619.jpg,train,pothole,RDD2020,India_0036
RDD2020_India_India_003624.jpg,train,both,RDD2020,India_0036
RDD2020_India_India_003631.jpg,train,alligator_crack,RDD2020,India_0036
RDD2020_India_India_003632.jpg,train,alligator_crack,RDD2020,India_0036
RDD2020_India_India_003634.jpg,train,alligator_crack,RDD2020,India_0036
RDD2020_India_India_003636.jpg,train,alligator_crack,RDD2020,India_0036
RDD2020_India_India_003642.jpg,train,alligator_crack,RDD2020,India_0036
RDD2020_India_India_003648.jpg,train,alligator_crack,RDD2020,India_0036
RDD2020_India_India_003651.jpg,train,alligator_crack,RDD2020,India_0036
RDD2020_India_India_003652.jpg,train,alligator_crack,RDD2020,India_0036
RDD2020_India_India_003654.jpg,train,both,RDD2020,India_0036
RDD2020_India_India_003658.jpg,train,both,RDD2020,India_0036
RDD2020_India_India_003660.jpg,train,both,RDD2020,India_0036
RDD2020_India_India_003667.jpg,train,alligator_crack,RDD2020,India_0036
RDD2020_India_India_003668.jpg,train,alligator_crack,RDD2020,India_0036
RDD2020_India_India_003674.jpg,train,alligator_crack,RDD2020,India_0036
RDD2020_India_India_003677.jpg,train,alligator_crack,RDD2020,India_0036
RDD2020_India_India_003682.jpg,train,pothole,RDD2020,India_0036
RDD2020_India_India_003683.jpg,train,alligator_crack,RDD2020,India_0036
RDD2020_India_India_003686.jpg,train,both,RDD2020,India_0036
RDD2020_India_India_003691.jpg,train,alligator_crack,RDD2020,India_0036
RDD2020_India_India_003696.jpg,train,pothole,RDD2020,India_0036
RDD2020_India_India_003697.jpg,train,both,RDD2020,India_0036
RDD2020_India_India_003699.jpg,train,pothole,RDD2020,India_0036
RDD2020_Japan_Japan_011800.jpg,train,alligator_crack,RDD2020,Japan_0118
RDD2020_Japan_Japan_011803.jpg,train,alligator_crack,RDD2020,Japan_0118
RDD2020_Japan_Japan_011804.jpg,train,alligator_crack,RDD2020,Japan_0118
RDD2020_Japan_Japan_011809.jpg,train,alligator_crack,RDD2020,Japan_0118
RDD2020_Japan_Japan_011814.jpg,train,both,RDD2020,Japan_0118
RDD2020_Japan_Japan_011815.jpg,train,alligator_crack,RDD2020,Japan_0118
RDD2020_Japan_Japan_011817.jpg,train,alligator_crack,RDD2020,Japan_0118
RDD2020_Japan_Japan_011820.jpg,train,alligator_crack,RDD2020,Japan_0118
RDD2020_Japan_Japan_011821.jpg,train,alligator_crack,RDD2020,Japan_0118
RDD2020_Japan_Japan_011831.jpg,train,both,RDD2020,Japan_0118
RDD2020_Japan_Japan_011832.jpg,train,alligator_crack,RDD2020,Japan_0118
RDD2020_Japan_Japan_011838.jpg,train,alligator_crack,RDD2020,Japan_0118
RDD2020_Japan_Japan_011840.jpg,train,alligator_crack,RDD2020,Japan_0118
RDD2020_Japan_Japan_011842.jpg,train,pothole,RDD2020,Japan_0118
RDD2020_Japan_Japan_011845.jpg,train,alligator_crack,RDD2020,Japan_0118
RDD2020_Japan_Japan_011847.jpg,train,alligator_crack,RDD2020,Japan_0118
RDD2020_Japan_Japan_011849.jpg,train,alligator_crack,RDD2020,Japan_0118
RDD2020_Japan_Japan_011851.jpg,train,alligator_crack,RDD2020,Japan_0118
RDD2020_Japan_Japan_011854.jpg,train,both,RDD2020,Japan_0118
RDD2020_Japan_Japan_011859.jpg,train,both,RDD2020,Japan_0118
RDD2020_Japan_Japan_011862.jpg,train,alligator_crack,RDD2020,Japan_0118
RDD2020_Japan_Japan_011863.jpg,train,alligator_crack,RDD2020,Japan_0118
RDD2020_Japan_Japan_011864.jpg,train,alligator_crack,RDD2020,Japan_0118
RDD2020_Japan_Japan_011868.jpg,train,alligator_crack,RDD2020,Japan_0118
RDD2020_Japan_Japan_011869.jpg,train,alligator_crack,RDD2020,Japan_0118
RDD2020_Japan_Japan_011870.jpg,train,alligator_crack,RDD2020,Japan_0118
RDD2020_Japan_Japan_011874.jpg,train,both,RDD2020,Japan_0118
RDD2020_Japan_Japan_011875.jpg,train,both,RDD2020,Japan_0118
RDD2020_Japan_Japan_011879.jpg,train,alligator_crack,RDD2020,Japan_0118
RDD2020_Japan_Japan_011881.jpg,train,both,RDD2020,Japan_0118
RDD2020_Japan_Japan_011883.jpg,train,alligator_crack,RDD2020,Japan_0118
RDD2020_Japan_Japan_011884.jpg,train,alligator_crack,RDD2020,Japan_0118
RDD2020_Japan_Japan_011889.jpg,train,alligator_crack,RDD2020,Japan_0118
RDD2020_Japan_Japan_011895.jpg,train,both,RDD2020,Japan_0118
RDD2020_Japan_Japan_011896.jpg,train,alligator_crack,RDD2020,Japan_0118
RDD2020_Japan_Japan_011897.jpg,train,alligator_crack,RDD2020,Japan_0118
RDD2020_Japan_Japan_011899.jpg,train,alligator_crack,RDD2020,Japan_0118
RDD2020_Japan_Japan_000200.jpg,train,negative_background,RDD2020,Japan_0002
RDD2020_Japan_Japan_000201.jpg,train,alligator_crack,RDD2020,Japan_0002
RDD2020_Japan_Japan_000202.jpg,train,negative_background,RDD2020,Japan_0002
RDD2020_Japan_Japan_000203.jpg,train,negative_background,RDD2020,Japan_0002
RDD2020_Japan_Japan_000204.jpg,train,alligator_crack,RDD2020,Japan_0002
RDD2020_Japan_Japan_000205.jpg,train,negative_background,RDD2020,Japan_0002
RDD2020_Japan_Japan_000207.jpg,train,alligator_crack,RDD2020,Japan_0002
RDD2020_Japan_Japan_000208.jpg,train,alligator_crack,RDD2020,Japan_0002
RDD2020_Japan_Japan_000209.jpg,train,negative_background,RDD2020,Japan_0002
RDD2020_Japan_Japan_000210.jpg,train,negative_background,RDD2020,Japan_0002
RDD2020_Japan_Japan_000211.jpg,train,alligator_crack,RDD2020,Japan_0002
RDD2020_Japan_Japan_000212.jpg,train,negative_background,RDD2020,Japan_0002
RDD2020_Japan_Japan_000213.jpg,train,negative_background,RDD2020,Japan_0002
RDD2020_Japan_Japan_000214.jpg,train,negative_background,RDD2020,Japan_0002
RDD2020_Japan_Japan_000215.jpg,train,alligator_crack,RDD2020,Japan_0002
RDD2020_Japan_Japan_000216.jpg,train,negative_background,RDD2020,Japan_0002
RDD2020_Japan_Japan_000217.jpg,train,negative_background,RDD2020,Japan_0002
RDD2020_Japan_Japan_000218.jpg,train,negative_background,RDD2020,Japan_0002
RDD2020_Japan_Japan_000219.jpg,train,alligator_crack,RDD2020,Japan_0002
RDD2020_Japan_Japan_000220.jpg,train,negative_background,RDD2020,Japan_0002
RDD2020_Japan_Japan_000221.jpg,train,negative_background,RDD2020,Japan_0002
RDD2020_Japan_Japan_000224.jpg,train,alligator_crack,RDD2020,Japan_0002
RDD2020_Japan_Japan_000225.jpg,train,negative_background,RDD2020,Japan_0002
RDD2020_Japan_Japan_000228.jpg,train,alligator_crack,RDD2020,Japan_0002
RDD2020_Japan_Japan_000229.jpg,train,negative_background,RDD2020,Japan_0002
RDD2020_Japan_Japan_000230.jpg,train,negative_background,RDD2020,Japan_0002
RDD2020_Japan_Japan_000231.jpg,train,alligator_crack,RDD2020,Japan_0002
RDD2020_Japan_Japan_000233.jpg,train,negative_background,RDD2020,Japan_0002
RDD2020_Japan_Japan_000234.jpg,train,negative_background,RDD2020,Japan_0002
RDD2020_Japan_Japan_000235.jpg,train,negative_background,RDD2020,Japan_0002
RDD2020_Japan_Japan_000237.jpg,train,alligator_crack,RDD2020,Japan_0002
RDD2020_Japan_Japan_000238.jpg,train,negative_background,RDD2020,Japan_0002
RDD2020_Japan_Japan_000240.jpg,train,alligator_crack,RDD2020,Japan_0002
RDD2020_Japan_Japan_000241.jpg,train,negative_background,RDD2020,Japan_0002
RDD2020_Japan_Japan_000242.jpg,train,alligator_crack,RDD2020,Japan_0002
RDD2020_Japan_Japan_000243.jpg,train,negative_background,RDD2020,Japan_0002
RDD2020_Japan_Japan_000244.jpg,train,negative_background,RDD2020,Japan_0002
RDD2020_Japan_Japan_000245.jpg,train,alligator_crack,RDD2020,Japan_0002
RDD2020_Japan_Japan_000246.jpg,train,negative_background,RDD2020,Japan_0002
RDD2020_Japan_Japan_000247.jpg,train,negative_background,RDD2020,Japan_0002
RDD2020_Japan_Japan_000251.jpg,train,alligator_crack,RDD2020,Japan_0002
RDD2020_Japan_Japan_000252.jpg,train,alligator_crack,RDD2020,Japan_0002
RDD2020_Japan_Japan_000253.jpg,train,negative_background,RDD2020,Japan_0002
RDD2020_Japan_Japan_000254.jpg,train,both,RDD2020,Japan_0002
RDD2020_Japan_Japan_000256.jpg,train,alligator_crack,RDD2020,Japan_0002
RDD2020_Japan_Japan_000257.jpg,train,alligator_crack,RDD2020,Japan_0002
RDD2020_Japan_Japan_000258.jpg,train,negative_background,RDD2020,Japan_0002
RDD2020_Japan_Japan_000259.jpg,train,alligator_crack,RDD2020,Japan_0002
RDD2020_Japan_Japan_000260.jpg,train,alligator_crack,RDD2020,Japan_0002
RDD2020_Japan_Japan_000261.jpg,train,negative_background,RDD2020,Japan_0002
RDD2020_Japan_Japan_000262.jpg,train,negative_background,RDD2020,Japan_0002
RDD2020_Japan_Japan_000263.jpg,train,alligator_crack,RDD2020,Japan_0002
RDD2020_Japan_Japan_000264.jpg,train,alligator_crack,RDD2020,Japan_0002
RDD2020_Japan_Japan_000265.jpg,train,alligator_crack,RDD2020,Japan_0002
RDD2020_Japan_Japan_000266.jpg,train,negative_background,RDD2020,Japan_0002
RDD2020_Japan_Japan_000267.jpg,train,alligator_crack,RDD2020,Japan_0002
RDD2020_Japan_Japan_000268.jpg,train,negative_background,RDD2020,Japan_0002
RDD2020_Japan_Japan_000269.jpg,train,alligator_crack,RDD2020,Japan_0002
RDD2020_Japan_Japan_000270.jpg,train,both,RDD2020,Japan_0002
RDD2020_Japan_Japan_000271.jpg,train,alligator_crack,RDD2020,Japan_0002
RDD2020_Japan_Japan_000272.jpg,train,negative_background,RDD2020,Japan_0002
RDD2020_Japan_Japan_000273.jpg,train,negative_background,RDD2020,Japan_0002
RDD2020_Japan_Japan_000274.jpg,train,negative_background,RDD2020,Japan_0002
RDD2020_Japan_Japan_000275.jpg,train,alligator_crack,RDD2020,Japan_0002
RDD2020_Japan_Japan_000276.jpg,train,negative_background,RDD2020,Japan_0002
RDD2020_Japan_Japan_000277.jpg,train,alligator_crack,RDD2020,Japan_0002
RDD2020_Japan_Japan_000278.jpg,train,negative_background,RDD2020,Japan_0002
RDD2020_Japan_Japan_000279.jpg,train,alligator_crack,RDD2020,Japan_0002
RDD2020_Japan_Japan_000281.jpg,train,both,RDD2020,Japan_0002
RDD2020_Japan_Japan_000282.jpg,train,alligator_crack,RDD2020,Japan_0002
RDD2020_Japan_Japan_000283.jpg,train,negative_background,RDD2020,Japan_0002
RDD2020_Japan_Japan_000284.jpg,train,alligator_crack,RDD2020,Japan_0002
RDD2020_Japan_Japan_000285.jpg,train,alligator_crack,RDD2020,Japan_0002
RDD2020_Japan_Japan_000286.jpg,train,alligator_crack,RDD2020,Japan_0002
RDD2020_Japan_Japan_000289.jpg,train,negative_background,RDD2020,Japan_0002
RDD2020_Japan_Japan_000290.jpg,train,both,RDD2020,Japan_0002
RDD2020_Japan_Japan_000291.jpg,train,pothole,RDD2020,Japan_0002
RDD2020_Japan_Japan_000292.jpg,train,negative_background,RDD2020,Japan_0002
RDD2020_Japan_Japan_000294.jpg,train,alligator_crack,RDD2020,Japan_0002
RDD2020_Japan_Japan_000295.jpg,train,pothole,RDD2020,Japan_0002
RDD2020_Japan_Japan_000296.jpg,train,alligator_crack,RDD2020,Japan_0002
RDD2020_Japan_Japan_000297.jpg,train,negative_background,RDD2020,Japan_0002
RDD2020_Japan_Japan_000298.jpg,train,alligator_crack,RDD2020,Japan_0002
RDD2020_Japan_Japan_002800.jpg,train,alligator_crack,RDD2020,Japan_0028
RDD2020_Japan_Japan_002806.jpg,train,alligator_crack,RDD2020,Japan_0028
RDD2020_Japan_Japan_002812.jpg,train,alligator_crack,RDD2020,Japan_0028
RDD2020_Japan_Japan_002816.jpg,train,pothole,RDD2020,Japan_0028
RDD2020_Japan_Japan_002822.jpg,train,alligator_crack,RDD2020,Japan_0028
RDD2020_Japan_Japan_002823.jpg,train,alligator_crack,RDD2020,Japan_0028
RDD2020_Japan_Japan_002825.jpg,train,alligator_crack,RDD2020,Japan_0028
RDD2020_Japan_Japan_002827.jpg,train,both,RDD2020,Japan_0028
RDD2020_Japan_Japan_002832.jpg,train,alligator_crack,RDD2020,Japan_0028
RDD2020_Japan_Japan_002836.jpg,train,both,RDD2020,Japan_0028
RDD2020_Japan_Japan_002838.jpg,train,alligator_crack,RDD2020,Japan_0028
RDD2020_Japan_Japan_002839.jpg,train,alligator_crack,RDD2020,Japan_0028
RDD2020_Japan_Japan_002843.jpg,train,alligator_crack,RDD2020,Japan_0028
RDD2020_Japan_Japan_002849.jpg,train,alligator_crack,RDD2020,Japan_0028
RDD2020_Japan_Japan_002850.jpg,train,alligator_crack,RDD2020,Japan_0028
RDD2020_Japan_Japan_002861.jpg,train,alligator_crack,RDD2020,Japan_0028
RDD2020_Japan_Japan_002863.jpg,train,alligator_crack,RDD2020,Japan_0028
RDD2020_Japan_Japan_002865.jpg,train,alligator_crack,RDD2020,Japan_0028
RDD2020_Japan_Japan_002867.jpg,train,both,RDD2020,Japan_0028
RDD2020_Japan_Japan_002868.jpg,train,alligator_crack,RDD2020,Japan_0028
RDD2020_Japan_Japan_002871.jpg,train,both,RDD2020,Japan_0028
RDD2020_Japan_Japan_002873.jpg,train,pothole,RDD2020,Japan_0028
RDD2020_Japan_Japan_002874.jpg,train,pothole,RDD2020,Japan_0028
RDD2020_Japan_Japan_002878.jpg,train,alligator_crack,RDD2020,Japan_0028
RDD2020_Japan_Japan_002884.jpg,train,pothole,RDD2020,Japan_0028
RDD2020_Japan_Japan_002885.jpg,train,alligator_crack,RDD2020,Japan_0028
RDD2020_Japan_Japan_002888.jpg,train,alligator_crack,RDD2020,Japan_0028
RDD2020_Japan_Japan_002889.jpg,train,alligator_crack,RDD2020,Japan_0028
RDD2020_Japan_Japan_002897.jpg,train,alligator_crack,RDD2020,Japan_0028
RDD2020_Japan_Japan_002899.jpg,train,alligator_crack,RDD2020,Japan_0028
RDD2020_Japan_Japan_011102.jpg,train,both,RDD2020,Japan_0111
RDD2020_Japan_Japan_011103.jpg,train,both,RDD2020,Japan_0111
RDD2020_Japan_Japan_011104.jpg,train,alligator_crack,RDD2020,Japan_0111
RDD2020_Japan_Japan_011105.jpg,train,alligator_crack,RDD2020,Japan_0111
RDD2020_Japan_Japan_011106.jpg,train,both,RDD2020,Japan_0111
RDD2020_Japan_Japan_011109.jpg,train,alligator_crack,RDD2020,Japan_0111
RDD2020_Japan_Japan_011110.jpg,train,both,RDD2020,Japan_0111
RDD2020_Japan_Japan_011114.jpg,train,alligator_crack,RDD2020,Japan_0111
RDD2020_Japan_Japan_011117.jpg,train,both,RDD2020,Japan_0111
RDD2020_Japan_Japan_011119.jpg,train,alligator_crack,RDD2020,Japan_0111
RDD2020_Japan_Japan_011121.jpg,train,alligator_crack,RDD2020,Japan_0111
RDD2020_Japan_Japan_011122.jpg,train,alligator_crack,RDD2020,Japan_0111
RDD2020_Japan_Japan_011124.jpg,train,both,RDD2020,Japan_0111
RDD2020_Japan_Japan_011125.jpg,train,alligator_crack,RDD2020,Japan_0111
RDD2020_Japan_Japan_011127.jpg,train,alligator_crack,RDD2020,Japan_0111
RDD2020_Japan_Japan_011135.jpg,train,pothole,RDD2020,Japan_0111
RDD2020_Japan_Japan_011136.jpg,train,both,RDD2020,Japan_0111
RDD2020_Japan_Japan_011138.jpg,train,pothole,RDD2020,Japan_0111
RDD2020_Japan_Japan_011139.jpg,train,alligator_crack,RDD2020,Japan_0111
RDD2020_Japan_Japan_011140.jpg,train,alligator_crack,RDD2020,Japan_0111
RDD2020_Japan_Japan_011141.jpg,train,both,RDD2020,Japan_0111
RDD2020_Japan_Japan_011148.jpg,train,alligator_crack,RDD2020,Japan_0111
RDD2020_Japan_Japan_011149.jpg,train,alligator_crack,RDD2020,Japan_0111
RDD2020_Japan_Japan_011152.jpg,train,alligator_crack,RDD2020,Japan_0111
RDD2020_Japan_Japan_011155.jpg,train,alligator_crack,RDD2020,Japan_0111
RDD2020_Japan_Japan_011157.jpg,train,alligator_crack,RDD2020,Japan_0111
RDD2020_Japan_Japan_011158.jpg,train,alligator_crack,RDD2020,Japan_0111
RDD2020_Japan_Japan_011162.jpg,train,alligator_crack,RDD2020,Japan_0111
RDD2020_Japan_Japan_011163.jpg,train,alligator_crack,RDD2020,Japan_0111
RDD2020_Japan_Japan_011164.jpg,train,both,RDD2020,Japan_0111
RDD2020_Japan_Japan_011169.jpg,train,pothole,RDD2020,Japan_0111
RDD2020_Japan_Japan_011172.jpg,train,alligator_crack,RDD2020,Japan_0111
RDD2020_Japan_Japan_011173.jpg,train,pothole,RDD2020,Japan_0111
RDD2020_Japan_Japan_011174.jpg,train,alligator_crack,RDD2020,Japan_0111
RDD2020_Japan_Japan_011179.jpg,train,alligator_crack,RDD2020,Japan_0111
RDD2020_Japan_Japan_011182.jpg,train,alligator_crack,RDD2020,Japan_0111
RDD2020_Japan_Japan_011196.jpg,train,alligator_crack,RDD2020,Japan_0111
RDD2020_Japan_Japan_006503.jpg,train,alligator_crack,RDD2020,Japan_0065
RDD2020_Japan_Japan_006506.jpg,train,both,RDD2020,Japan_0065
RDD2020_Japan_Japan_006507.jpg,train,alligator_crack,RDD2020,Japan_0065
RDD2020_Japan_Japan_006508.jpg,train,alligator_crack,RDD2020,Japan_0065
RDD2020_Japan_Japan_006509.jpg,train,both,RDD2020,Japan_0065
RDD2020_Japan_Japan_006514.jpg,train,alligator_crack,RDD2020,Japan_0065
RDD2020_Japan_Japan_006515.jpg,train,alligator_crack,RDD2020,Japan_0065
RDD2020_Japan_Japan_006516.jpg,train,alligator_crack,RDD2020,Japan_0065
RDD2020_Japan_Japan_006517.jpg,train,alligator_crack,RDD2020,Japan_0065
RDD2020_Japan_Japan_006524.jpg,train,alligator_crack,RDD2020,Japan_0065
RDD2020_Japan_Japan_006526.jpg,train,alligator_crack,RDD2020,Japan_0065
RDD2020_Japan_Japan_006527.jpg,train,alligator_crack,RDD2020,Japan_0065
RDD2020_Japan_Japan_006528.jpg,train,alligator_crack,RDD2020,Japan_0065
RDD2020_Japan_Japan_006529.jpg,train,alligator_crack,RDD2020,Japan_0065
RDD2020_Japan_Japan_006530.jpg,train,alligator_crack,RDD2020,Japan_0065
RDD2020_Japan_Japan_006531.jpg,train,alligator_crack,RDD2020,Japan_0065
RDD2020_Japan_Japan_006532.jpg,train,alligator_crack,RDD2020,Japan_0065
RDD2020_Japan_Japan_006536.jpg,train,alligator_crack,RDD2020,Japan_0065
RDD2020_Japan_Japan_006541.jpg,train,pothole,RDD2020,Japan_0065
RDD2020_Japan_Japan_006544.jpg,train,pothole,RDD2020,Japan_0065
RDD2020_Japan_Japan_006548.jpg,train,alligator_crack,RDD2020,Japan_0065
RDD2020_Japan_Japan_006554.jpg,train,alligator_crack,RDD2020,Japan_0065
RDD2020_Japan_Japan_006555.jpg,train,both,RDD2020,Japan_0065
RDD2020_Japan_Japan_006560.jpg,train,both,RDD2020,Japan_0065
RDD2020_Japan_Japan_006561.jpg,train,alligator_crack,RDD2020,Japan_0065
RDD2020_Japan_Japan_006564.jpg,train,alligator_crack,RDD2020,Japan_0065
RDD2020_Japan_Japan_006567.jpg,train,both,RDD2020,Japan_0065
RDD2020_Japan_Japan_006570.jpg,train,alligator_crack,RDD2020,Japan_0065
RDD2020_Japan_Japan_006574.jpg,train,alligator_crack,RDD2020,Japan_0065
RDD2020_Japan_Japan_006576.jpg,train,alligator_crack,RDD2020,Japan_0065
RDD2020_Japan_Japan_006577.jpg,train,alligator_crack,RDD2020,Japan_0065
RDD2020_Japan_Japan_006578.jpg,train,alligator_crack,RDD2020,Japan_0065
RDD2020_Japan_Japan_006581.jpg,train,alligator_crack,RDD2020,Japan_0065
RDD2020_Japan_Japan_006583.jpg,train,alligator_crack,RDD2020,Japan_0065
RDD2020_Japan_Japan_006587.jpg,train,alligator_crack,RDD2020,Japan_0065
RDD2020_Japan_Japan_006588.jpg,train,alligator_crack,RDD2020,Japan_0065
RDD2020_Japan_Japan_006589.jpg,train,alligator_crack,RDD2020,Japan_0065
RDD2020_Japan_Japan_006591.jpg,train,alligator_crack,RDD2020,Japan_0065
RDD2020_Japan_Japan_006593.jpg,train,alligator_crack,RDD2020,Japan_0065
RDD2020_Japan_Japan_006594.jpg,train,alligator_crack,RDD2020,Japan_0065
RDD2020_Japan_Japan_006598.jpg,train,alligator_crack,RDD2020,Japan_0065
RDD2020_Japan_Japan_004601.jpg,train,pothole,RDD2020,Japan_0046
RDD2020_Japan_Japan_004602.jpg,train,alligator_crack,RDD2020,Japan_0046
RDD2020_Japan_Japan_004604.jpg,train,both,RDD2020,Japan_0046
RDD2020_Japan_Japan_004605.jpg,train,alligator_crack,RDD2020,Japan_0046
RDD2020_Japan_Japan_004610.jpg,train,alligator_crack,RDD2020,Japan_0046
RDD2020_Japan_Japan_004611.jpg,train,alligator_crack,RDD2020,Japan_0046
RDD2020_Japan_Japan_004613.jpg,train,alligator_crack,RDD2020,Japan_0046
RDD2020_Japan_Japan_004615.jpg,train,pothole,RDD2020,Japan_0046
RDD2020_Japan_Japan_004618.jpg,train,alligator_crack,RDD2020,Japan_0046
RDD2020_Japan_Japan_004619.jpg,train,both,RDD2020,Japan_0046
RDD2020_Japan_Japan_004621.jpg,train,alligator_crack,RDD2020,Japan_0046
RDD2020_Japan_Japan_004622.jpg,train,alligator_crack,RDD2020,Japan_0046
RDD2020_Japan_Japan_004623.jpg,train,both,RDD2020,Japan_0046
RDD2020_Japan_Japan_004624.jpg,train,both,RDD2020,Japan_0046
RDD2020_Japan_Japan_004626.jpg,train,alligator_crack,RDD2020,Japan_0046
RDD2020_Japan_Japan_004627.jpg,train,alligator_crack,RDD2020,Japan_0046
RDD2020_Japan_Japan_004628.jpg,train,alligator_crack,RDD2020,Japan_0046
RDD2020_Japan_Japan_004631.jpg,train,both,RDD2020,Japan_0046
RDD2020_Japan_Japan_004640.jpg,train,alligator_crack,RDD2020,Japan_0046
RDD2020_Japan_Japan_004642.jpg,train,alligator_crack,RDD2020,Japan_0046
RDD2020_Japan_Japan_004646.jpg,train,pothole,RDD2020,Japan_0046
RDD2020_Japan_Japan_004650.jpg,train,alligator_crack,RDD2020,Japan_0046
RDD2020_Japan_Japan_004651.jpg,train,alligator_crack,RDD2020,Japan_0046
RDD2020_Japan_Japan_004655.jpg,train,alligator_crack,RDD2020,Japan_0046
RDD2020_Japan_Japan_004658.jpg,train,alligator_crack,RDD2020,Japan_0046
RDD2020_Japan_Japan_004660.jpg,train,alligator_crack,RDD2020,Japan_0046
RDD2020_Japan_Japan_004661.jpg,train,alligator_crack,RDD2020,Japan_0046
RDD2020_Japan_Japan_004662.jpg,train,alligator_crack,RDD2020,Japan_0046
RDD2020_Japan_Japan_004663.jpg,train,alligator_crack,RDD2020,Japan_0046
RDD2020_Japan_Japan_004664.jpg,train,alligator_crack,RDD2020,Japan_0046
RDD2020_Japan_Japan_004667.jpg,train,both,RDD2020,Japan_0046
RDD2020_Japan_Japan_004668.jpg,train,alligator_crack,RDD2020,Japan_0046
RDD2020_Japan_Japan_004670.jpg,train,alligator_crack,RDD2020,Japan_0046
RDD2020_Japan_Japan_004674.jpg,train,alligator_crack,RDD2020,Japan_0046
RDD2020_Japan_Japan_004676.jpg,train,pothole,RDD2020,Japan_0046
RDD2020_Japan_Japan_004677.jpg,train,alligator_crack,RDD2020,Japan_0046
RDD2020_Japan_Japan_004679.jpg,train,alligator_crack,RDD2020,Japan_0046
RDD2020_Japan_Japan_004687.jpg,train,alligator_crack,RDD2020,Japan_0046
RDD2020_Japan_Japan_004688.jpg,train,alligator_crack,RDD2020,Japan_0046
RDD2020_Japan_Japan_004689.jpg,train,both,RDD2020,Japan_0046
RDD2020_Japan_Japan_004690.jpg,train,alligator_crack,RDD2020,Japan_0046
RDD2020_Japan_Japan_004691.jpg,train,alligator_crack,RDD2020,Japan_0046
RDD2020_Japan_Japan_004693.jpg,train,alligator_crack,RDD2020,Japan_0046
RDD2020_India_India_005402.jpg,train,both,RDD2020,India_0054
RDD2020_India_India_005404.jpg,train,alligator_crack,RDD2020,India_0054
RDD2020_India_India_005410.jpg,train,alligator_crack,RDD2020,India_0054
RDD2020_India_India_005411.jpg,train,both,RDD2020,India_0054
RDD2020_India_India_005412.jpg,train,both,RDD2020,India_0054
RDD2020_India_India_005415.jpg,train,alligator_crack,RDD2020,India_0054
RDD2020_India_India_005419.jpg,train,alligator_crack,RDD2020,India_0054
RDD2020_India_India_005420.jpg,train,pothole,RDD2020,India_0054
RDD2020_India_India_005421.jpg,train,pothole,RDD2020,India_0054
RDD2020_India_India_005422.jpg,train,alligator_crack,RDD2020,India_0054
RDD2020_India_India_005423.jpg,train,alligator_crack,RDD2020,India_0054
RDD2020_India_India_005424.jpg,train,alligator_crack,RDD2020,India_0054
RDD2020_India_India_005427.jpg,train,pothole,RDD2020,India_0054
RDD2020_India_India_005433.jpg,train,alligator_crack,RDD2020,India_0054
RDD2020_India_India_005436.jpg,train,pothole,RDD2020,India_0054
RDD2020_India_India_005439.jpg,train,pothole,RDD2020,India_0054
RDD2020_India_India_005445.jpg,train,pothole,RDD2020,India_0054
RDD2020_India_India_005446.jpg,train,pothole,RDD2020,India_0054
RDD2020_India_India_005447.jpg,train,both,RDD2020,India_0054
RDD2020_India_India_005455.jpg,train,pothole,RDD2020,India_0054
RDD2020_India_India_005458.jpg,train,alligator_crack,RDD2020,India_0054
RDD2020_India_India_005467.jpg,train,pothole,RDD2020,India_0054
RDD2020_India_India_005469.jpg,train,pothole,RDD2020,India_0054
RDD2020_India_India_005472.jpg,train,both,RDD2020,India_0054
RDD2020_India_India_005473.jpg,train,pothole,RDD2020,India_0054
RDD2020_India_India_005475.jpg,train,alligator_crack,RDD2020,India_0054
RDD2020_India_India_005486.jpg,train,both,RDD2020,India_0054
RDD2020_India_India_005489.jpg,train,pothole,RDD2020,India_0054
RDD2020_India_India_005490.jpg,train,pothole,RDD2020,India_0054
RDD2020_India_India_005493.jpg,train,alligator_crack,RDD2020,India_0054
RDD2020_India_India_005496.jpg,train,both,RDD2020,India_0054
RDD2020_Czech_Czech_002914.jpg,train,alligator_crack,RDD2020,Czech_0029
RDD2020_Czech_Czech_002942.jpg,train,both,RDD2020,Czech_0029
RDD2020_Czech_Czech_002954.jpg,train,pothole,RDD2020,Czech_0029
RDD2020_Czech_Czech_002964.jpg,train,alligator_crack,RDD2020,Czech_0029
RDD2020_Czech_Czech_002978.jpg,train,both,RDD2020,Czech_0029
RDD2020_Czech_Czech_002980.jpg,train,pothole,RDD2020,Czech_0029
RDD2020_Czech_Czech_002992.jpg,train,alligator_crack,RDD2020,Czech_0029
RDD2020_Czech_Czech_002993.jpg,train,pothole,RDD2020,Czech_0029
RDD2020_Czech_Czech_002998.jpg,train,pothole,RDD2020,Czech_0029
RDD2020_Japan_Japan_008601.jpg,train,alligator_crack,RDD2020,Japan_0086
RDD2020_Japan_Japan_008604.jpg,train,alligator_crack,RDD2020,Japan_0086
RDD2020_Japan_Japan_008607.jpg,train,alligator_crack,RDD2020,Japan_0086
RDD2020_Japan_Japan_008609.jpg,train,alligator_crack,RDD2020,Japan_0086
RDD2020_Japan_Japan_008610.jpg,train,alligator_crack,RDD2020,Japan_0086
RDD2020_Japan_Japan_008613.jpg,train,alligator_crack,RDD2020,Japan_0086
RDD2020_Japan_Japan_008614.jpg,train,both,RDD2020,Japan_0086
RDD2020_Japan_Japan_008615.jpg,train,alligator_crack,RDD2020,Japan_0086
RDD2020_Japan_Japan_008618.jpg,train,alligator_crack,RDD2020,Japan_0086
RDD2020_Japan_Japan_008622.jpg,train,alligator_crack,RDD2020,Japan_0086
RDD2020_Japan_Japan_008623.jpg,train,both,RDD2020,Japan_0086
RDD2020_Japan_Japan_008627.jpg,train,alligator_crack,RDD2020,Japan_0086
RDD2020_Japan_Japan_008628.jpg,train,alligator_crack,RDD2020,Japan_0086
RDD2020_Japan_Japan_008630.jpg,train,both,RDD2020,Japan_0086
RDD2020_Japan_Japan_008634.jpg,train,alligator_crack,RDD2020,Japan_0086
RDD2020_Japan_Japan_008635.jpg,train,alligator_crack,RDD2020,Japan_0086
RDD2020_Japan_Japan_008637.jpg,train,alligator_crack,RDD2020,Japan_0086
RDD2020_Japan_Japan_008638.jpg,train,alligator_crack,RDD2020,Japan_0086
RDD2020_Japan_Japan_008639.jpg,train,both,RDD2020,Japan_0086
RDD2020_Japan_Japan_008640.jpg,train,pothole,RDD2020,Japan_0086
RDD2020_Japan_Japan_008643.jpg,train,both,RDD2020,Japan_0086
RDD2020_Japan_Japan_008644.jpg,train,alligator_crack,RDD2020,Japan_0086
RDD2020_Japan_Japan_008645.jpg,train,both,RDD2020,Japan_0086
RDD2020_Japan_Japan_008649.jpg,train,pothole,RDD2020,Japan_0086
RDD2020_Japan_Japan_008650.jpg,train,alligator_crack,RDD2020,Japan_0086
RDD2020_Japan_Japan_008656.jpg,train,alligator_crack,RDD2020,Japan_0086
RDD2020_Japan_Japan_008657.jpg,train,alligator_crack,RDD2020,Japan_0086
RDD2020_Japan_Japan_008659.jpg,train,alligator_crack,RDD2020,Japan_0086
RDD2020_Japan_Japan_008662.jpg,train,alligator_crack,RDD2020,Japan_0086
RDD2020_Japan_Japan_008663.jpg,train,alligator_crack,RDD2020,Japan_0086
RDD2020_Japan_Japan_008665.jpg,train,alligator_crack,RDD2020,Japan_0086
RDD2020_Japan_Japan_008667.jpg,train,alligator_crack,RDD2020,Japan_0086
RDD2020_Japan_Japan_008673.jpg,train,alligator_crack,RDD2020,Japan_0086
RDD2020_Japan_Japan_008679.jpg,train,alligator_crack,RDD2020,Japan_0086
RDD2020_Japan_Japan_008684.jpg,train,alligator_crack,RDD2020,Japan_0086
RDD2020_Japan_Japan_008685.jpg,train,alligator_crack,RDD2020,Japan_0086
RDD2020_Japan_Japan_008686.jpg,train,alligator_crack,RDD2020,Japan_0086
RDD2020_Japan_Japan_008687.jpg,train,alligator_crack,RDD2020,Japan_0086
RDD2020_Japan_Japan_008688.jpg,train,alligator_crack,RDD2020,Japan_0086
RDD2020_Japan_Japan_008689.jpg,train,alligator_crack,RDD2020,Japan_0086
RDD2020_Japan_Japan_008690.jpg,train,pothole,RDD2020,Japan_0086
RDD2020_Japan_Japan_008691.jpg,train,alligator_crack,RDD2020,Japan_0086
RDD2020_Japan_Japan_008693.jpg,train,alligator_crack,RDD2020,Japan_0086
RDD2020_Japan_Japan_008696.jpg,train,alligator_crack,RDD2020,Japan_0086
RDD2020_Japan_Japan_008697.jpg,train,alligator_crack,RDD2020,Japan_0086
RDD2020_Japan_Japan_008698.jpg,train,both,RDD2020,Japan_0086
RDD2020_Japan_Japan_000300.jpg,train,alligator_crack,RDD2020,Japan_0003
RDD2020_Japan_Japan_000301.jpg,train,alligator_crack,RDD2020,Japan_0003
RDD2020_Japan_Japan_000302.jpg,train,both,RDD2020,Japan_0003
RDD2020_Japan_Japan_000303.jpg,train,negative_background,RDD2020,Japan_0003
RDD2020_Japan_Japan_000304.jpg,train,negative_background,RDD2020,Japan_0003
RDD2020_Japan_Japan_000308.jpg,train,alligator_crack,RDD2020,Japan_0003
RDD2020_Japan_Japan_000309.jpg,train,negative_background,RDD2020,Japan_0003
RDD2020_Japan_Japan_000310.jpg,train,both,RDD2020,Japan_0003
RDD2020_Japan_Japan_000311.jpg,train,negative_background,RDD2020,Japan_0003
RDD2020_Japan_Japan_000312.jpg,train,negative_background,RDD2020,Japan_0003
RDD2020_Japan_Japan_000313.jpg,train,negative_background,RDD2020,Japan_0003
RDD2020_Japan_Japan_000315.jpg,train,alligator_crack,RDD2020,Japan_0003
RDD2020_Japan_Japan_000316.jpg,train,both,RDD2020,Japan_0003
RDD2020_Japan_Japan_000317.jpg,train,negative_background,RDD2020,Japan_0003
RDD2020_Japan_Japan_000318.jpg,train,negative_background,RDD2020,Japan_0003
RDD2020_Japan_Japan_000319.jpg,train,negative_background,RDD2020,Japan_0003
RDD2020_Japan_Japan_000320.jpg,train,alligator_crack,RDD2020,Japan_0003
RDD2020_Japan_Japan_000322.jpg,train,negative_background,RDD2020,Japan_0003
RDD2020_Japan_Japan_000324.jpg,train,negative_background,RDD2020,Japan_0003
RDD2020_Japan_Japan_000325.jpg,train,alligator_crack,RDD2020,Japan_0003
RDD2020_Japan_Japan_000326.jpg,train,alligator_crack,RDD2020,Japan_0003
RDD2020_Japan_Japan_000328.jpg,train,both,RDD2020,Japan_0003
RDD2020_Japan_Japan_000329.jpg,train,both,RDD2020,Japan_0003
RDD2020_Japan_Japan_000330.jpg,train,negative_background,RDD2020,Japan_0003
RDD2020_Japan_Japan_000332.jpg,train,both,RDD2020,Japan_0003
RDD2020_Japan_Japan_000333.jpg,train,both,RDD2020,Japan_0003
RDD2020_Japan_Japan_000335.jpg,train,pothole,RDD2020,Japan_0003
RDD2020_Japan_Japan_000336.jpg,train,both,RDD2020,Japan_0003
RDD2020_Japan_Japan_000337.jpg,train,alligator_crack,RDD2020,Japan_0003
RDD2020_Japan_Japan_000338.jpg,train,alligator_crack,RDD2020,Japan_0003
RDD2020_Japan_Japan_000339.jpg,train,negative_background,RDD2020,Japan_0003
RDD2020_Japan_Japan_000340.jpg,train,negative_background,RDD2020,Japan_0003
RDD2020_Japan_Japan_000341.jpg,train,pothole,RDD2020,Japan_0003
RDD2020_Japan_Japan_000343.jpg,train,negative_background,RDD2020,Japan_0003
RDD2020_Japan_Japan_000345.jpg,train,negative_background,RDD2020,Japan_0003
RDD2020_Japan_Japan_000348.jpg,train,both,RDD2020,Japan_0003
RDD2020_Japan_Japan_000350.jpg,train,alligator_crack,RDD2020,Japan_0003
RDD2020_Japan_Japan_000353.jpg,train,alligator_crack,RDD2020,Japan_0003
RDD2020_Japan_Japan_000354.jpg,train,negative_background,RDD2020,Japan_0003
RDD2020_Japan_Japan_000355.jpg,train,both,RDD2020,Japan_0003
RDD2020_Japan_Japan_000356.jpg,train,negative_background,RDD2020,Japan_0003
RDD2020_Japan_Japan_000357.jpg,train,both,RDD2020,Japan_0003
RDD2020_Japan_Japan_000358.jpg,train,negative_background,RDD2020,Japan_0003
RDD2020_Japan_Japan_000360.jpg,train,negative_background,RDD2020,Japan_0003
RDD2020_Japan_Japan_000361.jpg,train,alligator_crack,RDD2020,Japan_0003
RDD2020_Japan_Japan_000362.jpg,train,pothole,RDD2020,Japan_0003
RDD2020_Japan_Japan_000363.jpg,train,pothole,RDD2020,Japan_0003
RDD2020_Japan_Japan_000364.jpg,train,both,RDD2020,Japan_0003
RDD2020_Japan_Japan_000365.jpg,train,negative_background,RDD2020,Japan_0003
RDD2020_Japan_Japan_000366.jpg,train,alligator_crack,RDD2020,Japan_0003
RDD2020_Japan_Japan_000368.jpg,train,alligator_crack,RDD2020,Japan_0003
RDD2020_Japan_Japan_000369.jpg,train,both,RDD2020,Japan_0003
RDD2020_Japan_Japan_000370.jpg,train,negative_background,RDD2020,Japan_0003
RDD2020_Japan_Japan_000371.jpg,train,alligator_crack,RDD2020,Japan_0003
RDD2020_Japan_Japan_000372.jpg,train,negative_background,RDD2020,Japan_0003
RDD2020_Japan_Japan_000374.jpg,train,negative_background,RDD2020,Japan_0003
RDD2020_Japan_Japan_000375.jpg,train,negative_background,RDD2020,Japan_0003
RDD2020_Japan_Japan_000376.jpg,train,alligator_crack,RDD2020,Japan_0003
RDD2020_Japan_Japan_000377.jpg,train,negative_background,RDD2020,Japan_0003
RDD2020_Japan_Japan_000378.jpg,train,negative_background,RDD2020,Japan_0003
RDD2020_Japan_Japan_000379.jpg,train,alligator_crack,RDD2020,Japan_0003
RDD2020_Japan_Japan_000380.jpg,train,alligator_crack,RDD2020,Japan_0003
RDD2020_Japan_Japan_000381.jpg,train,alligator_crack,RDD2020,Japan_0003
RDD2020_Japan_Japan_000383.jpg,train,pothole,RDD2020,Japan_0003
RDD2020_Japan_Japan_000384.jpg,train,alligator_crack,RDD2020,Japan_0003
RDD2020_Japan_Japan_000385.jpg,train,alligator_crack,RDD2020,Japan_0003
RDD2020_Japan_Japan_000386.jpg,train,negative_background,RDD2020,Japan_0003
RDD2020_Japan_Japan_000387.jpg,train,negative_background,RDD2020,Japan_0003
RDD2020_Japan_Japan_000388.jpg,train,alligator_crack,RDD2020,Japan_0003
RDD2020_Japan_Japan_000389.jpg,train,pothole,RDD2020,Japan_0003
RDD2020_Japan_Japan_000391.jpg,train,negative_background,RDD2020,Japan_0003
RDD2020_Japan_Japan_000393.jpg,train,negative_background,RDD2020,Japan_0003
RDD2020_Japan_Japan_000394.jpg,train,alligator_crack,RDD2020,Japan_0003
RDD2020_Japan_Japan_000395.jpg,train,negative_background,RDD2020,Japan_0003
RDD2020_Japan_Japan_000396.jpg,train,alligator_crack,RDD2020,Japan_0003
RDD2020_Japan_Japan_000397.jpg,train,negative_background,RDD2020,Japan_0003
RDD2020_Japan_Japan_000398.jpg,train,negative_background,RDD2020,Japan_0003
RDD2020_Japan_Japan_000399.jpg,train,negative_background,RDD2020,Japan_0003
RDD2020_India_India_008003.jpg,train,alligator_crack,RDD2020,India_0080
RDD2020_India_India_008004.jpg,train,pothole,RDD2020,India_0080
RDD2020_India_India_008007.jpg,train,both,RDD2020,India_0080
RDD2020_India_India_008009.jpg,train,alligator_crack,RDD2020,India_0080
RDD2020_India_India_008012.jpg,train,both,RDD2020,India_0080
RDD2020_India_India_008013.jpg,train,pothole,RDD2020,India_0080
RDD2020_India_India_008014.jpg,train,alligator_crack,RDD2020,India_0080
RDD2020_India_India_008015.jpg,train,pothole,RDD2020,India_0080
RDD2020_India_India_008016.jpg,train,both,RDD2020,India_0080
RDD2020_India_India_008017.jpg,train,both,RDD2020,India_0080
RDD2020_India_India_008019.jpg,train,alligator_crack,RDD2020,India_0080
RDD2020_India_India_008022.jpg,train,both,RDD2020,India_0080
RDD2020_India_India_008025.jpg,train,pothole,RDD2020,India_0080
RDD2020_India_India_008027.jpg,train,pothole,RDD2020,India_0080
RDD2020_India_India_008029.jpg,train,both,RDD2020,India_0080
RDD2020_India_India_008034.jpg,train,pothole,RDD2020,India_0080
RDD2020_India_India_008035.jpg,train,pothole,RDD2020,India_0080
RDD2020_India_India_008037.jpg,train,both,RDD2020,India_0080
RDD2020_India_India_008039.jpg,train,alligator_crack,RDD2020,India_0080
RDD2020_India_India_008043.jpg,train,alligator_crack,RDD2020,India_0080
RDD2020_India_India_008050.jpg,train,alligator_crack,RDD2020,India_0080
RDD2020_India_India_008061.jpg,train,alligator_crack,RDD2020,India_0080
RDD2020_India_India_008064.jpg,train,pothole,RDD2020,India_0080
RDD2020_India_India_008067.jpg,train,alligator_crack,RDD2020,India_0080
RDD2020_India_India_008068.jpg,train,alligator_crack,RDD2020,India_0080
RDD2020_India_India_008070.jpg,train,both,RDD2020,India_0080
RDD2020_India_India_008076.jpg,train,alligator_crack,RDD2020,India_0080
RDD2020_India_India_008078.jpg,train,alligator_crack,RDD2020,India_0080
RDD2020_India_India_008079.jpg,train,alligator_crack,RDD2020,India_0080
RDD2020_India_India_008084.jpg,train,both,RDD2020,India_0080
RDD2020_India_India_008090.jpg,train,alligator_crack,RDD2020,India_0080
RDD2020_India_India_008094.jpg,train,pothole,RDD2020,India_0080
RDD2020_India_India_008097.jpg,train,alligator_crack,RDD2020,India_0080
RDD2020_India_India_008099.jpg,train,both,RDD2020,India_0080
RDD2020_India_India_000800.jpg,train,negative_background,RDD2020,India_0008
RDD2020_India_India_000801.jpg,train,negative_background,RDD2020,India_0008
RDD2020_India_India_000802.jpg,train,pothole,RDD2020,India_0008
RDD2020_India_India_000803.jpg,train,negative_background,RDD2020,India_0008
RDD2020_India_India_000804.jpg,train,negative_background,RDD2020,India_0008
RDD2020_India_India_000805.jpg,train,negative_background,RDD2020,India_0008
RDD2020_India_India_000806.jpg,train,negative_background,RDD2020,India_0008
RDD2020_India_India_000808.jpg,train,both,RDD2020,India_0008
RDD2020_India_India_000810.jpg,train,negative_background,RDD2020,India_0008
RDD2020_India_India_000811.jpg,train,alligator_crack,RDD2020,India_0008
RDD2020_India_India_000812.jpg,train,pothole,RDD2020,India_0008
RDD2020_India_India_000813.jpg,train,negative_background,RDD2020,India_0008
RDD2020_India_India_000814.jpg,train,negative_background,RDD2020,India_0008
RDD2020_India_India_000815.jpg,train,alligator_crack,RDD2020,India_0008
RDD2020_India_India_000816.jpg,train,negative_background,RDD2020,India_0008
RDD2020_India_India_000817.jpg,train,negative_background,RDD2020,India_0008
RDD2020_India_India_000819.jpg,train,negative_background,RDD2020,India_0008
RDD2020_India_India_000820.jpg,train,negative_background,RDD2020,India_0008
RDD2020_India_India_000821.jpg,train,negative_background,RDD2020,India_0008
RDD2020_India_India_000822.jpg,train,pothole,RDD2020,India_0008
RDD2020_India_India_000823.jpg,train,pothole,RDD2020,India_0008
RDD2020_India_India_000824.jpg,train,negative_background,RDD2020,India_0008
RDD2020_India_India_000825.jpg,train,pothole,RDD2020,India_0008
RDD2020_India_India_000826.jpg,train,negative_background,RDD2020,India_0008
RDD2020_India_India_000827.jpg,train,negative_background,RDD2020,India_0008
RDD2020_India_India_000830.jpg,train,alligator_crack,RDD2020,India_0008
RDD2020_India_India_000831.jpg,train,pothole,RDD2020,India_0008
RDD2020_India_India_000832.jpg,train,negative_background,RDD2020,India_0008
RDD2020_India_India_000833.jpg,train,negative_background,RDD2020,India_0008
RDD2020_India_India_000835.jpg,train,negative_background,RDD2020,India_0008
RDD2020_India_India_000836.jpg,train,negative_background,RDD2020,India_0008
RDD2020_India_India_000837.jpg,train,negative_background,RDD2020,India_0008
RDD2020_India_India_000839.jpg,train,alligator_crack,RDD2020,India_0008
RDD2020_India_India_000840.jpg,train,pothole,RDD2020,India_0008
RDD2020_India_India_000842.jpg,train,negative_background,RDD2020,India_0008
RDD2020_India_India_000844.jpg,train,negative_background,RDD2020,India_0008
RDD2020_India_India_000846.jpg,train,pothole,RDD2020,India_0008
RDD2020_India_India_000847.jpg,train,negative_background,RDD2020,India_0008
RDD2020_India_India_000848.jpg,train,both,RDD2020,India_0008
RDD2020_India_India_000849.jpg,train,alligator_crack,RDD2020,India_0008
RDD2020_India_India_000850.jpg,train,alligator_crack,RDD2020,India_0008
RDD2020_India_India_000851.jpg,train,negative_background,RDD2020,India_0008
RDD2020_India_India_000852.jpg,train,alligator_crack,RDD2020,India_0008
RDD2020_India_India_000855.jpg,train,pothole,RDD2020,India_0008
RDD2020_India_India_000856.jpg,train,alligator_crack,RDD2020,India_0008
RDD2020_India_India_000857.jpg,train,pothole,RDD2020,India_0008
RDD2020_India_India_000858.jpg,train,negative_background,RDD2020,India_0008
RDD2020_India_India_000859.jpg,train,negative_background,RDD2020,India_0008
RDD2020_India_India_000860.jpg,train,alligator_crack,RDD2020,India_0008
RDD2020_India_India_000861.jpg,train,alligator_crack,RDD2020,India_0008
RDD2020_India_India_000862.jpg,train,pothole,RDD2020,India_0008
RDD2020_India_India_000863.jpg,train,negative_background,RDD2020,India_0008
RDD2020_India_India_000864.jpg,train,pothole,RDD2020,India_0008
RDD2020_India_India_000865.jpg,train,negative_background,RDD2020,India_0008
RDD2020_India_India_000866.jpg,train,negative_background,RDD2020,India_0008
RDD2020_India_India_000867.jpg,train,negative_background,RDD2020,India_0008
RDD2020_India_India_000869.jpg,train,negative_background,RDD2020,India_0008
RDD2020_India_India_000870.jpg,train,negative_background,RDD2020,India_0008
RDD2020_India_India_000872.jpg,train,negative_background,RDD2020,India_0008
RDD2020_India_India_000873.jpg,train,pothole,RDD2020,India_0008
RDD2020_India_India_000874.jpg,train,negative_background,RDD2020,India_0008
RDD2020_India_India_000879.jpg,train,alligator_crack,RDD2020,India_0008
RDD2020_India_India_000881.jpg,train,negative_background,RDD2020,India_0008
RDD2020_India_India_000882.jpg,train,negative_background,RDD2020,India_0008
RDD2020_India_India_000884.jpg,train,alligator_crack,RDD2020,India_0008
RDD2020_India_India_000885.jpg,train,negative_background,RDD2020,India_0008
RDD2020_India_India_000887.jpg,train,negative_background,RDD2020,India_0008
RDD2020_India_India_000888.jpg,train,negative_background,RDD2020,India_0008
RDD2020_India_India_000890.jpg,train,negative_background,RDD2020,India_0008
RDD2020_India_India_000891.jpg,train,alligator_crack,RDD2020,India_0008
RDD2020_India_India_000892.jpg,train,alligator_crack,RDD2020,India_0008
RDD2020_India_India_000893.jpg,train,both,RDD2020,India_0008
RDD2020_India_India_000894.jpg,train,negative_background,RDD2020,India_0008
RDD2020_India_India_000895.jpg,train,alligator_crack,RDD2020,India_0008
RDD2020_India_India_000896.jpg,train,alligator_crack,RDD2020,India_0008
RDD2020_India_India_000898.jpg,train,negative_background,RDD2020,India_0008
RDD2020_Japan_Japan_010200.jpg,train,pothole,RDD2020,Japan_0102
RDD2020_Japan_Japan_010208.jpg,train,alligator_crack,RDD2020,Japan_0102
RDD2020_Japan_Japan_010217.jpg,train,alligator_crack,RDD2020,Japan_0102
RDD2020_Japan_Japan_010219.jpg,train,both,RDD2020,Japan_0102
RDD2020_Japan_Japan_010222.jpg,train,pothole,RDD2020,Japan_0102
RDD2020_Japan_Japan_010227.jpg,train,alligator_crack,RDD2020,Japan_0102
RDD2020_Japan_Japan_010228.jpg,train,alligator_crack,RDD2020,Japan_0102
RDD2020_Japan_Japan_010231.jpg,train,both,RDD2020,Japan_0102
RDD2020_Japan_Japan_010236.jpg,train,alligator_crack,RDD2020,Japan_0102
RDD2020_Japan_Japan_010241.jpg,train,alligator_crack,RDD2020,Japan_0102
RDD2020_Japan_Japan_010243.jpg,train,alligator_crack,RDD2020,Japan_0102
RDD2020_Japan_Japan_010245.jpg,train,both,RDD2020,Japan_0102
RDD2020_Japan_Japan_010248.jpg,train,alligator_crack,RDD2020,Japan_0102
RDD2020_Japan_Japan_010251.jpg,train,pothole,RDD2020,Japan_0102
RDD2020_Japan_Japan_010253.jpg,train,both,RDD2020,Japan_0102
RDD2020_Japan_Japan_010255.jpg,train,alligator_crack,RDD2020,Japan_0102
RDD2020_Japan_Japan_010257.jpg,train,alligator_crack,RDD2020,Japan_0102
RDD2020_Japan_Japan_010260.jpg,train,alligator_crack,RDD2020,Japan_0102
RDD2020_Japan_Japan_010267.jpg,train,alligator_crack,RDD2020,Japan_0102
RDD2020_Japan_Japan_010269.jpg,train,alligator_crack,RDD2020,Japan_0102
RDD2020_Japan_Japan_010272.jpg,train,alligator_crack,RDD2020,Japan_0102
RDD2020_Japan_Japan_010276.jpg,train,alligator_crack,RDD2020,Japan_0102
RDD2020_Japan_Japan_010278.jpg,train,alligator_crack,RDD2020,Japan_0102
RDD2020_Japan_Japan_010279.jpg,train,alligator_crack,RDD2020,Japan_0102
RDD2020_Japan_Japan_010280.jpg,train,alligator_crack,RDD2020,Japan_0102
RDD2020_Japan_Japan_010282.jpg,train,alligator_crack,RDD2020,Japan_0102
RDD2020_Japan_Japan_010284.jpg,train,alligator_crack,RDD2020,Japan_0102
RDD2020_Japan_Japan_010286.jpg,train,alligator_crack,RDD2020,Japan_0102
RDD2020_Japan_Japan_010287.jpg,train,pothole,RDD2020,Japan_0102
RDD2020_Japan_Japan_010288.jpg,train,both,RDD2020,Japan_0102
RDD2020_Japan_Japan_010290.jpg,train,pothole,RDD2020,Japan_0102
RDD2020_Japan_Japan_010292.jpg,train,alligator_crack,RDD2020,Japan_0102
RDD2020_Japan_Japan_010293.jpg,train,alligator_crack,RDD2020,Japan_0102
RDD2020_Japan_Japan_010295.jpg,train,pothole,RDD2020,Japan_0102
RDD2020_Japan_Japan_010296.jpg,train,alligator_crack,RDD2020,Japan_0102
RDD2020_Japan_Japan_010298.jpg,train,alligator_crack,RDD2020,Japan_0102
RDD2020_Japan_Japan_010299.jpg,train,alligator_crack,RDD2020,Japan_0102
RDD2020_India_India_001400.jpg,train,alligator_crack,RDD2020,India_0014
RDD2020_India_India_001401.jpg,train,both,RDD2020,India_0014
RDD2020_India_India_001402.jpg,train,alligator_crack,RDD2020,India_0014
RDD2020_India_India_001403.jpg,train,negative_background,RDD2020,India_0014
RDD2020_India_India_001404.jpg,train,negative_background,RDD2020,India_0014
RDD2020_India_India_001405.jpg,train,negative_background,RDD2020,India_0014
RDD2020_India_India_001407.jpg,train,both,RDD2020,India_0014
RDD2020_India_India_001408.jpg,train,negative_background,RDD2020,India_0014
RDD2020_India_India_001409.jpg,train,alligator_crack,RDD2020,India_0014
RDD2020_India_India_001410.jpg,train,negative_background,RDD2020,India_0014
RDD2020_India_India_001411.jpg,train,negative_background,RDD2020,India_0014
RDD2020_India_India_001413.jpg,train,negative_background,RDD2020,India_0014
RDD2020_India_India_001414.jpg,train,negative_background,RDD2020,India_0014
RDD2020_India_India_001415.jpg,train,alligator_crack,RDD2020,India_0014
RDD2020_India_India_001418.jpg,train,both,RDD2020,India_0014
RDD2020_India_India_001419.jpg,train,both,RDD2020,India_0014
RDD2020_India_India_001420.jpg,train,alligator_crack,RDD2020,India_0014
RDD2020_India_India_001421.jpg,train,negative_background,RDD2020,India_0014
RDD2020_India_India_001422.jpg,train,pothole,RDD2020,India_0014
RDD2020_India_India_001423.jpg,train,negative_background,RDD2020,India_0014
RDD2020_India_India_001424.jpg,train,pothole,RDD2020,India_0014
RDD2020_India_India_001427.jpg,train,negative_background,RDD2020,India_0014
RDD2020_India_India_001428.jpg,train,negative_background,RDD2020,India_0014
RDD2020_India_India_001429.jpg,train,negative_background,RDD2020,India_0014
RDD2020_India_India_001430.jpg,train,negative_background,RDD2020,India_0014
RDD2020_India_India_001431.jpg,train,negative_background,RDD2020,India_0014
RDD2020_India_India_001432.jpg,train,alligator_crack,RDD2020,India_0014
RDD2020_India_India_001433.jpg,train,negative_background,RDD2020,India_0014
RDD2020_India_India_001436.jpg,train,negative_background,RDD2020,India_0014
RDD2020_India_India_001437.jpg,train,negative_background,RDD2020,India_0014
RDD2020_India_India_001439.jpg,train,negative_background,RDD2020,India_0014
RDD2020_India_India_001440.jpg,train,negative_background,RDD2020,India_0014
RDD2020_India_India_001441.jpg,train,pothole,RDD2020,India_0014
RDD2020_India_India_001442.jpg,train,negative_background,RDD2020,India_0014
RDD2020_India_India_001443.jpg,train,pothole,RDD2020,India_0014
RDD2020_India_India_001445.jpg,train,negative_background,RDD2020,India_0014
RDD2020_India_India_001446.jpg,train,alligator_crack,RDD2020,India_0014
RDD2020_India_India_001448.jpg,train,negative_background,RDD2020,India_0014
RDD2020_India_India_001449.jpg,train,alligator_crack,RDD2020,India_0014
RDD2020_India_India_001450.jpg,train,alligator_crack,RDD2020,India_0014
RDD2020_India_India_001451.jpg,train,negative_background,RDD2020,India_0014
RDD2020_India_India_001452.jpg,train,negative_background,RDD2020,India_0014
RDD2020_India_India_001453.jpg,train,pothole,RDD2020,India_0014
RDD2020_India_India_001454.jpg,train,negative_background,RDD2020,India_0014
RDD2020_India_India_001455.jpg,train,negative_background,RDD2020,India_0014
RDD2020_India_India_001456.jpg,train,both,RDD2020,India_0014
RDD2020_India_India_001457.jpg,train,negative_background,RDD2020,India_0014
RDD2020_India_India_001458.jpg,train,alligator_crack,RDD2020,India_0014
RDD2020_India_India_001459.jpg,train,negative_background,RDD2020,India_0014
RDD2020_India_India_001461.jpg,train,negative_background,RDD2020,India_0014
RDD2020_India_India_001465.jpg,train,pothole,RDD2020,India_0014
RDD2020_India_India_001466.jpg,train,pothole,RDD2020,India_0014
RDD2020_India_India_001467.jpg,train,negative_background,RDD2020,India_0014
RDD2020_India_India_001470.jpg,train,negative_background,RDD2020,India_0014
RDD2020_India_India_001471.jpg,train,negative_background,RDD2020,India_0014
RDD2020_India_India_001472.jpg,train,negative_background,RDD2020,India_0014
RDD2020_India_India_001473.jpg,train,negative_background,RDD2020,India_0014
RDD2020_India_India_001474.jpg,train,negative_background,RDD2020,India_0014
RDD2020_India_India_001475.jpg,train,pothole,RDD2020,India_0014
RDD2020_India_India_001476.jpg,train,negative_background,RDD2020,India_0014
RDD2020_India_India_001477.jpg,train,negative_background,RDD2020,India_0014
RDD2020_India_India_001478.jpg,train,negative_background,RDD2020,India_0014
RDD2020_India_India_001479.jpg,train,negative_background,RDD2020,India_0014
RDD2020_India_India_001480.jpg,train,pothole,RDD2020,India_0014
RDD2020_India_India_001481.jpg,train,alligator_crack,RDD2020,India_0014
RDD2020_India_India_001482.jpg,train,negative_background,RDD2020,India_0014
RDD2020_India_India_001484.jpg,train,negative_background,RDD2020,India_0014
RDD2020_India_India_001485.jpg,train,both,RDD2020,India_0014
RDD2020_India_India_001486.jpg,train,negative_background,RDD2020,India_0014
RDD2020_India_India_001487.jpg,train,negative_background,RDD2020,India_0014
RDD2020_India_India_001488.jpg,train,negative_background,RDD2020,India_0014
RDD2020_India_India_001489.jpg,train,pothole,RDD2020,India_0014
RDD2020_India_India_001490.jpg,train,negative_background,RDD2020,India_0014
RDD2020_India_India_001491.jpg,train,pothole,RDD2020,India_0014
RDD2020_India_India_001492.jpg,train,negative_background,RDD2020,India_0014
RDD2020_India_India_001493.jpg,train,pothole,RDD2020,India_0014
RDD2020_India_India_001494.jpg,train,both,RDD2020,India_0014
RDD2020_India_India_001495.jpg,train,alligator_crack,RDD2020,India_0014
RDD2020_India_India_001496.jpg,train,negative_background,RDD2020,India_0014
RDD2020_India_India_001497.jpg,train,negative_background,RDD2020,India_0014
RDD2020_India_India_001498.jpg,train,negative_background,RDD2020,India_0014
RDD2020_India_India_001499.jpg,train,negative_background,RDD2020,India_0014
RDD2020_India_India_008301.jpg,train,both,RDD2020,India_0083
RDD2020_India_India_008304.jpg,train,both,RDD2020,India_0083
RDD2020_India_India_008306.jpg,train,alligator_crack,RDD2020,India_0083
RDD2020_India_India_008308.jpg,train,pothole,RDD2020,India_0083
RDD2020_India_India_008313.jpg,train,alligator_crack,RDD2020,India_0083
RDD2020_India_India_008314.jpg,train,alligator_crack,RDD2020,India_0083
RDD2020_India_India_008317.jpg,train,both,RDD2020,India_0083
RDD2020_India_India_008321.jpg,train,both,RDD2020,India_0083
RDD2020_India_India_008325.jpg,train,alligator_crack,RDD2020,India_0083
RDD2020_India_India_008327.jpg,train,both,RDD2020,India_0083
RDD2020_India_India_008329.jpg,train,alligator_crack,RDD2020,India_0083
RDD2020_India_India_008333.jpg,train,alligator_crack,RDD2020,India_0083
RDD2020_India_India_008336.jpg,train,pothole,RDD2020,India_0083
RDD2020_India_India_008339.jpg,train,pothole,RDD2020,India_0083
RDD2020_India_India_008340.jpg,train,alligator_crack,RDD2020,India_0083
RDD2020_India_India_008343.jpg,train,alligator_crack,RDD2020,India_0083
RDD2020_India_India_008344.jpg,train,alligator_crack,RDD2020,India_0083
RDD2020_India_India_008359.jpg,train,alligator_crack,RDD2020,India_0083
RDD2020_India_India_008367.jpg,train,pothole,RDD2020,India_0083
RDD2020_India_India_008371.jpg,train,alligator_crack,RDD2020,India_0083
RDD2020_India_India_008374.jpg,train,alligator_crack,RDD2020,India_0083
RDD2020_India_India_008375.jpg,train,alligator_crack,RDD2020,India_0083
RDD2020_India_India_008378.jpg,train,pothole,RDD2020,India_0083
RDD2020_India_India_008383.jpg,train,pothole,RDD2020,India_0083
RDD2020_India_India_008385.jpg,train,alligator_crack,RDD2020,India_0083
RDD2020_India_India_008386.jpg,train,both,RDD2020,India_0083
RDD2020_India_India_008389.jpg,train,pothole,RDD2020,India_0083
RDD2020_India_India_008391.jpg,train,alligator_crack,RDD2020,India_0083
RDD2020_India_India_008395.jpg,train,both,RDD2020,India_0083
RDD2020_Czech_Czech_001600.jpg,train,alligator_crack,RDD2020,Czech_0016
RDD2020_Czech_Czech_001649.jpg,train,alligator_crack,RDD2020,Czech_0016
RDD2020_Czech_Czech_001658.jpg,train,alligator_crack,RDD2020,Czech_0016
RDD2020_Czech_Czech_001669.jpg,train,pothole,RDD2020,Czech_0016
RDD2020_Czech_Czech_001673.jpg,train,pothole,RDD2020,Czech_0016
RDD2020_Japan_Japan_004302.jpg,train,alligator_crack,RDD2020,Japan_0043
RDD2020_Japan_Japan_004304.jpg,train,alligator_crack,RDD2020,Japan_0043
RDD2020_Japan_Japan_004307.jpg,train,alligator_crack,RDD2020,Japan_0043
RDD2020_Japan_Japan_004309.jpg,train,alligator_crack,RDD2020,Japan_0043
RDD2020_Japan_Japan_004311.jpg,train,alligator_crack,RDD2020,Japan_0043
RDD2020_Japan_Japan_004313.jpg,train,alligator_crack,RDD2020,Japan_0043
RDD2020_Japan_Japan_004318.jpg,train,alligator_crack,RDD2020,Japan_0043
RDD2020_Japan_Japan_004324.jpg,train,alligator_crack,RDD2020,Japan_0043
RDD2020_Japan_Japan_004325.jpg,train,alligator_crack,RDD2020,Japan_0043
RDD2020_Japan_Japan_004327.jpg,train,alligator_crack,RDD2020,Japan_0043
RDD2020_Japan_Japan_004335.jpg,train,both,RDD2020,Japan_0043
RDD2020_Japan_Japan_004337.jpg,train,both,RDD2020,Japan_0043
RDD2020_Japan_Japan_004341.jpg,train,alligator_crack,RDD2020,Japan_0043
RDD2020_Japan_Japan_004342.jpg,train,pothole,RDD2020,Japan_0043
RDD2020_Japan_Japan_004347.jpg,train,alligator_crack,RDD2020,Japan_0043
RDD2020_Japan_Japan_004348.jpg,train,alligator_crack,RDD2020,Japan_0043
RDD2020_Japan_Japan_004352.jpg,train,both,RDD2020,Japan_0043
RDD2020_Japan_Japan_004355.jpg,train,pothole,RDD2020,Japan_0043
RDD2020_Japan_Japan_004356.jpg,train,alligator_crack,RDD2020,Japan_0043
RDD2020_Japan_Japan_004357.jpg,train,alligator_crack,RDD2020,Japan_0043
RDD2020_Japan_Japan_004360.jpg,train,alligator_crack,RDD2020,Japan_0043
RDD2020_Japan_Japan_004361.jpg,train,both,RDD2020,Japan_0043
RDD2020_Japan_Japan_004362.jpg,train,pothole,RDD2020,Japan_0043
RDD2020_Japan_Japan_004364.jpg,train,alligator_crack,RDD2020,Japan_0043
RDD2020_Japan_Japan_004365.jpg,train,alligator_crack,RDD2020,Japan_0043
RDD2020_Japan_Japan_004366.jpg,train,alligator_crack,RDD2020,Japan_0043
RDD2020_Japan_Japan_004371.jpg,train,alligator_crack,RDD2020,Japan_0043
RDD2020_Japan_Japan_004372.jpg,train,alligator_crack,RDD2020,Japan_0043
RDD2020_Japan_Japan_004375.jpg,train,alligator_crack,RDD2020,Japan_0043
RDD2020_Japan_Japan_004377.jpg,train,alligator_crack,RDD2020,Japan_0043
RDD2020_Japan_Japan_004378.jpg,train,both,RDD2020,Japan_0043
RDD2020_Japan_Japan_004381.jpg,train,alligator_crack,RDD2020,Japan_0043
RDD2020_Japan_Japan_004382.jpg,train,alligator_crack,RDD2020,Japan_0043
RDD2020_Japan_Japan_004384.jpg,train,alligator_crack,RDD2020,Japan_0043
RDD2020_Japan_Japan_004385.jpg,train,alligator_crack,RDD2020,Japan_0043
RDD2020_Japan_Japan_004392.jpg,train,both,RDD2020,Japan_0043
RDD2020_Japan_Japan_004393.jpg,train,alligator_crack,RDD2020,Japan_0043
RDD2020_Japan_Japan_004394.jpg,train,pothole,RDD2020,Japan_0043
RDD2020_Japan_Japan_004397.jpg,train,alligator_crack,RDD2020,Japan_0043
RDD2020_Japan_Japan_004398.jpg,train,alligator_crack,RDD2020,Japan_0043
RDD2020_Japan_Japan_006400.jpg,train,alligator_crack,RDD2020,Japan_0064
RDD2020_Japan_Japan_006405.jpg,train,pothole,RDD2020,Japan_0064
RDD2020_Japan_Japan_006410.jpg,train,both,RDD2020,Japan_0064
RDD2020_Japan_Japan_006416.jpg,train,alligator_crack,RDD2020,Japan_0064
RDD2020_Japan_Japan_006422.jpg,train,alligator_crack,RDD2020,Japan_0064
RDD2020_Japan_Japan_006423.jpg,train,alligator_crack,RDD2020,Japan_0064
RDD2020_Japan_Japan_006425.jpg,train,alligator_crack,RDD2020,Japan_0064
RDD2020_Japan_Japan_006426.jpg,train,alligator_crack,RDD2020,Japan_0064
RDD2020_Japan_Japan_006427.jpg,train,both,RDD2020,Japan_0064
RDD2020_Japan_Japan_006428.jpg,train,alligator_crack,RDD2020,Japan_0064
RDD2020_Japan_Japan_006431.jpg,train,alligator_crack,RDD2020,Japan_0064
RDD2020_Japan_Japan_006432.jpg,train,alligator_crack,RDD2020,Japan_0064
RDD2020_Japan_Japan_006437.jpg,train,pothole,RDD2020,Japan_0064
RDD2020_Japan_Japan_006440.jpg,train,alligator_crack,RDD2020,Japan_0064
RDD2020_Japan_Japan_006442.jpg,train,alligator_crack,RDD2020,Japan_0064
RDD2020_Japan_Japan_006443.jpg,train,alligator_crack,RDD2020,Japan_0064
RDD2020_Japan_Japan_006452.jpg,train,alligator_crack,RDD2020,Japan_0064
RDD2020_Japan_Japan_006457.jpg,train,pothole,RDD2020,Japan_0064
RDD2020_Japan_Japan_006459.jpg,train,alligator_crack,RDD2020,Japan_0064
RDD2020_Japan_Japan_006461.jpg,train,alligator_crack,RDD2020,Japan_0064
RDD2020_Japan_Japan_006464.jpg,train,alligator_crack,RDD2020,Japan_0064
RDD2020_Japan_Japan_006466.jpg,train,both,RDD2020,Japan_0064
RDD2020_Japan_Japan_006467.jpg,train,alligator_crack,RDD2020,Japan_0064
RDD2020_Japan_Japan_006468.jpg,train,pothole,RDD2020,Japan_0064
RDD2020_Japan_Japan_006469.jpg,train,alligator_crack,RDD2020,Japan_0064
RDD2020_Japan_Japan_006471.jpg,train,alligator_crack,RDD2020,Japan_0064
RDD2020_Japan_Japan_006472.jpg,train,alligator_crack,RDD2020,Japan_0064
RDD2020_Japan_Japan_006477.jpg,train,alligator_crack,RDD2020,Japan_0064
RDD2020_Japan_Japan_006478.jpg,train,both,RDD2020,Japan_0064
RDD2020_Japan_Japan_006480.jpg,train,alligator_crack,RDD2020,Japan_0064
RDD2020_Japan_Japan_006481.jpg,train,alligator_crack,RDD2020,Japan_0064
RDD2020_Japan_Japan_006484.jpg,train,alligator_crack,RDD2020,Japan_0064
RDD2020_Japan_Japan_006488.jpg,train,pothole,RDD2020,Japan_0064
RDD2020_Japan_Japan_006493.jpg,train,alligator_crack,RDD2020,Japan_0064
RDD2020_Japan_Japan_006494.jpg,train,pothole,RDD2020,Japan_0064
RDD2020_Japan_Japan_006499.jpg,train,alligator_crack,RDD2020,Japan_0064
RDD2020_India_India_006910.jpg,train,pothole,RDD2020,India_0069
RDD2020_India_India_006912.jpg,train,pothole,RDD2020,India_0069
RDD2020_India_India_006920.jpg,train,pothole,RDD2020,India_0069
RDD2020_India_India_006925.jpg,train,alligator_crack,RDD2020,India_0069
RDD2020_India_India_006928.jpg,train,pothole,RDD2020,India_0069
RDD2020_India_India_006933.jpg,train,pothole,RDD2020,India_0069
RDD2020_India_India_006936.jpg,train,alligator_crack,RDD2020,India_0069
RDD2020_India_India_006938.jpg,train,pothole,RDD2020,India_0069
RDD2020_India_India_006943.jpg,train,alligator_crack,RDD2020,India_0069
RDD2020_India_India_006945.jpg,train,pothole,RDD2020,India_0069
RDD2020_India_India_006953.jpg,train,pothole,RDD2020,India_0069
RDD2020_India_India_006962.jpg,train,pothole,RDD2020,India_0069
RDD2020_India_India_006967.jpg,train,both,RDD2020,India_0069
RDD2020_India_India_006968.jpg,train,alligator_crack,RDD2020,India_0069
RDD2020_India_India_006970.jpg,train,pothole,RDD2020,India_0069
RDD2020_India_India_006973.jpg,train,pothole,RDD2020,India_0069
RDD2020_India_India_006974.jpg,train,pothole,RDD2020,India_0069
RDD2020_India_India_006976.jpg,train,alligator_crack,RDD2020,India_0069
RDD2020_India_India_006983.jpg,train,alligator_crack,RDD2020,India_0069
RDD2020_India_India_006988.jpg,train,alligator_crack,RDD2020,India_0069
RDD2020_India_India_006995.jpg,train,both,RDD2020,India_0069
RDD2020_India_India_006998.jpg,train,pothole,RDD2020,India_0069
RDD2020_India_India_006999.jpg,train,pothole,RDD2020,India_0069
RDD2020_Czech_Czech_000000.jpg,train,negative_background,RDD2020,Czech_0000
RDD2020_Czech_Czech_000001.jpg,train,negative_background,RDD2020,Czech_0000
RDD2020_Czech_Czech_000002.jpg,train,negative_background,RDD2020,Czech_0000
RDD2020_Czech_Czech_000006.jpg,train,negative_background,RDD2020,Czech_0000
RDD2020_Czech_Czech_000007.jpg,train,negative_background,RDD2020,Czech_0000
RDD2020_Czech_Czech_000009.jpg,train,negative_background,RDD2020,Czech_0000
RDD2020_Czech_Czech_000010.jpg,train,pothole,RDD2020,Czech_0000
RDD2020_Czech_Czech_000011.jpg,train,negative_background,RDD2020,Czech_0000
RDD2020_Czech_Czech_000012.jpg,train,negative_background,RDD2020,Czech_0000
RDD2020_Czech_Czech_000013.jpg,train,negative_background,RDD2020,Czech_0000
RDD2020_Czech_Czech_000014.jpg,train,negative_background,RDD2020,Czech_0000
RDD2020_Czech_Czech_000015.jpg,train,negative_background,RDD2020,Czech_0000
RDD2020_Czech_Czech_000017.jpg,train,negative_background,RDD2020,Czech_0000
RDD2020_Czech_Czech_000018.jpg,train,negative_background,RDD2020,Czech_0000
RDD2020_Czech_Czech_000020.jpg,train,negative_background,RDD2020,Czech_0000
RDD2020_Czech_Czech_000021.jpg,train,negative_background,RDD2020,Czech_0000
RDD2020_Czech_Czech_000022.jpg,train,negative_background,RDD2020,Czech_0000
RDD2020_Czech_Czech_000024.jpg,train,negative_background,RDD2020,Czech_0000
RDD2020_Czech_Czech_000025.jpg,train,negative_background,RDD2020,Czech_0000
RDD2020_Czech_Czech_000027.jpg,train,negative_background,RDD2020,Czech_0000
RDD2020_Czech_Czech_000028.jpg,train,negative_background,RDD2020,Czech_0000
RDD2020_Czech_Czech_000030.jpg,train,negative_background,RDD2020,Czech_0000
RDD2020_Czech_Czech_000031.jpg,train,alligator_crack,RDD2020,Czech_0000
RDD2020_Czech_Czech_000032.jpg,train,negative_background,RDD2020,Czech_0000
RDD2020_Czech_Czech_000033.jpg,train,negative_background,RDD2020,Czech_0000
RDD2020_Czech_Czech_000034.jpg,train,negative_background,RDD2020,Czech_0000
RDD2020_Czech_Czech_000037.jpg,train,pothole,RDD2020,Czech_0000
RDD2020_Czech_Czech_000038.jpg,train,negative_background,RDD2020,Czech_0000
RDD2020_Czech_Czech_000039.jpg,train,negative_background,RDD2020,Czech_0000
RDD2020_Czech_Czech_000040.jpg,train,negative_background,RDD2020,Czech_0000
RDD2020_Czech_Czech_000041.jpg,train,alligator_crack,RDD2020,Czech_0000
RDD2020_Czech_Czech_000043.jpg,train,negative_background,RDD2020,Czech_0000
RDD2020_Czech_Czech_000044.jpg,train,negative_background,RDD2020,Czech_0000
RDD2020_Czech_Czech_000045.jpg,train,negative_background,RDD2020,Czech_0000
RDD2020_Czech_Czech_000047.jpg,train,negative_background,RDD2020,Czech_0000
RDD2020_Czech_Czech_000048.jpg,train,negative_background,RDD2020,Czech_0000
RDD2020_Czech_Czech_000050.jpg,train,negative_background,RDD2020,Czech_0000
RDD2020_Czech_Czech_000054.jpg,train,negative_background,RDD2020,Czech_0000
RDD2020_Czech_Czech_000055.jpg,train,negative_background,RDD2020,Czech_0000
RDD2020_Czech_Czech_000056.jpg,train,negative_background,RDD2020,Czech_0000
RDD2020_Czech_Czech_000057.jpg,train,negative_background,RDD2020,Czech_0000
RDD2020_Czech_Czech_000058.jpg,train,negative_background,RDD2020,Czech_0000
RDD2020_Czech_Czech_000060.jpg,train,negative_background,RDD2020,Czech_0000
RDD2020_Czech_Czech_000061.jpg,train,negative_background,RDD2020,Czech_0000
RDD2020_Czech_Czech_000062.jpg,train,negative_background,RDD2020,Czech_0000
RDD2020_Czech_Czech_000063.jpg,train,negative_background,RDD2020,Czech_0000
RDD2020_Czech_Czech_000064.jpg,train,pothole,RDD2020,Czech_0000
RDD2020_Czech_Czech_000065.jpg,train,negative_background,RDD2020,Czech_0000
RDD2020_Czech_Czech_000066.jpg,train,negative_background,RDD2020,Czech_0000
RDD2020_Czech_Czech_000067.jpg,train,negative_background,RDD2020,Czech_0000
RDD2020_Czech_Czech_000068.jpg,train,negative_background,RDD2020,Czech_0000
RDD2020_Czech_Czech_000069.jpg,train,negative_background,RDD2020,Czech_0000
RDD2020_Czech_Czech_000070.jpg,train,negative_background,RDD2020,Czech_0000
RDD2020_Czech_Czech_000071.jpg,train,negative_background,RDD2020,Czech_0000
RDD2020_Czech_Czech_000075.jpg,train,negative_background,RDD2020,Czech_0000
RDD2020_Czech_Czech_000076.jpg,train,negative_background,RDD2020,Czech_0000
RDD2020_Czech_Czech_000077.jpg,train,negative_background,RDD2020,Czech_0000
RDD2020_Czech_Czech_000078.jpg,train,negative_background,RDD2020,Czech_0000
RDD2020_Czech_Czech_000079.jpg,train,negative_background,RDD2020,Czech_0000
RDD2020_Czech_Czech_000080.jpg,train,negative_background,RDD2020,Czech_0000
RDD2020_Czech_Czech_000081.jpg,train,negative_background,RDD2020,Czech_0000
RDD2020_Czech_Czech_000083.jpg,train,pothole,RDD2020,Czech_0000
RDD2020_Czech_Czech_000084.jpg,train,negative_background,RDD2020,Czech_0000
RDD2020_Czech_Czech_000085.jpg,train,negative_background,RDD2020,Czech_0000
RDD2020_Czech_Czech_000086.jpg,train,both,RDD2020,Czech_0000
RDD2020_Czech_Czech_000087.jpg,train,negative_background,RDD2020,Czech_0000
RDD2020_Czech_Czech_000090.jpg,train,negative_background,RDD2020,Czech_0000
RDD2020_Czech_Czech_000091.jpg,train,negative_background,RDD2020,Czech_0000
RDD2020_Czech_Czech_000092.jpg,train,alligator_crack,RDD2020,Czech_0000
RDD2020_Czech_Czech_000093.jpg,train,negative_background,RDD2020,Czech_0000
RDD2020_Czech_Czech_000095.jpg,train,negative_background,RDD2020,Czech_0000
RDD2020_Czech_Czech_000097.jpg,train,negative_background,RDD2020,Czech_0000
RDD2020_Czech_Czech_000098.jpg,train,negative_background,RDD2020,Czech_0000
RDD2020_Japan_Japan_001900.jpg,train,alligator_crack,RDD2020,Japan_0019
RDD2020_Japan_Japan_001905.jpg,train,alligator_crack,RDD2020,Japan_0019
RDD2020_Japan_Japan_001907.jpg,train,alligator_crack,RDD2020,Japan_0019
RDD2020_Japan_Japan_001908.jpg,train,alligator_crack,RDD2020,Japan_0019
RDD2020_Japan_Japan_001909.jpg,train,both,RDD2020,Japan_0019
RDD2020_Japan_Japan_001910.jpg,train,both,RDD2020,Japan_0019
RDD2020_Japan_Japan_001912.jpg,train,alligator_crack,RDD2020,Japan_0019
RDD2020_Japan_Japan_001916.jpg,train,both,RDD2020,Japan_0019
RDD2020_Japan_Japan_001919.jpg,train,both,RDD2020,Japan_0019
RDD2020_Japan_Japan_001920.jpg,train,pothole,RDD2020,Japan_0019
RDD2020_Japan_Japan_001921.jpg,train,pothole,RDD2020,Japan_0019
RDD2020_Japan_Japan_001922.jpg,train,alligator_crack,RDD2020,Japan_0019
RDD2020_Japan_Japan_001930.jpg,train,alligator_crack,RDD2020,Japan_0019
RDD2020_Japan_Japan_001935.jpg,train,alligator_crack,RDD2020,Japan_0019
RDD2020_Japan_Japan_001936.jpg,train,alligator_crack,RDD2020,Japan_0019
RDD2020_Japan_Japan_001938.jpg,train,alligator_crack,RDD2020,Japan_0019
RDD2020_Japan_Japan_001941.jpg,train,alligator_crack,RDD2020,Japan_0019
RDD2020_Japan_Japan_001944.jpg,train,alligator_crack,RDD2020,Japan_0019
RDD2020_Japan_Japan_001947.jpg,train,alligator_crack,RDD2020,Japan_0019
RDD2020_Japan_Japan_001950.jpg,train,alligator_crack,RDD2020,Japan_0019
RDD2020_Japan_Japan_001953.jpg,train,alligator_crack,RDD2020,Japan_0019
RDD2020_Japan_Japan_001958.jpg,train,alligator_crack,RDD2020,Japan_0019
RDD2020_Japan_Japan_001961.jpg,train,alligator_crack,RDD2020,Japan_0019
RDD2020_Japan_Japan_001962.jpg,train,alligator_crack,RDD2020,Japan_0019
RDD2020_Japan_Japan_001963.jpg,train,alligator_crack,RDD2020,Japan_0019
RDD2020_Japan_Japan_001966.jpg,train,alligator_crack,RDD2020,Japan_0019
RDD2020_Japan_Japan_001967.jpg,train,alligator_crack,RDD2020,Japan_0019
RDD2020_Japan_Japan_001968.jpg,train,alligator_crack,RDD2020,Japan_0019
RDD2020_Japan_Japan_001969.jpg,train,alligator_crack,RDD2020,Japan_0019
RDD2020_Japan_Japan_001971.jpg,train,alligator_crack,RDD2020,Japan_0019
RDD2020_Japan_Japan_001972.jpg,train,both,RDD2020,Japan_0019
RDD2020_Japan_Japan_001974.jpg,train,alligator_crack,RDD2020,Japan_0019
RDD2020_Japan_Japan_001975.jpg,train,alligator_crack,RDD2020,Japan_0019
RDD2020_Japan_Japan_001977.jpg,train,alligator_crack,RDD2020,Japan_0019
RDD2020_Japan_Japan_001978.jpg,train,alligator_crack,RDD2020,Japan_0019
RDD2020_Japan_Japan_001980.jpg,train,alligator_crack,RDD2020,Japan_0019
RDD2020_Japan_Japan_001982.jpg,train,alligator_crack,RDD2020,Japan_0019
RDD2020_Japan_Japan_001983.jpg,train,alligator_crack,RDD2020,Japan_0019
RDD2020_Japan_Japan_001984.jpg,train,pothole,RDD2020,Japan_0019
RDD2020_Japan_Japan_001985.jpg,train,alligator_crack,RDD2020,Japan_0019
RDD2020_Japan_Japan_001991.jpg,train,alligator_crack,RDD2020,Japan_0019
RDD2020_Japan_Japan_001994.jpg,train,alligator_crack,RDD2020,Japan_0019
RDD2020_Japan_Japan_001995.jpg,train,alligator_crack,RDD2020,Japan_0019
RDD2020_Japan_Japan_009100.jpg,train,alligator_crack,RDD2020,Japan_0091
RDD2020_Japan_Japan_009104.jpg,train,alligator_crack,RDD2020,Japan_0091
RDD2020_Japan_Japan_009107.jpg,train,alligator_crack,RDD2020,Japan_0091
RDD2020_Japan_Japan_009108.jpg,train,alligator_crack,RDD2020,Japan_0091
RDD2020_Japan_Japan_009112.jpg,train,alligator_crack,RDD2020,Japan_0091
RDD2020_Japan_Japan_009115.jpg,train,alligator_crack,RDD2020,Japan_0091
RDD2020_Japan_Japan_009118.jpg,train,alligator_crack,RDD2020,Japan_0091
RDD2020_Japan_Japan_009119.jpg,train,alligator_crack,RDD2020,Japan_0091
RDD2020_Japan_Japan_009122.jpg,train,alligator_crack,RDD2020,Japan_0091
RDD2020_Japan_Japan_009123.jpg,train,alligator_crack,RDD2020,Japan_0091
RDD2020_Japan_Japan_009124.jpg,train,alligator_crack,RDD2020,Japan_0091
RDD2020_Japan_Japan_009125.jpg,train,alligator_crack,RDD2020,Japan_0091
RDD2020_Japan_Japan_009127.jpg,train,alligator_crack,RDD2020,Japan_0091
RDD2020_Japan_Japan_009129.jpg,train,pothole,RDD2020,Japan_0091
RDD2020_Japan_Japan_009131.jpg,train,both,RDD2020,Japan_0091
RDD2020_Japan_Japan_009133.jpg,train,alligator_crack,RDD2020,Japan_0091
RDD2020_Japan_Japan_009137.jpg,train,alligator_crack,RDD2020,Japan_0091
RDD2020_Japan_Japan_009138.jpg,train,alligator_crack,RDD2020,Japan_0091
RDD2020_Japan_Japan_009139.jpg,train,both,RDD2020,Japan_0091
RDD2020_Japan_Japan_009142.jpg,train,alligator_crack,RDD2020,Japan_0091
RDD2020_Japan_Japan_009143.jpg,train,pothole,RDD2020,Japan_0091
RDD2020_Japan_Japan_009146.jpg,train,alligator_crack,RDD2020,Japan_0091
RDD2020_Japan_Japan_009147.jpg,train,pothole,RDD2020,Japan_0091
RDD2020_Japan_Japan_009150.jpg,train,alligator_crack,RDD2020,Japan_0091
RDD2020_Japan_Japan_009153.jpg,train,alligator_crack,RDD2020,Japan_0091
RDD2020_Japan_Japan_009159.jpg,train,alligator_crack,RDD2020,Japan_0091
RDD2020_Japan_Japan_009160.jpg,train,pothole,RDD2020,Japan_0091
RDD2020_Japan_Japan_009172.jpg,train,alligator_crack,RDD2020,Japan_0091
RDD2020_Japan_Japan_009174.jpg,train,pothole,RDD2020,Japan_0091
RDD2020_Japan_Japan_009176.jpg,train,pothole,RDD2020,Japan_0091
RDD2020_Japan_Japan_009178.jpg,train,alligator_crack,RDD2020,Japan_0091
RDD2020_Japan_Japan_009179.jpg,train,both,RDD2020,Japan_0091
RDD2020_Japan_Japan_009180.jpg,train,alligator_crack,RDD2020,Japan_0091
RDD2020_Japan_Japan_009181.jpg,train,both,RDD2020,Japan_0091
RDD2020_Japan_Japan_009184.jpg,train,both,RDD2020,Japan_0091
RDD2020_Japan_Japan_009187.jpg,train,alligator_crack,RDD2020,Japan_0091
RDD2020_Japan_Japan_009188.jpg,train,alligator_crack,RDD2020,Japan_0091
RDD2020_Japan_Japan_009189.jpg,train,alligator_crack,RDD2020,Japan_0091
RDD2020_Japan_Japan_009191.jpg,train,alligator_crack,RDD2020,Japan_0091
RDD2020_Japan_Japan_009193.jpg,train,alligator_crack,RDD2020,Japan_0091
RDD2020_Japan_Japan_009195.jpg,train,both,RDD2020,Japan_0091
RDD2020_Japan_Japan_009196.jpg,train,pothole,RDD2020,Japan_0091
RDD2020_Japan_Japan_009197.jpg,train,alligator_crack,RDD2020,Japan_0091
RDD2020_Japan_Japan_009199.jpg,train,both,RDD2020,Japan_0091
RDD2020_India_India_006201.jpg,train,both,RDD2020,India_0062
RDD2020_India_India_006202.jpg,train,both,RDD2020,India_0062
RDD2020_India_India_006210.jpg,train,alligator_crack,RDD2020,India_0062
RDD2020_India_India_006212.jpg,train,both,RDD2020,India_0062
RDD2020_India_India_006214.jpg,train,pothole,RDD2020,India_0062
RDD2020_India_India_006219.jpg,train,alligator_crack,RDD2020,India_0062
RDD2020_India_India_006228.jpg,train,alligator_crack,RDD2020,India_0062
RDD2020_India_India_006229.jpg,train,alligator_crack,RDD2020,India_0062
RDD2020_India_India_006233.jpg,train,alligator_crack,RDD2020,India_0062
RDD2020_India_India_006237.jpg,train,pothole,RDD2020,India_0062
RDD2020_India_India_006238.jpg,train,alligator_crack,RDD2020,India_0062
RDD2020_India_India_006239.jpg,train,both,RDD2020,India_0062
RDD2020_India_India_006241.jpg,train,alligator_crack,RDD2020,India_0062
RDD2020_India_India_006248.jpg,train,pothole,RDD2020,India_0062
RDD2020_India_India_006250.jpg,train,pothole,RDD2020,India_0062
RDD2020_India_India_006253.jpg,train,alligator_crack,RDD2020,India_0062
RDD2020_India_India_006257.jpg,train,pothole,RDD2020,India_0062
RDD2020_India_India_006260.jpg,train,alligator_crack,RDD2020,India_0062
RDD2020_India_India_006266.jpg,train,alligator_crack,RDD2020,India_0062
RDD2020_India_India_006269.jpg,train,both,RDD2020,India_0062
RDD2020_India_India_006274.jpg,train,both,RDD2020,India_0062
RDD2020_India_India_006275.jpg,train,both,RDD2020,India_0062
RDD2020_India_India_006280.jpg,train,alligator_crack,RDD2020,India_0062
RDD2020_India_India_006281.jpg,train,alligator_crack,RDD2020,India_0062
RDD2020_India_India_006286.jpg,train,alligator_crack,RDD2020,India_0062
RDD2020_India_India_006287.jpg,train,alligator_crack,RDD2020,India_0062
RDD2020_India_India_006290.jpg,train,pothole,RDD2020,India_0062
RDD2020_India_India_006293.jpg,train,both,RDD2020,India_0062
RDD2020_India_India_006295.jpg,train,both,RDD2020,India_0062
RDD2020_India_India_006297.jpg,train,pothole,RDD2020,India_0062
RDD2020_Japan_Japan_003701.jpg,train,alligator_crack,RDD2020,Japan_0037
RDD2020_Japan_Japan_003703.jpg,train,alligator_crack,RDD2020,Japan_0037
RDD2020_Japan_Japan_003704.jpg,train,alligator_crack,RDD2020,Japan_0037
RDD2020_Japan_Japan_003705.jpg,train,alligator_crack,RDD2020,Japan_0037
RDD2020_Japan_Japan_003713.jpg,train,alligator_crack,RDD2020,Japan_0037
RDD2020_Japan_Japan_003714.jpg,train,alligator_crack,RDD2020,Japan_0037
RDD2020_Japan_Japan_003716.jpg,train,alligator_crack,RDD2020,Japan_0037
RDD2020_Japan_Japan_003721.jpg,train,alligator_crack,RDD2020,Japan_0037
RDD2020_Japan_Japan_003726.jpg,train,alligator_crack,RDD2020,Japan_0037
RDD2020_Japan_Japan_003727.jpg,train,alligator_crack,RDD2020,Japan_0037
RDD2020_Japan_Japan_003729.jpg,train,alligator_crack,RDD2020,Japan_0037
RDD2020_Japan_Japan_003735.jpg,train,alligator_crack,RDD2020,Japan_0037
RDD2020_Japan_Japan_003736.jpg,train,alligator_crack,RDD2020,Japan_0037
RDD2020_Japan_Japan_003738.jpg,train,alligator_crack,RDD2020,Japan_0037
RDD2020_Japan_Japan_003740.jpg,train,alligator_crack,RDD2020,Japan_0037
RDD2020_Japan_Japan_003741.jpg,train,alligator_crack,RDD2020,Japan_0037
RDD2020_Japan_Japan_003742.jpg,train,alligator_crack,RDD2020,Japan_0037
RDD2020_Japan_Japan_003745.jpg,train,both,RDD2020,Japan_0037
RDD2020_Japan_Japan_003746.jpg,train,alligator_crack,RDD2020,Japan_0037
RDD2020_Japan_Japan_003748.jpg,train,alligator_crack,RDD2020,Japan_0037
RDD2020_Japan_Japan_003750.jpg,train,alligator_crack,RDD2020,Japan_0037
RDD2020_Japan_Japan_003753.jpg,train,both,RDD2020,Japan_0037
RDD2020_Japan_Japan_003754.jpg,train,alligator_crack,RDD2020,Japan_0037
RDD2020_Japan_Japan_003755.jpg,train,alligator_crack,RDD2020,Japan_0037
RDD2020_Japan_Japan_003756.jpg,train,alligator_crack,RDD2020,Japan_0037
RDD2020_Japan_Japan_003757.jpg,train,alligator_crack,RDD2020,Japan_0037
RDD2020_Japan_Japan_003758.jpg,train,both,RDD2020,Japan_0037
RDD2020_Japan_Japan_003759.jpg,train,alligator_crack,RDD2020,Japan_0037
RDD2020_Japan_Japan_003760.jpg,train,alligator_crack,RDD2020,Japan_0037
RDD2020_Japan_Japan_003761.jpg,train,alligator_crack,RDD2020,Japan_0037
RDD2020_Japan_Japan_003762.jpg,train,alligator_crack,RDD2020,Japan_0037
RDD2020_Japan_Japan_003766.jpg,train,alligator_crack,RDD2020,Japan_0037
RDD2020_Japan_Japan_003769.jpg,train,alligator_crack,RDD2020,Japan_0037
RDD2020_Japan_Japan_003770.jpg,train,both,RDD2020,Japan_0037
RDD2020_Japan_Japan_003777.jpg,train,alligator_crack,RDD2020,Japan_0037
RDD2020_Japan_Japan_003778.jpg,train,alligator_crack,RDD2020,Japan_0037
RDD2020_Japan_Japan_003779.jpg,train,pothole,RDD2020,Japan_0037
RDD2020_Japan_Japan_003781.jpg,train,alligator_crack,RDD2020,Japan_0037
RDD2020_Japan_Japan_003783.jpg,train,alligator_crack,RDD2020,Japan_0037
RDD2020_Japan_Japan_003784.jpg,train,alligator_crack,RDD2020,Japan_0037
RDD2020_Japan_Japan_003786.jpg,train,alligator_crack,RDD2020,Japan_0037
RDD2020_Japan_Japan_003787.jpg,train,alligator_crack,RDD2020,Japan_0037
RDD2020_Japan_Japan_003793.jpg,train,alligator_crack,RDD2020,Japan_0037
RDD2020_Japan_Japan_003794.jpg,train,alligator_crack,RDD2020,Japan_0037
RDD2020_Japan_Japan_003796.jpg,train,pothole,RDD2020,Japan_0037
RDD2020_Japan_Japan_003798.jpg,train,alligator_crack,RDD2020,Japan_0037
RDD2020_India_India_004309.jpg,train,alligator_crack,RDD2020,India_0043
RDD2020_India_India_004310.jpg,train,alligator_crack,RDD2020,India_0043
RDD2020_India_India_004311.jpg,train,alligator_crack,RDD2020,India_0043
RDD2020_India_India_004312.jpg,train,pothole,RDD2020,India_0043
RDD2020_India_India_004315.jpg,train,alligator_crack,RDD2020,India_0043
RDD2020_India_India_004316.jpg,train,alligator_crack,RDD2020,India_0043
RDD2020_India_India_004320.jpg,train,pothole,RDD2020,India_0043
RDD2020_India_India_004321.jpg,train,pothole,RDD2020,India_0043
RDD2020_India_India_004327.jpg,train,pothole,RDD2020,India_0043
RDD2020_India_India_004331.jpg,train,both,RDD2020,India_0043
RDD2020_India_India_004338.jpg,train,pothole,RDD2020,India_0043
RDD2020_India_India_004340.jpg,train,pothole,RDD2020,India_0043
RDD2020_India_India_004342.jpg,train,both,RDD2020,India_0043
RDD2020_India_India_004343.jpg,train,both,RDD2020,India_0043
RDD2020_India_India_004345.jpg,train,pothole,RDD2020,India_0043
RDD2020_India_India_004348.jpg,train,alligator_crack,RDD2020,India_0043
RDD2020_India_India_004352.jpg,train,alligator_crack,RDD2020,India_0043
RDD2020_India_India_004359.jpg,train,alligator_crack,RDD2020,India_0043
RDD2020_India_India_004363.jpg,train,pothole,RDD2020,India_0043
RDD2020_India_India_004364.jpg,train,alligator_crack,RDD2020,India_0043
RDD2020_India_India_004365.jpg,train,both,RDD2020,India_0043
RDD2020_India_India_004366.jpg,train,alligator_crack,RDD2020,India_0043
RDD2020_India_India_004370.jpg,train,pothole,RDD2020,India_0043
RDD2020_India_India_004371.jpg,train,alligator_crack,RDD2020,India_0043
RDD2020_India_India_004375.jpg,train,alligator_crack,RDD2020,India_0043
RDD2020_India_India_004376.jpg,train,alligator_crack,RDD2020,India_0043
RDD2020_India_India_004385.jpg,train,both,RDD2020,India_0043
RDD2020_India_India_004387.jpg,train,pothole,RDD2020,India_0043
RDD2020_India_India_004392.jpg,train,pothole,RDD2020,India_0043
RDD2020_India_India_004393.jpg,train,pothole,RDD2020,India_0043
RDD2020_India_India_004398.jpg,train,both,RDD2020,India_0043
RDD2020_Japan_Japan_009300.jpg,train,alligator_crack,RDD2020,Japan_0093
RDD2020_Japan_Japan_009301.jpg,train,alligator_crack,RDD2020,Japan_0093
RDD2020_Japan_Japan_009302.jpg,train,alligator_crack,RDD2020,Japan_0093
RDD2020_Japan_Japan_009303.jpg,train,alligator_crack,RDD2020,Japan_0093
RDD2020_Japan_Japan_009305.jpg,train,both,RDD2020,Japan_0093
RDD2020_Japan_Japan_009306.jpg,train,pothole,RDD2020,Japan_0093
RDD2020_Japan_Japan_009307.jpg,train,alligator_crack,RDD2020,Japan_0093
RDD2020_Japan_Japan_009311.jpg,train,alligator_crack,RDD2020,Japan_0093
RDD2020_Japan_Japan_009312.jpg,train,alligator_crack,RDD2020,Japan_0093
RDD2020_Japan_Japan_009315.jpg,train,alligator_crack,RDD2020,Japan_0093
RDD2020_Japan_Japan_009318.jpg,train,both,RDD2020,Japan_0093
RDD2020_Japan_Japan_009319.jpg,train,alligator_crack,RDD2020,Japan_0093
RDD2020_Japan_Japan_009320.jpg,train,alligator_crack,RDD2020,Japan_0093
RDD2020_Japan_Japan_009321.jpg,train,pothole,RDD2020,Japan_0093
RDD2020_Japan_Japan_009325.jpg,train,alligator_crack,RDD2020,Japan_0093
RDD2020_Japan_Japan_009328.jpg,train,alligator_crack,RDD2020,Japan_0093
RDD2020_Japan_Japan_009329.jpg,train,alligator_crack,RDD2020,Japan_0093
RDD2020_Japan_Japan_009333.jpg,train,pothole,RDD2020,Japan_0093
RDD2020_Japan_Japan_009336.jpg,train,alligator_crack,RDD2020,Japan_0093
RDD2020_Japan_Japan_009339.jpg,train,pothole,RDD2020,Japan_0093
RDD2020_Japan_Japan_009340.jpg,train,alligator_crack,RDD2020,Japan_0093
RDD2020_Japan_Japan_009343.jpg,train,alligator_crack,RDD2020,Japan_0093
RDD2020_Japan_Japan_009344.jpg,train,alligator_crack,RDD2020,Japan_0093
RDD2020_Japan_Japan_009345.jpg,train,both,RDD2020,Japan_0093
RDD2020_Japan_Japan_009349.jpg,train,alligator_crack,RDD2020,Japan_0093
RDD2020_Japan_Japan_009350.jpg,train,alligator_crack,RDD2020,Japan_0093
RDD2020_Japan_Japan_009351.jpg,train,alligator_crack,RDD2020,Japan_0093
RDD2020_Japan_Japan_009352.jpg,train,alligator_crack,RDD2020,Japan_0093
RDD2020_Japan_Japan_009353.jpg,train,alligator_crack,RDD2020,Japan_0093
RDD2020_Japan_Japan_009358.jpg,train,both,RDD2020,Japan_0093
RDD2020_Japan_Japan_009359.jpg,train,alligator_crack,RDD2020,Japan_0093
RDD2020_Japan_Japan_009360.jpg,train,alligator_crack,RDD2020,Japan_0093
RDD2020_Japan_Japan_009363.jpg,train,pothole,RDD2020,Japan_0093
RDD2020_Japan_Japan_009367.jpg,train,alligator_crack,RDD2020,Japan_0093
RDD2020_Japan_Japan_009369.jpg,train,alligator_crack,RDD2020,Japan_0093
RDD2020_Japan_Japan_009372.jpg,train,alligator_crack,RDD2020,Japan_0093
RDD2020_Japan_Japan_009376.jpg,train,alligator_crack,RDD2020,Japan_0093
RDD2020_Japan_Japan_009379.jpg,train,alligator_crack,RDD2020,Japan_0093
RDD2020_Japan_Japan_009380.jpg,train,alligator_crack,RDD2020,Japan_0093
RDD2020_Japan_Japan_009386.jpg,train,alligator_crack,RDD2020,Japan_0093
RDD2020_Japan_Japan_009389.jpg,train,pothole,RDD2020,Japan_0093
RDD2020_Japan_Japan_009391.jpg,train,alligator_crack,RDD2020,Japan_0093
RDD2020_Japan_Japan_009392.jpg,train,alligator_crack,RDD2020,Japan_0093
RDD2020_Japan_Japan_009395.jpg,train,alligator_crack,RDD2020,Japan_0093
RDD2020_Japan_Japan_009397.jpg,train,alligator_crack,RDD2020,Japan_0093
RDD2020_Japan_Japan_009398.jpg,train,alligator_crack,RDD2020,Japan_0093
RDD2020_Japan_Japan_005600.jpg,train,alligator_crack,RDD2020,Japan_0056
RDD2020_Japan_Japan_005601.jpg,train,alligator_crack,RDD2020,Japan_0056
RDD2020_Japan_Japan_005602.jpg,train,both,RDD2020,Japan_0056
RDD2020_Japan_Japan_005603.jpg,train,alligator_crack,RDD2020,Japan_0056
RDD2020_Japan_Japan_005604.jpg,train,both,RDD2020,Japan_0056
RDD2020_Japan_Japan_005615.jpg,train,alligator_crack,RDD2020,Japan_0056
RDD2020_Japan_Japan_005617.jpg,train,alligator_crack,RDD2020,Japan_0056
RDD2020_Japan_Japan_005621.jpg,train,alligator_crack,RDD2020,Japan_0056
RDD2020_Japan_Japan_005622.jpg,train,both,RDD2020,Japan_0056
RDD2020_Japan_Japan_005623.jpg,train,alligator_crack,RDD2020,Japan_0056
RDD2020_Japan_Japan_005625.jpg,train,both,RDD2020,Japan_0056
RDD2020_Japan_Japan_005628.jpg,train,both,RDD2020,Japan_0056
RDD2020_Japan_Japan_005629.jpg,train,alligator_crack,RDD2020,Japan_0056
RDD2020_Japan_Japan_005635.jpg,train,alligator_crack,RDD2020,Japan_0056
RDD2020_Japan_Japan_005638.jpg,train,alligator_crack,RDD2020,Japan_0056
RDD2020_Japan_Japan_005639.jpg,train,alligator_crack,RDD2020,Japan_0056
RDD2020_Japan_Japan_005640.jpg,train,alligator_crack,RDD2020,Japan_0056
RDD2020_Japan_Japan_005646.jpg,train,alligator_crack,RDD2020,Japan_0056
RDD2020_Japan_Japan_005647.jpg,train,alligator_crack,RDD2020,Japan_0056
RDD2020_Japan_Japan_005648.jpg,train,alligator_crack,RDD2020,Japan_0056
RDD2020_Japan_Japan_005649.jpg,train,pothole,RDD2020,Japan_0056
RDD2020_Japan_Japan_005653.jpg,train,both,RDD2020,Japan_0056
RDD2020_Japan_Japan_005654.jpg,train,pothole,RDD2020,Japan_0056
RDD2020_Japan_Japan_005655.jpg,train,alligator_crack,RDD2020,Japan_0056
RDD2020_Japan_Japan_005659.jpg,train,alligator_crack,RDD2020,Japan_0056
RDD2020_Japan_Japan_005660.jpg,train,pothole,RDD2020,Japan_0056
RDD2020_Japan_Japan_005661.jpg,train,pothole,RDD2020,Japan_0056
RDD2020_Japan_Japan_005666.jpg,train,both,RDD2020,Japan_0056
RDD2020_Japan_Japan_005669.jpg,train,both,RDD2020,Japan_0056
RDD2020_Japan_Japan_005673.jpg,train,alligator_crack,RDD2020,Japan_0056
RDD2020_Japan_Japan_005675.jpg,train,alligator_crack,RDD2020,Japan_0056
RDD2020_Japan_Japan_005678.jpg,train,alligator_crack,RDD2020,Japan_0056
RDD2020_Japan_Japan_005680.jpg,train,alligator_crack,RDD2020,Japan_0056
RDD2020_Japan_Japan_005683.jpg,train,both,RDD2020,Japan_0056
RDD2020_Japan_Japan_005687.jpg,train,pothole,RDD2020,Japan_0056
RDD2020_Japan_Japan_005690.jpg,train,alligator_crack,RDD2020,Japan_0056
RDD2020_Japan_Japan_005693.jpg,train,pothole,RDD2020,Japan_0056
RDD2020_Japan_Japan_005696.jpg,train,both,RDD2020,Japan_0056
RDD2020_Japan_Japan_005699.jpg,train,alligator_crack,RDD2020,Japan_0056
RDD2020_India_India_001808.jpg,train,pothole,RDD2020,India_0018
RDD2020_India_India_001809.jpg,train,pothole,RDD2020,India_0018
RDD2020_India_India_001812.jpg,train,both,RDD2020,India_0018
RDD2020_India_India_001815.jpg,train,pothole,RDD2020,India_0018
RDD2020_India_India_001817.jpg,train,pothole,RDD2020,India_0018
RDD2020_India_India_001820.jpg,train,pothole,RDD2020,India_0018
RDD2020_India_India_001821.jpg,train,both,RDD2020,India_0018
RDD2020_India_India_001831.jpg,train,pothole,RDD2020,India_0018
RDD2020_India_India_001832.jpg,train,alligator_crack,RDD2020,India_0018
RDD2020_India_India_001836.jpg,train,alligator_crack,RDD2020,India_0018
RDD2020_India_India_001837.jpg,train,alligator_crack,RDD2020,India_0018
RDD2020_India_India_001842.jpg,train,pothole,RDD2020,India_0018
RDD2020_India_India_001844.jpg,train,alligator_crack,RDD2020,India_0018
RDD2020_India_India_001852.jpg,train,pothole,RDD2020,India_0018
RDD2020_India_India_001854.jpg,train,pothole,RDD2020,India_0018
RDD2020_India_India_001865.jpg,train,both,RDD2020,India_0018
RDD2020_India_India_001866.jpg,train,pothole,RDD2020,India_0018
RDD2020_India_India_001872.jpg,train,pothole,RDD2020,India_0018
RDD2020_India_India_001877.jpg,train,both,RDD2020,India_0018
RDD2020_India_India_001881.jpg,train,alligator_crack,RDD2020,India_0018
RDD2020_India_India_001884.jpg,train,alligator_crack,RDD2020,India_0018
RDD2020_India_India_001887.jpg,train,both,RDD2020,India_0018
RDD2020_India_India_001888.jpg,train,both,RDD2020,India_0018
RDD2020_India_India_001890.jpg,train,both,RDD2020,India_0018
RDD2020_Japan_Japan_006600.jpg,train,alligator_crack,RDD2020,Japan_0066
RDD2020_Japan_Japan_006602.jpg,train,alligator_crack,RDD2020,Japan_0066
RDD2020_Japan_Japan_006603.jpg,train,alligator_crack,RDD2020,Japan_0066
RDD2020_Japan_Japan_006604.jpg,train,alligator_crack,RDD2020,Japan_0066
RDD2020_Japan_Japan_006608.jpg,train,alligator_crack,RDD2020,Japan_0066
RDD2020_Japan_Japan_006610.jpg,train,both,RDD2020,Japan_0066
RDD2020_Japan_Japan_006611.jpg,train,alligator_crack,RDD2020,Japan_0066
RDD2020_Japan_Japan_006613.jpg,train,alligator_crack,RDD2020,Japan_0066
RDD2020_Japan_Japan_006614.jpg,train,alligator_crack,RDD2020,Japan_0066
RDD2020_Japan_Japan_006616.jpg,train,pothole,RDD2020,Japan_0066
RDD2020_Japan_Japan_006619.jpg,train,alligator_crack,RDD2020,Japan_0066
RDD2020_Japan_Japan_006620.jpg,train,alligator_crack,RDD2020,Japan_0066
RDD2020_Japan_Japan_006622.jpg,train,alligator_crack,RDD2020,Japan_0066
RDD2020_Japan_Japan_006623.jpg,train,alligator_crack,RDD2020,Japan_0066
RDD2020_Japan_Japan_006624.jpg,train,alligator_crack,RDD2020,Japan_0066
RDD2020_Japan_Japan_006625.jpg,train,alligator_crack,RDD2020,Japan_0066
RDD2020_Japan_Japan_006626.jpg,train,alligator_crack,RDD2020,Japan_0066
RDD2020_Japan_Japan_006628.jpg,train,both,RDD2020,Japan_0066
RDD2020_Japan_Japan_006632.jpg,train,both,RDD2020,Japan_0066
RDD2020_Japan_Japan_006638.jpg,train,pothole,RDD2020,Japan_0066
RDD2020_Japan_Japan_006641.jpg,train,alligator_crack,RDD2020,Japan_0066
RDD2020_Japan_Japan_006647.jpg,train,alligator_crack,RDD2020,Japan_0066
RDD2020_Japan_Japan_006648.jpg,train,alligator_crack,RDD2020,Japan_0066
RDD2020_Japan_Japan_006649.jpg,train,alligator_crack,RDD2020,Japan_0066
RDD2020_Japan_Japan_006650.jpg,train,alligator_crack,RDD2020,Japan_0066
RDD2020_Japan_Japan_006651.jpg,train,alligator_crack,RDD2020,Japan_0066
RDD2020_Japan_Japan_006658.jpg,train,alligator_crack,RDD2020,Japan_0066
RDD2020_Japan_Japan_006665.jpg,train,alligator_crack,RDD2020,Japan_0066
RDD2020_Japan_Japan_006667.jpg,train,alligator_crack,RDD2020,Japan_0066
RDD2020_Japan_Japan_006670.jpg,train,alligator_crack,RDD2020,Japan_0066
RDD2020_Japan_Japan_006674.jpg,train,alligator_crack,RDD2020,Japan_0066
RDD2020_Japan_Japan_006675.jpg,train,both,RDD2020,Japan_0066
RDD2020_Japan_Japan_006676.jpg,train,alligator_crack,RDD2020,Japan_0066
RDD2020_Japan_Japan_006677.jpg,train,alligator_crack,RDD2020,Japan_0066
RDD2020_Japan_Japan_006678.jpg,train,both,RDD2020,Japan_0066
RDD2020_Japan_Japan_006679.jpg,train,alligator_crack,RDD2020,Japan_0066
RDD2020_Japan_Japan_006681.jpg,train,alligator_crack,RDD2020,Japan_0066
RDD2020_Japan_Japan_006684.jpg,train,alligator_crack,RDD2020,Japan_0066
RDD2020_Japan_Japan_006688.jpg,train,alligator_crack,RDD2020,Japan_0066
RDD2020_Japan_Japan_006689.jpg,train,pothole,RDD2020,Japan_0066
RDD2020_Japan_Japan_006690.jpg,train,alligator_crack,RDD2020,Japan_0066
RDD2020_Japan_Japan_006693.jpg,train,alligator_crack,RDD2020,Japan_0066
RDD2020_Japan_Japan_006698.jpg,train,alligator_crack,RDD2020,Japan_0066
RDD2020_Japan_Japan_006699.jpg,train,both,RDD2020,Japan_0066
RDD2020_Japan_Japan_007500.jpg,val,alligator_crack,RDD2020,Japan_0075
RDD2020_Japan_Japan_007502.jpg,val,alligator_crack,RDD2020,Japan_0075
RDD2020_Japan_Japan_007503.jpg,val,both,RDD2020,Japan_0075
RDD2020_Japan_Japan_007504.jpg,val,both,RDD2020,Japan_0075
RDD2020_Japan_Japan_007505.jpg,val,alligator_crack,RDD2020,Japan_0075
RDD2020_Japan_Japan_007506.jpg,val,both,RDD2020,Japan_0075
RDD2020_Japan_Japan_007508.jpg,val,alligator_crack,RDD2020,Japan_0075
RDD2020_Japan_Japan_007509.jpg,val,alligator_crack,RDD2020,Japan_0075
RDD2020_Japan_Japan_007510.jpg,val,alligator_crack,RDD2020,Japan_0075
RDD2020_Japan_Japan_007514.jpg,val,alligator_crack,RDD2020,Japan_0075
RDD2020_Japan_Japan_007516.jpg,val,both,RDD2020,Japan_0075
RDD2020_Japan_Japan_007519.jpg,val,alligator_crack,RDD2020,Japan_0075
RDD2020_Japan_Japan_007521.jpg,val,alligator_crack,RDD2020,Japan_0075
RDD2020_Japan_Japan_007525.jpg,val,alligator_crack,RDD2020,Japan_0075
RDD2020_Japan_Japan_007526.jpg,val,alligator_crack,RDD2020,Japan_0075
RDD2020_Japan_Japan_007527.jpg,val,alligator_crack,RDD2020,Japan_0075
RDD2020_Japan_Japan_007529.jpg,val,alligator_crack,RDD2020,Japan_0075
RDD2020_Japan_Japan_007535.jpg,val,alligator_crack,RDD2020,Japan_0075
RDD2020_Japan_Japan_007536.jpg,val,alligator_crack,RDD2020,Japan_0075
RDD2020_Japan_Japan_007537.jpg,val,alligator_crack,RDD2020,Japan_0075
RDD2020_Japan_Japan_007539.jpg,val,alligator_crack,RDD2020,Japan_0075
RDD2020_Japan_Japan_007540.jpg,val,both,RDD2020,Japan_0075
RDD2020_Japan_Japan_007544.jpg,val,alligator_crack,RDD2020,Japan_0075
RDD2020_Japan_Japan_007546.jpg,val,alligator_crack,RDD2020,Japan_0075
RDD2020_Japan_Japan_007549.jpg,val,alligator_crack,RDD2020,Japan_0075
RDD2020_Japan_Japan_007550.jpg,val,pothole,RDD2020,Japan_0075
RDD2020_Japan_Japan_007552.jpg,val,pothole,RDD2020,Japan_0075
RDD2020_Japan_Japan_007555.jpg,val,alligator_crack,RDD2020,Japan_0075
RDD2020_Japan_Japan_007556.jpg,val,alligator_crack,RDD2020,Japan_0075
RDD2020_Japan_Japan_007557.jpg,val,both,RDD2020,Japan_0075
RDD2020_Japan_Japan_007561.jpg,val,alligator_crack,RDD2020,Japan_0075
RDD2020_Japan_Japan_007563.jpg,val,pothole,RDD2020,Japan_0075
RDD2020_Japan_Japan_007564.jpg,val,alligator_crack,RDD2020,Japan_0075
RDD2020_Japan_Japan_007567.jpg,val,alligator_crack,RDD2020,Japan_0075
RDD2020_Japan_Japan_007576.jpg,val,alligator_crack,RDD2020,Japan_0075
RDD2020_Japan_Japan_007579.jpg,val,both,RDD2020,Japan_0075
RDD2020_Japan_Japan_007580.jpg,val,alligator_crack,RDD2020,Japan_0075
RDD2020_Japan_Japan_007583.jpg,val,alligator_crack,RDD2020,Japan_0075
RDD2020_Japan_Japan_007584.jpg,val,alligator_crack,RDD2020,Japan_0075
RDD2020_Japan_Japan_007586.jpg,val,alligator_crack,RDD2020,Japan_0075
RDD2020_Japan_Japan_007587.jpg,val,alligator_crack,RDD2020,Japan_0075
RDD2020_Japan_Japan_007592.jpg,val,alligator_crack,RDD2020,Japan_0075
RDD2020_Japan_Japan_007595.jpg,val,alligator_crack,RDD2020,Japan_0075
RDD2020_Japan_Japan_007598.jpg,val,alligator_crack,RDD2020,Japan_0075
RDD2020_Czech_Czech_001917.jpg,val,pothole,RDD2020,Czech_0019
RDD2020_Czech_Czech_001940.jpg,val,pothole,RDD2020,Czech_0019
RDD2020_Czech_Czech_001947.jpg,val,pothole,RDD2020,Czech_0019
RDD2020_Czech_Czech_001948.jpg,val,pothole,RDD2020,Czech_0019
RDD2020_Czech_Czech_001953.jpg,val,pothole,RDD2020,Czech_0019
RDD2020_Czech_Czech_001956.jpg,val,both,RDD2020,Czech_0019
RDD2020_Czech_Czech_001983.jpg,val,alligator_crack,RDD2020,Czech_0019
RDD2020_India_India_006808.jpg,val,pothole,RDD2020,India_0068
RDD2020_India_India_006811.jpg,val,alligator_crack,RDD2020,India_0068
RDD2020_India_India_006815.jpg,val,alligator_crack,RDD2020,India_0068
RDD2020_India_India_006817.jpg,val,alligator_crack,RDD2020,India_0068
RDD2020_India_India_006820.jpg,val,alligator_crack,RDD2020,India_0068
RDD2020_India_India_006822.jpg,val,alligator_crack,RDD2020,India_0068
RDD2020_India_India_006823.jpg,val,alligator_crack,RDD2020,India_0068
RDD2020_India_India_006825.jpg,val,alligator_crack,RDD2020,India_0068
RDD2020_India_India_006831.jpg,val,alligator_crack,RDD2020,India_0068
RDD2020_India_India_006832.jpg,val,alligator_crack,RDD2020,India_0068
RDD2020_India_India_006839.jpg,val,alligator_crack,RDD2020,India_0068
RDD2020_India_India_006843.jpg,val,alligator_crack,RDD2020,India_0068
RDD2020_India_India_006845.jpg,val,pothole,RDD2020,India_0068
RDD2020_India_India_006847.jpg,val,pothole,RDD2020,India_0068
RDD2020_India_India_006850.jpg,val,alligator_crack,RDD2020,India_0068
RDD2020_India_India_006851.jpg,val,pothole,RDD2020,India_0068
RDD2020_India_India_006862.jpg,val,both,RDD2020,India_0068
RDD2020_India_India_006863.jpg,val,alligator_crack,RDD2020,India_0068
RDD2020_India_India_006873.jpg,val,both,RDD2020,India_0068
RDD2020_India_India_006874.jpg,val,both,RDD2020,India_0068
RDD2020_India_India_006876.jpg,val,alligator_crack,RDD2020,India_0068
RDD2020_India_India_006882.jpg,val,alligator_crack,RDD2020,India_0068
RDD2020_India_India_006883.jpg,val,pothole,RDD2020,India_0068
RDD2020_India_India_006885.jpg,val,alligator_crack,RDD2020,India_0068
RDD2020_India_India_006889.jpg,val,both,RDD2020,India_0068
RDD2020_India_India_006896.jpg,val,pothole,RDD2020,India_0068
RDD2020_Japan_Japan_007200.jpg,val,alligator_crack,RDD2020,Japan_0072
RDD2020_Japan_Japan_007204.jpg,val,alligator_crack,RDD2020,Japan_0072
RDD2020_Japan_Japan_007207.jpg,val,alligator_crack,RDD2020,Japan_0072
RDD2020_Japan_Japan_007208.jpg,val,alligator_crack,RDD2020,Japan_0072
RDD2020_Japan_Japan_007209.jpg,val,both,RDD2020,Japan_0072
RDD2020_Japan_Japan_007210.jpg,val,alligator_crack,RDD2020,Japan_0072
RDD2020_Japan_Japan_007212.jpg,val,alligator_crack,RDD2020,Japan_0072
RDD2020_Japan_Japan_007213.jpg,val,both,RDD2020,Japan_0072
RDD2020_Japan_Japan_007214.jpg,val,alligator_crack,RDD2020,Japan_0072
RDD2020_Japan_Japan_007220.jpg,val,alligator_crack,RDD2020,Japan_0072
RDD2020_Japan_Japan_007222.jpg,val,alligator_crack,RDD2020,Japan_0072
RDD2020_Japan_Japan_007225.jpg,val,alligator_crack,RDD2020,Japan_0072
RDD2020_Japan_Japan_007227.jpg,val,alligator_crack,RDD2020,Japan_0072
RDD2020_Japan_Japan_007228.jpg,val,alligator_crack,RDD2020,Japan_0072
RDD2020_Japan_Japan_007229.jpg,val,alligator_crack,RDD2020,Japan_0072
RDD2020_Japan_Japan_007232.jpg,val,both,RDD2020,Japan_0072
RDD2020_Japan_Japan_007233.jpg,val,both,RDD2020,Japan_0072
RDD2020_Japan_Japan_007236.jpg,val,alligator_crack,RDD2020,Japan_0072
RDD2020_Japan_Japan_007237.jpg,val,pothole,RDD2020,Japan_0072
RDD2020_Japan_Japan_007241.jpg,val,alligator_crack,RDD2020,Japan_0072
RDD2020_Japan_Japan_007242.jpg,val,alligator_crack,RDD2020,Japan_0072
RDD2020_Japan_Japan_007245.jpg,val,alligator_crack,RDD2020,Japan_0072
RDD2020_Japan_Japan_007247.jpg,val,alligator_crack,RDD2020,Japan_0072
RDD2020_Japan_Japan_007249.jpg,val,alligator_crack,RDD2020,Japan_0072
RDD2020_Japan_Japan_007250.jpg,val,both,RDD2020,Japan_0072
RDD2020_Japan_Japan_007252.jpg,val,alligator_crack,RDD2020,Japan_0072
RDD2020_Japan_Japan_007253.jpg,val,alligator_crack,RDD2020,Japan_0072
RDD2020_Japan_Japan_007256.jpg,val,alligator_crack,RDD2020,Japan_0072
RDD2020_Japan_Japan_007259.jpg,val,alligator_crack,RDD2020,Japan_0072
RDD2020_Japan_Japan_007261.jpg,val,alligator_crack,RDD2020,Japan_0072
RDD2020_Japan_Japan_007263.jpg,val,both,RDD2020,Japan_0072
RDD2020_Japan_Japan_007265.jpg,val,alligator_crack,RDD2020,Japan_0072
RDD2020_Japan_Japan_007266.jpg,val,alligator_crack,RDD2020,Japan_0072
RDD2020_Japan_Japan_007267.jpg,val,alligator_crack,RDD2020,Japan_0072
RDD2020_Japan_Japan_007268.jpg,val,alligator_crack,RDD2020,Japan_0072
RDD2020_Japan_Japan_007271.jpg,val,alligator_crack,RDD2020,Japan_0072
RDD2020_Japan_Japan_007272.jpg,val,both,RDD2020,Japan_0072
RDD2020_Japan_Japan_007276.jpg,val,alligator_crack,RDD2020,Japan_0072
RDD2020_Japan_Japan_007277.jpg,val,alligator_crack,RDD2020,Japan_0072
RDD2020_Japan_Japan_007279.jpg,val,pothole,RDD2020,Japan_0072
RDD2020_Japan_Japan_007280.jpg,val,pothole,RDD2020,Japan_0072
RDD2020_Japan_Japan_007283.jpg,val,alligator_crack,RDD2020,Japan_0072
RDD2020_Japan_Japan_007286.jpg,val,alligator_crack,RDD2020,Japan_0072
RDD2020_Japan_Japan_007287.jpg,val,alligator_crack,RDD2020,Japan_0072
RDD2020_Japan_Japan_007292.jpg,val,alligator_crack,RDD2020,Japan_0072
RDD2020_Japan_Japan_007293.jpg,val,alligator_crack,RDD2020,Japan_0072
RDD2020_Japan_Japan_007296.jpg,val,alligator_crack,RDD2020,Japan_0072
RDD2020_Japan_Japan_007297.jpg,val,both,RDD2020,Japan_0072
RDD2020_Japan_Japan_007298.jpg,val,both,RDD2020,Japan_0072
RDD2020_Japan_Japan_007299.jpg,val,alligator_crack,RDD2020,Japan_0072
RDD2020_India_India_005302.jpg,val,alligator_crack,RDD2020,India_0053
RDD2020_India_India_005305.jpg,val,pothole,RDD2020,India_0053
RDD2020_India_India_005310.jpg,val,alligator_crack,RDD2020,India_0053
RDD2020_India_India_005314.jpg,val,both,RDD2020,India_0053
RDD2020_India_India_005316.jpg,val,alligator_crack,RDD2020,India_0053
RDD2020_India_India_005324.jpg,val,alligator_crack,RDD2020,India_0053
RDD2020_India_India_005337.jpg,val,pothole,RDD2020,India_0053
RDD2020_India_India_005343.jpg,val,pothole,RDD2020,India_0053
RDD2020_India_India_005346.jpg,val,alligator_crack,RDD2020,India_0053
RDD2020_India_India_005348.jpg,val,pothole,RDD2020,India_0053
RDD2020_India_India_005350.jpg,val,both,RDD2020,India_0053
RDD2020_India_India_005351.jpg,val,pothole,RDD2020,India_0053
RDD2020_India_India_005361.jpg,val,alligator_crack,RDD2020,India_0053
RDD2020_India_India_005369.jpg,val,alligator_crack,RDD2020,India_0053
RDD2020_India_India_005372.jpg,val,pothole,RDD2020,India_0053
RDD2020_India_India_005373.jpg,val,pothole,RDD2020,India_0053
RDD2020_India_India_005374.jpg,val,alligator_crack,RDD2020,India_0053
RDD2020_India_India_005376.jpg,val,alligator_crack,RDD2020,India_0053
RDD2020_India_India_005389.jpg,val,alligator_crack,RDD2020,India_0053
RDD2020_India_India_005393.jpg,val,alligator_crack,RDD2020,India_0053
RDD2020_India_India_005394.jpg,val,alligator_crack,RDD2020,India_0053
RDD2020_India_India_005397.jpg,val,pothole,RDD2020,India_0053
RDD2020_India_India_005398.jpg,val,alligator_crack,RDD2020,India_0053
RDD2020_India_India_005399.jpg,val,both,RDD2020,India_0053
RDD2020_India_India_009000.jpg,val,alligator_crack,RDD2020,India_0090
RDD2020_India_India_009001.jpg,val,both,RDD2020,India_0090
RDD2020_India_India_009004.jpg,val,alligator_crack,RDD2020,India_0090
RDD2020_India_India_009009.jpg,val,both,RDD2020,India_0090
RDD2020_India_India_009010.jpg,val,alligator_crack,RDD2020,India_0090
RDD2020_India_India_009011.jpg,val,pothole,RDD2020,India_0090
RDD2020_India_India_009013.jpg,val,both,RDD2020,India_0090
RDD2020_India_India_009017.jpg,val,pothole,RDD2020,India_0090
RDD2020_India_India_009018.jpg,val,alligator_crack,RDD2020,India_0090
RDD2020_India_India_009023.jpg,val,pothole,RDD2020,India_0090
RDD2020_India_India_009029.jpg,val,alligator_crack,RDD2020,India_0090
RDD2020_India_India_009038.jpg,val,alligator_crack,RDD2020,India_0090
RDD2020_India_India_009039.jpg,val,alligator_crack,RDD2020,India_0090
RDD2020_India_India_009041.jpg,val,both,RDD2020,India_0090
RDD2020_India_India_009046.jpg,val,alligator_crack,RDD2020,India_0090
RDD2020_India_India_009051.jpg,val,both,RDD2020,India_0090
RDD2020_India_India_009054.jpg,val,pothole,RDD2020,India_0090
RDD2020_India_India_009055.jpg,val,alligator_crack,RDD2020,India_0090
RDD2020_India_India_009063.jpg,val,alligator_crack,RDD2020,India_0090
RDD2020_India_India_009064.jpg,val,alligator_crack,RDD2020,India_0090
RDD2020_India_India_009065.jpg,val,pothole,RDD2020,India_0090
RDD2020_India_India_009066.jpg,val,alligator_crack,RDD2020,India_0090
RDD2020_India_India_009068.jpg,val,alligator_crack,RDD2020,India_0090
RDD2020_India_India_009071.jpg,val,pothole,RDD2020,India_0090
RDD2020_India_India_009075.jpg,val,alligator_crack,RDD2020,India_0090
RDD2020_India_India_009077.jpg,val,alligator_crack,RDD2020,India_0090
RDD2020_India_India_009080.jpg,val,pothole,RDD2020,India_0090
RDD2020_India_India_009096.jpg,val,alligator_crack,RDD2020,India_0090
RDD2020_India_India_009097.jpg,val,both,RDD2020,India_0090
RDD2020_India_India_009406.jpg,val,pothole,RDD2020,India_0094
RDD2020_India_India_009415.jpg,val,pothole,RDD2020,India_0094
RDD2020_India_India_009419.jpg,val,alligator_crack,RDD2020,India_0094
RDD2020_India_India_009421.jpg,val,alligator_crack,RDD2020,India_0094
RDD2020_India_India_009423.jpg,val,alligator_crack,RDD2020,India_0094
RDD2020_India_India_009426.jpg,val,pothole,RDD2020,India_0094
RDD2020_India_India_009428.jpg,val,alligator_crack,RDD2020,India_0094
RDD2020_India_India_009429.jpg,val,alligator_crack,RDD2020,India_0094
RDD2020_India_India_009430.jpg,val,both,RDD2020,India_0094
RDD2020_India_India_009433.jpg,val,alligator_crack,RDD2020,India_0094
RDD2020_India_India_009435.jpg,val,both,RDD2020,India_0094
RDD2020_India_India_009439.jpg,val,alligator_crack,RDD2020,India_0094
RDD2020_India_India_009441.jpg,val,pothole,RDD2020,India_0094
RDD2020_India_India_009442.jpg,val,alligator_crack,RDD2020,India_0094
RDD2020_India_India_009445.jpg,val,alligator_crack,RDD2020,India_0094
RDD2020_India_India_009447.jpg,val,alligator_crack,RDD2020,India_0094
RDD2020_India_India_009448.jpg,val,pothole,RDD2020,India_0094
RDD2020_India_India_009451.jpg,val,alligator_crack,RDD2020,India_0094
RDD2020_India_India_009455.jpg,val,pothole,RDD2020,India_0094
RDD2020_India_India_009458.jpg,val,both,RDD2020,India_0094
RDD2020_India_India_009465.jpg,val,alligator_crack,RDD2020,India_0094
RDD2020_India_India_009478.jpg,val,both,RDD2020,India_0094
RDD2020_India_India_009486.jpg,val,alligator_crack,RDD2020,India_0094
RDD2020_India_India_004100.jpg,val,pothole,RDD2020,India_0041
RDD2020_India_India_004101.jpg,val,alligator_crack,RDD2020,India_0041
RDD2020_India_India_004102.jpg,val,alligator_crack,RDD2020,India_0041
RDD2020_India_India_004104.jpg,val,pothole,RDD2020,India_0041
RDD2020_India_India_004107.jpg,val,pothole,RDD2020,India_0041
RDD2020_India_India_004108.jpg,val,pothole,RDD2020,India_0041
RDD2020_India_India_004109.jpg,val,alligator_crack,RDD2020,India_0041
RDD2020_India_India_004110.jpg,val,pothole,RDD2020,India_0041
RDD2020_India_India_004116.jpg,val,pothole,RDD2020,India_0041
RDD2020_India_India_004120.jpg,val,alligator_crack,RDD2020,India_0041
RDD2020_India_India_004121.jpg,val,both,RDD2020,India_0041
RDD2020_India_India_004126.jpg,val,both,RDD2020,India_0041
RDD2020_India_India_004132.jpg,val,both,RDD2020,India_0041
RDD2020_India_India_004133.jpg,val,pothole,RDD2020,India_0041
RDD2020_India_India_004134.jpg,val,alligator_crack,RDD2020,India_0041
RDD2020_India_India_004135.jpg,val,alligator_crack,RDD2020,India_0041
RDD2020_India_India_004136.jpg,val,both,RDD2020,India_0041
RDD2020_India_India_004138.jpg,val,alligator_crack,RDD2020,India_0041
RDD2020_India_India_004143.jpg,val,pothole,RDD2020,India_0041
RDD2020_India_India_004161.jpg,val,pothole,RDD2020,India_0041
RDD2020_India_India_004162.jpg,val,alligator_crack,RDD2020,India_0041
RDD2020_India_India_004176.jpg,val,pothole,RDD2020,India_0041
RDD2020_India_India_004178.jpg,val,pothole,RDD2020,India_0041
RDD2020_India_India_004181.jpg,val,pothole,RDD2020,India_0041
RDD2020_India_India_004183.jpg,val,alligator_crack,RDD2020,India_0041
RDD2020_India_India_004184.jpg,val,pothole,RDD2020,India_0041
RDD2020_India_India_004185.jpg,val,both,RDD2020,India_0041
RDD2020_India_India_004193.jpg,val,alligator_crack,RDD2020,India_0041
RDD2020_India_India_004196.jpg,val,pothole,RDD2020,India_0041
RDD2020_India_India_004199.jpg,val,alligator_crack,RDD2020,India_0041
RDD2020_India_India_009303.jpg,val,pothole,RDD2020,India_0093
RDD2020_India_India_009304.jpg,val,alligator_crack,RDD2020,India_0093
RDD2020_India_India_009311.jpg,val,pothole,RDD2020,India_0093
RDD2020_India_India_009317.jpg,val,both,RDD2020,India_0093
RDD2020_India_India_009318.jpg,val,both,RDD2020,India_0093
RDD2020_India_India_009329.jpg,val,pothole,RDD2020,India_0093
RDD2020_India_India_009335.jpg,val,alligator_crack,RDD2020,India_0093
RDD2020_India_India_009337.jpg,val,pothole,RDD2020,India_0093
RDD2020_India_India_009338.jpg,val,alligator_crack,RDD2020,India_0093
RDD2020_India_India_009339.jpg,val,both,RDD2020,India_0093
RDD2020_India_India_009340.jpg,val,alligator_crack,RDD2020,India_0093
RDD2020_India_India_009346.jpg,val,pothole,RDD2020,India_0093
RDD2020_India_India_009348.jpg,val,pothole,RDD2020,India_0093
RDD2020_India_India_009349.jpg,val,alligator_crack,RDD2020,India_0093
RDD2020_India_India_009358.jpg,val,alligator_crack,RDD2020,India_0093
RDD2020_India_India_009359.jpg,val,pothole,RDD2020,India_0093
RDD2020_India_India_009370.jpg,val,alligator_crack,RDD2020,India_0093
RDD2020_India_India_009373.jpg,val,alligator_crack,RDD2020,India_0093
RDD2020_India_India_009376.jpg,val,both,RDD2020,India_0093
RDD2020_India_India_009377.jpg,val,pothole,RDD2020,India_0093
RDD2020_India_India_009380.jpg,val,pothole,RDD2020,India_0093
RDD2020_India_India_009381.jpg,val,pothole,RDD2020,India_0093
RDD2020_India_India_009385.jpg,val,alligator_crack,RDD2020,India_0093
RDD2020_India_India_009389.jpg,val,pothole,RDD2020,India_0093
RDD2020_India_India_009391.jpg,val,pothole,RDD2020,India_0093
RDD2020_India_India_009392.jpg,val,both,RDD2020,India_0093
RDD2020_India_India_009394.jpg,val,alligator_crack,RDD2020,India_0093
RDD2020_India_India_009397.jpg,val,pothole,RDD2020,India_0093
RDD2020_Japan_Japan_006300.jpg,val,pothole,RDD2020,Japan_0063
RDD2020_Japan_Japan_006302.jpg,val,alligator_crack,RDD2020,Japan_0063
RDD2020_Japan_Japan_006305.jpg,val,alligator_crack,RDD2020,Japan_0063
RDD2020_Japan_Japan_006307.jpg,val,alligator_crack,RDD2020,Japan_0063
RDD2020_Japan_Japan_006311.jpg,val,alligator_crack,RDD2020,Japan_0063
RDD2020_Japan_Japan_006312.jpg,val,alligator_crack,RDD2020,Japan_0063
RDD2020_Japan_Japan_006318.jpg,val,both,RDD2020,Japan_0063
RDD2020_Japan_Japan_006323.jpg,val,alligator_crack,RDD2020,Japan_0063
RDD2020_Japan_Japan_006324.jpg,val,pothole,RDD2020,Japan_0063
RDD2020_Japan_Japan_006325.jpg,val,alligator_crack,RDD2020,Japan_0063
RDD2020_Japan_Japan_006326.jpg,val,alligator_crack,RDD2020,Japan_0063
RDD2020_Japan_Japan_006331.jpg,val,pothole,RDD2020,Japan_0063
RDD2020_Japan_Japan_006332.jpg,val,both,RDD2020,Japan_0063
RDD2020_Japan_Japan_006334.jpg,val,alligator_crack,RDD2020,Japan_0063
RDD2020_Japan_Japan_006335.jpg,val,alligator_crack,RDD2020,Japan_0063
RDD2020_Japan_Japan_006336.jpg,val,alligator_crack,RDD2020,Japan_0063
RDD2020_Japan_Japan_006338.jpg,val,alligator_crack,RDD2020,Japan_0063
RDD2020_Japan_Japan_006345.jpg,val,both,RDD2020,Japan_0063
RDD2020_Japan_Japan_006347.jpg,val,alligator_crack,RDD2020,Japan_0063
RDD2020_Japan_Japan_006348.jpg,val,alligator_crack,RDD2020,Japan_0063
RDD2020_Japan_Japan_006349.jpg,val,alligator_crack,RDD2020,Japan_0063
RDD2020_Japan_Japan_006352.jpg,val,alligator_crack,RDD2020,Japan_0063
RDD2020_Japan_Japan_006353.jpg,val,alligator_crack,RDD2020,Japan_0063
RDD2020_Japan_Japan_006354.jpg,val,pothole,RDD2020,Japan_0063
RDD2020_Japan_Japan_006356.jpg,val,alligator_crack,RDD2020,Japan_0063
RDD2020_Japan_Japan_006357.jpg,val,alligator_crack,RDD2020,Japan_0063
RDD2020_Japan_Japan_006358.jpg,val,alligator_crack,RDD2020,Japan_0063
RDD2020_Japan_Japan_006360.jpg,val,alligator_crack,RDD2020,Japan_0063
RDD2020_Japan_Japan_006361.jpg,val,alligator_crack,RDD2020,Japan_0063
RDD2020_Japan_Japan_006362.jpg,val,alligator_crack,RDD2020,Japan_0063
RDD2020_Japan_Japan_006364.jpg,val,alligator_crack,RDD2020,Japan_0063
RDD2020_Japan_Japan_006369.jpg,val,alligator_crack,RDD2020,Japan_0063
RDD2020_Japan_Japan_006372.jpg,val,alligator_crack,RDD2020,Japan_0063
RDD2020_Japan_Japan_006377.jpg,val,both,RDD2020,Japan_0063
RDD2020_Japan_Japan_006380.jpg,val,alligator_crack,RDD2020,Japan_0063
RDD2020_Japan_Japan_006381.jpg,val,both,RDD2020,Japan_0063
RDD2020_Japan_Japan_006384.jpg,val,pothole,RDD2020,Japan_0063
RDD2020_Japan_Japan_006385.jpg,val,alligator_crack,RDD2020,Japan_0063
RDD2020_Japan_Japan_006386.jpg,val,alligator_crack,RDD2020,Japan_0063
RDD2020_Japan_Japan_006387.jpg,val,alligator_crack,RDD2020,Japan_0063
RDD2020_Japan_Japan_006388.jpg,val,alligator_crack,RDD2020,Japan_0063
RDD2020_Japan_Japan_006391.jpg,val,alligator_crack,RDD2020,Japan_0063
RDD2020_Japan_Japan_006393.jpg,val,both,RDD2020,Japan_0063
RDD2020_Japan_Japan_006394.jpg,val,alligator_crack,RDD2020,Japan_0063
RDD2020_Japan_Japan_001700.jpg,val,alligator_crack,RDD2020,Japan_0017
RDD2020_Japan_Japan_001704.jpg,val,alligator_crack,RDD2020,Japan_0017
RDD2020_Japan_Japan_001706.jpg,val,alligator_crack,RDD2020,Japan_0017
RDD2020_Japan_Japan_001708.jpg,val,alligator_crack,RDD2020,Japan_0017
RDD2020_Japan_Japan_001710.jpg,val,both,RDD2020,Japan_0017
RDD2020_Japan_Japan_001713.jpg,val,alligator_crack,RDD2020,Japan_0017
RDD2020_Japan_Japan_001717.jpg,val,alligator_crack,RDD2020,Japan_0017
RDD2020_Japan_Japan_001724.jpg,val,pothole,RDD2020,Japan_0017
RDD2020_Japan_Japan_001725.jpg,val,both,RDD2020,Japan_0017
RDD2020_Japan_Japan_001728.jpg,val,alligator_crack,RDD2020,Japan_0017
RDD2020_Japan_Japan_001729.jpg,val,alligator_crack,RDD2020,Japan_0017
RDD2020_Japan_Japan_001730.jpg,val,alligator_crack,RDD2020,Japan_0017
RDD2020_Japan_Japan_001734.jpg,val,alligator_crack,RDD2020,Japan_0017
RDD2020_Japan_Japan_001736.jpg,val,alligator_crack,RDD2020,Japan_0017
RDD2020_Japan_Japan_001739.jpg,val,pothole,RDD2020,Japan_0017
RDD2020_Japan_Japan_001740.jpg,val,alligator_crack,RDD2020,Japan_0017
RDD2020_Japan_Japan_001741.jpg,val,alligator_crack,RDD2020,Japan_0017
RDD2020_Japan_Japan_001743.jpg,val,alligator_crack,RDD2020,Japan_0017
RDD2020_Japan_Japan_001744.jpg,val,both,RDD2020,Japan_0017
RDD2020_Japan_Japan_001746.jpg,val,alligator_crack,RDD2020,Japan_0017
RDD2020_Japan_Japan_001748.jpg,val,alligator_crack,RDD2020,Japan_0017
RDD2020_Japan_Japan_001749.jpg,val,pothole,RDD2020,Japan_0017
RDD2020_Japan_Japan_001750.jpg,val,alligator_crack,RDD2020,Japan_0017
RDD2020_Japan_Japan_001758.jpg,val,both,RDD2020,Japan_0017
RDD2020_Japan_Japan_001760.jpg,val,alligator_crack,RDD2020,Japan_0017
RDD2020_Japan_Japan_001761.jpg,val,alligator_crack,RDD2020,Japan_0017
RDD2020_Japan_Japan_001763.jpg,val,alligator_crack,RDD2020,Japan_0017
RDD2020_Japan_Japan_001764.jpg,val,alligator_crack,RDD2020,Japan_0017
RDD2020_Japan_Japan_001765.jpg,val,both,RDD2020,Japan_0017
RDD2020_Japan_Japan_001771.jpg,val,alligator_crack,RDD2020,Japan_0017
RDD2020_Japan_Japan_001772.jpg,val,alligator_crack,RDD2020,Japan_0017
RDD2020_Japan_Japan_001773.jpg,val,alligator_crack,RDD2020,Japan_0017
RDD2020_Japan_Japan_001777.jpg,val,alligator_crack,RDD2020,Japan_0017
RDD2020_Japan_Japan_001779.jpg,val,alligator_crack,RDD2020,Japan_0017
RDD2020_Japan_Japan_001782.jpg,val,alligator_crack,RDD2020,Japan_0017
RDD2020_Japan_Japan_001783.jpg,val,alligator_crack,RDD2020,Japan_0017
RDD2020_Japan_Japan_001784.jpg,val,alligator_crack,RDD2020,Japan_0017
RDD2020_Japan_Japan_001791.jpg,val,pothole,RDD2020,Japan_0017
RDD2020_Japan_Japan_001793.jpg,val,both,RDD2020,Japan_0017
RDD2020_Japan_Japan_001796.jpg,val,alligator_crack,RDD2020,Japan_0017
RDD2020_Japan_Japan_001799.jpg,val,alligator_crack,RDD2020,Japan_0017
RDD2020_Czech_Czech_000300.jpg,val,negative_background,RDD2020,Czech_0003
RDD2020_Czech_Czech_000301.jpg,val,negative_background,RDD2020,Czech_0003
RDD2020_Czech_Czech_000302.jpg,val,pothole,RDD2020,Czech_0003
RDD2020_Czech_Czech_000303.jpg,val,negative_background,RDD2020,Czech_0003
RDD2020_Czech_Czech_000305.jpg,val,negative_background,RDD2020,Czech_0003
RDD2020_Czech_Czech_000306.jpg,val,negative_background,RDD2020,Czech_0003
RDD2020_Czech_Czech_000307.jpg,val,negative_background,RDD2020,Czech_0003
RDD2020_Czech_Czech_000308.jpg,val,negative_background,RDD2020,Czech_0003
RDD2020_Czech_Czech_000309.jpg,val,negative_background,RDD2020,Czech_0003
RDD2020_Czech_Czech_000310.jpg,val,negative_background,RDD2020,Czech_0003
RDD2020_Czech_Czech_000311.jpg,val,negative_background,RDD2020,Czech_0003
RDD2020_Czech_Czech_000312.jpg,val,negative_background,RDD2020,Czech_0003
RDD2020_Czech_Czech_000313.jpg,val,negative_background,RDD2020,Czech_0003
RDD2020_Czech_Czech_000314.jpg,val,negative_background,RDD2020,Czech_0003
RDD2020_Czech_Czech_000315.jpg,val,negative_background,RDD2020,Czech_0003
RDD2020_Czech_Czech_000318.jpg,val,negative_background,RDD2020,Czech_0003
RDD2020_Czech_Czech_000322.jpg,val,negative_background,RDD2020,Czech_0003
RDD2020_Czech_Czech_000325.jpg,val,negative_background,RDD2020,Czech_0003
RDD2020_Czech_Czech_000326.jpg,val,negative_background,RDD2020,Czech_0003
RDD2020_Czech_Czech_000327.jpg,val,negative_background,RDD2020,Czech_0003
RDD2020_Czech_Czech_000329.jpg,val,negative_background,RDD2020,Czech_0003
RDD2020_Czech_Czech_000330.jpg,val,negative_background,RDD2020,Czech_0003
RDD2020_Czech_Czech_000331.jpg,val,negative_background,RDD2020,Czech_0003
RDD2020_Czech_Czech_000332.jpg,val,negative_background,RDD2020,Czech_0003
RDD2020_Czech_Czech_000333.jpg,val,negative_background,RDD2020,Czech_0003
RDD2020_Czech_Czech_000334.jpg,val,negative_background,RDD2020,Czech_0003
RDD2020_Czech_Czech_000335.jpg,val,negative_background,RDD2020,Czech_0003
RDD2020_Czech_Czech_000336.jpg,val,negative_background,RDD2020,Czech_0003
RDD2020_Czech_Czech_000337.jpg,val,negative_background,RDD2020,Czech_0003
RDD2020_Czech_Czech_000338.jpg,val,negative_background,RDD2020,Czech_0003
RDD2020_Czech_Czech_000339.jpg,val,negative_background,RDD2020,Czech_0003
RDD2020_Czech_Czech_000341.jpg,val,pothole,RDD2020,Czech_0003
RDD2020_Czech_Czech_000343.jpg,val,pothole,RDD2020,Czech_0003
RDD2020_Czech_Czech_000344.jpg,val,negative_background,RDD2020,Czech_0003
RDD2020_Czech_Czech_000345.jpg,val,negative_background,RDD2020,Czech_0003
RDD2020_Czech_Czech_000346.jpg,val,negative_background,RDD2020,Czech_0003
RDD2020_Czech_Czech_000347.jpg,val,alligator_crack,RDD2020,Czech_0003
RDD2020_Czech_Czech_000349.jpg,val,negative_background,RDD2020,Czech_0003
RDD2020_Czech_Czech_000350.jpg,val,negative_background,RDD2020,Czech_0003
RDD2020_Czech_Czech_000351.jpg,val,negative_background,RDD2020,Czech_0003
RDD2020_Czech_Czech_000355.jpg,val,negative_background,RDD2020,Czech_0003
RDD2020_Czech_Czech_000356.jpg,val,negative_background,RDD2020,Czech_0003
RDD2020_Czech_Czech_000357.jpg,val,negative_background,RDD2020,Czech_0003
RDD2020_Czech_Czech_000358.jpg,val,alligator_crack,RDD2020,Czech_0003
RDD2020_Czech_Czech_000361.jpg,val,negative_background,RDD2020,Czech_0003
RDD2020_Czech_Czech_000363.jpg,val,negative_background,RDD2020,Czech_0003
RDD2020_Czech_Czech_000364.jpg,val,negative_background,RDD2020,Czech_0003
RDD2020_Czech_Czech_000365.jpg,val,negative_background,RDD2020,Czech_0003
RDD2020_Czech_Czech_000366.jpg,val,negative_background,RDD2020,Czech_0003
RDD2020_Czech_Czech_000367.jpg,val,negative_background,RDD2020,Czech_0003
RDD2020_Czech_Czech_000368.jpg,val,negative_background,RDD2020,Czech_0003
RDD2020_Czech_Czech_000369.jpg,val,negative_background,RDD2020,Czech_0003
RDD2020_Czech_Czech_000370.jpg,val,negative_background,RDD2020,Czech_0003
RDD2020_Czech_Czech_000371.jpg,val,negative_background,RDD2020,Czech_0003
RDD2020_Czech_Czech_000372.jpg,val,negative_background,RDD2020,Czech_0003
RDD2020_Czech_Czech_000373.jpg,val,negative_background,RDD2020,Czech_0003
RDD2020_Czech_Czech_000375.jpg,val,negative_background,RDD2020,Czech_0003
RDD2020_Czech_Czech_000378.jpg,val,negative_background,RDD2020,Czech_0003
RDD2020_Czech_Czech_000381.jpg,val,negative_background,RDD2020,Czech_0003
RDD2020_Czech_Czech_000382.jpg,val,negative_background,RDD2020,Czech_0003
RDD2020_Czech_Czech_000383.jpg,val,negative_background,RDD2020,Czech_0003
RDD2020_Czech_Czech_000384.jpg,val,negative_background,RDD2020,Czech_0003
RDD2020_Czech_Czech_000385.jpg,val,negative_background,RDD2020,Czech_0003
RDD2020_Czech_Czech_000386.jpg,val,negative_background,RDD2020,Czech_0003
RDD2020_Czech_Czech_000387.jpg,val,negative_background,RDD2020,Czech_0003
RDD2020_Czech_Czech_000389.jpg,val,negative_background,RDD2020,Czech_0003
RDD2020_Czech_Czech_000392.jpg,val,pothole,RDD2020,Czech_0003
RDD2020_Czech_Czech_000393.jpg,val,negative_background,RDD2020,Czech_0003
RDD2020_Czech_Czech_000395.jpg,val,pothole,RDD2020,Czech_0003
RDD2020_Czech_Czech_000398.jpg,val,negative_background,RDD2020,Czech_0003
RDD2020_Czech_Czech_000399.jpg,val,negative_background,RDD2020,Czech_0003
RDD2020_Japan_Japan_012801.jpg,val,both,RDD2020,Japan_0128
RDD2020_Japan_Japan_012804.jpg,val,alligator_crack,RDD2020,Japan_0128
RDD2020_Japan_Japan_012807.jpg,val,alligator_crack,RDD2020,Japan_0128
RDD2020_Japan_Japan_012810.jpg,val,alligator_crack,RDD2020,Japan_0128
RDD2020_Japan_Japan_012813.jpg,val,alligator_crack,RDD2020,Japan_0128
RDD2020_Japan_Japan_012815.jpg,val,alligator_crack,RDD2020,Japan_0128
RDD2020_Japan_Japan_012820.jpg,val,alligator_crack,RDD2020,Japan_0128
RDD2020_Japan_Japan_012824.jpg,val,alligator_crack,RDD2020,Japan_0128
RDD2020_Japan_Japan_012830.jpg,val,alligator_crack,RDD2020,Japan_0128
RDD2020_Japan_Japan_012839.jpg,val,both,RDD2020,Japan_0128
RDD2020_Japan_Japan_012841.jpg,val,alligator_crack,RDD2020,Japan_0128
RDD2020_Japan_Japan_012845.jpg,val,pothole,RDD2020,Japan_0128
RDD2020_Japan_Japan_012846.jpg,val,alligator_crack,RDD2020,Japan_0128
RDD2020_Japan_Japan_012848.jpg,val,both,RDD2020,Japan_0128
RDD2020_Japan_Japan_012851.jpg,val,alligator_crack,RDD2020,Japan_0128
RDD2020_Japan_Japan_012852.jpg,val,both,RDD2020,Japan_0128
RDD2020_Japan_Japan_012853.jpg,val,alligator_crack,RDD2020,Japan_0128
RDD2020_Japan_Japan_012854.jpg,val,alligator_crack,RDD2020,Japan_0128
RDD2020_Japan_Japan_012859.jpg,val,alligator_crack,RDD2020,Japan_0128
RDD2020_Japan_Japan_012860.jpg,val,alligator_crack,RDD2020,Japan_0128
RDD2020_Japan_Japan_012863.jpg,val,alligator_crack,RDD2020,Japan_0128
RDD2020_Japan_Japan_012864.jpg,val,alligator_crack,RDD2020,Japan_0128
RDD2020_Japan_Japan_012866.jpg,val,alligator_crack,RDD2020,Japan_0128
RDD2020_Japan_Japan_012871.jpg,val,alligator_crack,RDD2020,Japan_0128
RDD2020_Japan_Japan_012876.jpg,val,alligator_crack,RDD2020,Japan_0128
RDD2020_Japan_Japan_012878.jpg,val,alligator_crack,RDD2020,Japan_0128
RDD2020_Japan_Japan_012882.jpg,val,alligator_crack,RDD2020,Japan_0128
RDD2020_Japan_Japan_012888.jpg,val,both,RDD2020,Japan_0128
RDD2020_Japan_Japan_012899.jpg,val,pothole,RDD2020,Japan_0128
RDD2020_India_India_002509.jpg,val,both,RDD2020,India_0025
RDD2020_India_India_002512.jpg,val,alligator_crack,RDD2020,India_0025
RDD2020_India_India_002516.jpg,val,pothole,RDD2020,India_0025
RDD2020_India_India_002522.jpg,val,alligator_crack,RDD2020,India_0025
RDD2020_India_India_002523.jpg,val,pothole,RDD2020,India_0025
RDD2020_India_India_002544.jpg,val,alligator_crack,RDD2020,India_0025
RDD2020_India_India_002549.jpg,val,pothole,RDD2020,India_0025
RDD2020_India_India_002550.jpg,val,both,RDD2020,India_0025
RDD2020_India_India_002551.jpg,val,alligator_crack,RDD2020,India_0025
RDD2020_India_India_002553.jpg,val,both,RDD2020,India_0025
RDD2020_India_India_002558.jpg,val,alligator_crack,RDD2020,India_0025
RDD2020_India_India_002562.jpg,val,pothole,RDD2020,India_0025
RDD2020_India_India_002563.jpg,val,pothole,RDD2020,India_0025
RDD2020_India_India_002565.jpg,val,alligator_crack,RDD2020,India_0025
RDD2020_India_India_002566.jpg,val,alligator_crack,RDD2020,India_0025
RDD2020_India_India_002567.jpg,val,pothole,RDD2020,India_0025
RDD2020_India_India_002570.jpg,val,pothole,RDD2020,India_0025
RDD2020_India_India_002573.jpg,val,pothole,RDD2020,India_0025
RDD2020_India_India_002576.jpg,val,alligator_crack,RDD2020,India_0025
RDD2020_India_India_002582.jpg,val,alligator_crack,RDD2020,India_0025
RDD2020_India_India_002585.jpg,val,pothole,RDD2020,India_0025
RDD2020_India_India_002591.jpg,val,pothole,RDD2020,India_0025
RDD2020_India_India_002592.jpg,val,alligator_crack,RDD2020,India_0025
RDD2020_India_India_002593.jpg,val,pothole,RDD2020,India_0025
RDD2020_India_India_002594.jpg,val,both,RDD2020,India_0025
RDD2020_India_India_005900.jpg,val,pothole,RDD2020,India_0059
RDD2020_India_India_005905.jpg,val,alligator_crack,RDD2020,India_0059
RDD2020_India_India_005911.jpg,val,alligator_crack,RDD2020,India_0059
RDD2020_India_India_005916.jpg,val,alligator_crack,RDD2020,India_0059
RDD2020_India_India_005921.jpg,val,alligator_crack,RDD2020,India_0059
RDD2020_India_India_005926.jpg,val,alligator_crack,RDD2020,India_0059
RDD2020_India_India_005937.jpg,val,pothole,RDD2020,India_0059
RDD2020_India_India_005938.jpg,val,both,RDD2020,India_0059
RDD2020_India_India_005941.jpg,val,both,RDD2020,India_0059
RDD2020_India_India_005944.jpg,val,alligator_crack,RDD2020,India_0059
RDD2020_India_India_005948.jpg,val,alligator_crack,RDD2020,India_0059
RDD2020_India_India_005949.jpg,val,alligator_crack,RDD2020,India_0059
RDD2020_India_India_005954.jpg,val,alligator_crack,RDD2020,India_0059
RDD2020_India_India_005962.jpg,val,pothole,RDD2020,India_0059
RDD2020_India_India_005964.jpg,val,alligator_crack,RDD2020,India_0059
RDD2020_India_India_005968.jpg,val,both,RDD2020,India_0059
RDD2020_India_India_005970.jpg,val,alligator_crack,RDD2020,India_0059
RDD2020_India_India_005971.jpg,val,alligator_crack,RDD2020,India_0059
RDD2020_India_India_005974.jpg,val,alligator_crack,RDD2020,India_0059
RDD2020_India_India_005976.jpg,val,pothole,RDD2020,India_0059
RDD2020_India_India_005983.jpg,val,alligator_crack,RDD2020,India_0059
RDD2020_India_India_005988.jpg,val,alligator_crack,RDD2020,India_0059
RDD2020_India_India_005991.jpg,val,alligator_crack,RDD2020,India_0059
RDD2020_India_India_005993.jpg,val,both,RDD2020,India_0059
RDD2020_India_India_005994.jpg,val,alligator_crack,RDD2020,India_0059
RDD2020_India_India_005995.jpg,val,pothole,RDD2020,India_0059
RDD2020_India_India_005996.jpg,val,alligator_crack,RDD2020,India_0059
RDD2020_Japan_Japan_011401.jpg,val,alligator_crack,RDD2020,Japan_0114
RDD2020_Japan_Japan_011402.jpg,val,alligator_crack,RDD2020,Japan_0114
RDD2020_Japan_Japan_011403.jpg,val,alligator_crack,RDD2020,Japan_0114
RDD2020_Japan_Japan_011404.jpg,val,alligator_crack,RDD2020,Japan_0114
RDD2020_Japan_Japan_011405.jpg,val,alligator_crack,RDD2020,Japan_0114
RDD2020_Japan_Japan_011406.jpg,val,alligator_crack,RDD2020,Japan_0114
RDD2020_Japan_Japan_011407.jpg,val,alligator_crack,RDD2020,Japan_0114
RDD2020_Japan_Japan_011409.jpg,val,alligator_crack,RDD2020,Japan_0114
RDD2020_Japan_Japan_011410.jpg,val,alligator_crack,RDD2020,Japan_0114
RDD2020_Japan_Japan_011411.jpg,val,alligator_crack,RDD2020,Japan_0114
RDD2020_Japan_Japan_011412.jpg,val,alligator_crack,RDD2020,Japan_0114
RDD2020_Japan_Japan_011415.jpg,val,alligator_crack,RDD2020,Japan_0114
RDD2020_Japan_Japan_011417.jpg,val,both,RDD2020,Japan_0114
RDD2020_Japan_Japan_011419.jpg,val,both,RDD2020,Japan_0114
RDD2020_Japan_Japan_011424.jpg,val,alligator_crack,RDD2020,Japan_0114
RDD2020_Japan_Japan_011425.jpg,val,alligator_crack,RDD2020,Japan_0114
RDD2020_Japan_Japan_011427.jpg,val,pothole,RDD2020,Japan_0114
RDD2020_Japan_Japan_011428.jpg,val,alligator_crack,RDD2020,Japan_0114
RDD2020_Japan_Japan_011431.jpg,val,alligator_crack,RDD2020,Japan_0114
RDD2020_Japan_Japan_011433.jpg,val,alligator_crack,RDD2020,Japan_0114
RDD2020_Japan_Japan_011435.jpg,val,pothole,RDD2020,Japan_0114
RDD2020_Japan_Japan_011438.jpg,val,alligator_crack,RDD2020,Japan_0114
RDD2020_Japan_Japan_011439.jpg,val,alligator_crack,RDD2020,Japan_0114
RDD2020_Japan_Japan_011440.jpg,val,alligator_crack,RDD2020,Japan_0114
RDD2020_Japan_Japan_011445.jpg,val,alligator_crack,RDD2020,Japan_0114
RDD2020_Japan_Japan_011446.jpg,val,both,RDD2020,Japan_0114
RDD2020_Japan_Japan_011449.jpg,val,both,RDD2020,Japan_0114
RDD2020_Japan_Japan_011454.jpg,val,alligator_crack,RDD2020,Japan_0114
RDD2020_Japan_Japan_011458.jpg,val,alligator_crack,RDD2020,Japan_0114
RDD2020_Japan_Japan_011462.jpg,val,alligator_crack,RDD2020,Japan_0114
RDD2020_Japan_Japan_011463.jpg,val,alligator_crack,RDD2020,Japan_0114
RDD2020_Japan_Japan_011465.jpg,val,alligator_crack,RDD2020,Japan_0114
RDD2020_Japan_Japan_011466.jpg,val,alligator_crack,RDD2020,Japan_0114
RDD2020_Japan_Japan_011467.jpg,val,alligator_crack,RDD2020,Japan_0114
RDD2020_Japan_Japan_011470.jpg,val,pothole,RDD2020,Japan_0114
RDD2020_Japan_Japan_011471.jpg,val,alligator_crack,RDD2020,Japan_0114
RDD2020_Japan_Japan_011472.jpg,val,alligator_crack,RDD2020,Japan_0114
RDD2020_Japan_Japan_011475.jpg,val,alligator_crack,RDD2020,Japan_0114
RDD2020_Japan_Japan_011479.jpg,val,both,RDD2020,Japan_0114
RDD2020_Japan_Japan_011480.jpg,val,alligator_crack,RDD2020,Japan_0114
RDD2020_Japan_Japan_011481.jpg,val,alligator_crack,RDD2020,Japan_0114
RDD2020_Japan_Japan_011483.jpg,val,alligator_crack,RDD2020,Japan_0114
RDD2020_Japan_Japan_011486.jpg,val,alligator_crack,RDD2020,Japan_0114
RDD2020_Japan_Japan_011490.jpg,val,alligator_crack,RDD2020,Japan_0114
RDD2020_Japan_Japan_011492.jpg,val,alligator_crack,RDD2020,Japan_0114
RDD2020_Japan_Japan_011494.jpg,val,pothole,RDD2020,Japan_0114
RDD2020_Japan_Japan_011495.jpg,val,alligator_crack,RDD2020,Japan_0114
RDD2020_India_India_007402.jpg,val,alligator_crack,RDD2020,India_0074
RDD2020_India_India_007404.jpg,val,pothole,RDD2020,India_0074
RDD2020_India_India_007409.jpg,val,pothole,RDD2020,India_0074
RDD2020_India_India_007412.jpg,val,alligator_crack,RDD2020,India_0074
RDD2020_India_India_007417.jpg,val,alligator_crack,RDD2020,India_0074
RDD2020_India_India_007418.jpg,val,pothole,RDD2020,India_0074
RDD2020_India_India_007420.jpg,val,both,RDD2020,India_0074
RDD2020_India_India_007422.jpg,val,pothole,RDD2020,India_0074
RDD2020_India_India_007431.jpg,val,alligator_crack,RDD2020,India_0074
RDD2020_India_India_007432.jpg,val,pothole,RDD2020,India_0074
RDD2020_India_India_007439.jpg,val,alligator_crack,RDD2020,India_0074
RDD2020_India_India_007450.jpg,val,pothole,RDD2020,India_0074
RDD2020_India_India_007456.jpg,val,alligator_crack,RDD2020,India_0074
RDD2020_India_India_007458.jpg,val,alligator_crack,RDD2020,India_0074
RDD2020_India_India_007460.jpg,val,alligator_crack,RDD2020,India_0074
RDD2020_India_India_007463.jpg,val,alligator_crack,RDD2020,India_0074
RDD2020_India_India_007464.jpg,val,pothole,RDD2020,India_0074
RDD2020_India_India_007465.jpg,val,pothole,RDD2020,India_0074
RDD2020_India_India_007470.jpg,val,alligator_crack,RDD2020,India_0074
RDD2020_India_India_007474.jpg,val,pothole,RDD2020,India_0074
RDD2020_India_India_007476.jpg,val,alligator_crack,RDD2020,India_0074
RDD2020_India_India_007478.jpg,val,alligator_crack,RDD2020,India_0074
RDD2020_India_India_007484.jpg,val,pothole,RDD2020,India_0074
RDD2020_India_India_007487.jpg,val,alligator_crack,RDD2020,India_0074
RDD2020_India_India_007491.jpg,val,pothole,RDD2020,India_0074
RDD2020_India_India_007492.jpg,val,alligator_crack,RDD2020,India_0074
RDD2020_India_India_007497.jpg,val,alligator_crack,RDD2020,India_0074
RDD2020_Japan_Japan_009801.jpg,val,alligator_crack,RDD2020,Japan_0098
RDD2020_Japan_Japan_009802.jpg,val,alligator_crack,RDD2020,Japan_0098
RDD2020_Japan_Japan_009807.jpg,val,alligator_crack,RDD2020,Japan_0098
RDD2020_Japan_Japan_009810.jpg,val,both,RDD2020,Japan_0098
RDD2020_Japan_Japan_009811.jpg,val,alligator_crack,RDD2020,Japan_0098
RDD2020_Japan_Japan_009818.jpg,val,alligator_crack,RDD2020,Japan_0098
RDD2020_Japan_Japan_009823.jpg,val,alligator_crack,RDD2020,Japan_0098
RDD2020_Japan_Japan_009825.jpg,val,alligator_crack,RDD2020,Japan_0098
RDD2020_Japan_Japan_009826.jpg,val,alligator_crack,RDD2020,Japan_0098
RDD2020_Japan_Japan_009828.jpg,val,alligator_crack,RDD2020,Japan_0098
RDD2020_Japan_Japan_009831.jpg,val,alligator_crack,RDD2020,Japan_0098
RDD2020_Japan_Japan_009832.jpg,val,pothole,RDD2020,Japan_0098
RDD2020_Japan_Japan_009837.jpg,val,alligator_crack,RDD2020,Japan_0098
RDD2020_Japan_Japan_009845.jpg,val,alligator_crack,RDD2020,Japan_0098
RDD2020_Japan_Japan_009848.jpg,val,alligator_crack,RDD2020,Japan_0098
RDD2020_Japan_Japan_009850.jpg,val,alligator_crack,RDD2020,Japan_0098
RDD2020_Japan_Japan_009862.jpg,val,both,RDD2020,Japan_0098
RDD2020_Japan_Japan_009864.jpg,val,alligator_crack,RDD2020,Japan_0098
RDD2020_Japan_Japan_009866.jpg,val,both,RDD2020,Japan_0098
RDD2020_Japan_Japan_009874.jpg,val,alligator_crack,RDD2020,Japan_0098
RDD2020_Japan_Japan_009875.jpg,val,alligator_crack,RDD2020,Japan_0098
RDD2020_Japan_Japan_009882.jpg,val,both,RDD2020,Japan_0098
RDD2020_Japan_Japan_009885.jpg,val,alligator_crack,RDD2020,Japan_0098
RDD2020_Japan_Japan_009887.jpg,val,alligator_crack,RDD2020,Japan_0098
RDD2020_Japan_Japan_009893.jpg,val,alligator_crack,RDD2020,Japan_0098
RDD2020_Japan_Japan_009897.jpg,val,alligator_crack,RDD2020,Japan_0098
RDD2020_India_India_005801.jpg,val,pothole,RDD2020,India_0058
RDD2020_India_India_005807.jpg,val,alligator_crack,RDD2020,India_0058
RDD2020_India_India_005810.jpg,val,both,RDD2020,India_0058
RDD2020_India_India_005811.jpg,val,alligator_crack,RDD2020,India_0058
RDD2020_India_India_005817.jpg,val,alligator_crack,RDD2020,India_0058
RDD2020_India_India_005820.jpg,val,pothole,RDD2020,India_0058
RDD2020_India_India_005824.jpg,val,both,RDD2020,India_0058
RDD2020_India_India_005829.jpg,val,alligator_crack,RDD2020,India_0058
RDD2020_India_India_005830.jpg,val,alligator_crack,RDD2020,India_0058
RDD2020_India_India_005839.jpg,val,alligator_crack,RDD2020,India_0058
RDD2020_India_India_005843.jpg,val,alligator_crack,RDD2020,India_0058
RDD2020_India_India_005844.jpg,val,alligator_crack,RDD2020,India_0058
RDD2020_India_India_005847.jpg,val,alligator_crack,RDD2020,India_0058
RDD2020_India_India_005849.jpg,val,alligator_crack,RDD2020,India_0058
RDD2020_India_India_005853.jpg,val,alligator_crack,RDD2020,India_0058
RDD2020_India_India_005856.jpg,val,both,RDD2020,India_0058
RDD2020_India_India_005857.jpg,val,alligator_crack,RDD2020,India_0058
RDD2020_India_India_005859.jpg,val,alligator_crack,RDD2020,India_0058
RDD2020_India_India_005868.jpg,val,alligator_crack,RDD2020,India_0058
RDD2020_India_India_005870.jpg,val,both,RDD2020,India_0058
RDD2020_India_India_005871.jpg,val,alligator_crack,RDD2020,India_0058
RDD2020_India_India_005878.jpg,val,pothole,RDD2020,India_0058
RDD2020_India_India_005881.jpg,val,alligator_crack,RDD2020,India_0058
RDD2020_India_India_005882.jpg,val,alligator_crack,RDD2020,India_0058
RDD2020_India_India_005883.jpg,val,alligator_crack,RDD2020,India_0058
RDD2020_India_India_005884.jpg,val,pothole,RDD2020,India_0058
RDD2020_India_India_005886.jpg,val,both,RDD2020,India_0058
RDD2020_India_India_005887.jpg,val,pothole,RDD2020,India_0058
RDD2020_India_India_005890.jpg,val,alligator_crack,RDD2020,India_0058
RDD2020_India_India_005894.jpg,val,alligator_crack,RDD2020,India_0058
RDD2020_India_India_005895.jpg,val,pothole,RDD2020,India_0058
RDD2020_Japan_Japan_007003.jpg,val,both,RDD2020,Japan_0070
RDD2020_Japan_Japan_007004.jpg,val,alligator_crack,RDD2020,Japan_0070
RDD2020_Japan_Japan_007006.jpg,val,pothole,RDD2020,Japan_0070
RDD2020_Japan_Japan_007010.jpg,val,alligator_crack,RDD2020,Japan_0070
RDD2020_Japan_Japan_007014.jpg,val,both,RDD2020,Japan_0070
RDD2020_Japan_Japan_007017.jpg,val,alligator_crack,RDD2020,Japan_0070
RDD2020_Japan_Japan_007018.jpg,val,alligator_crack,RDD2020,Japan_0070
RDD2020_Japan_Japan_007019.jpg,val,alligator_crack,RDD2020,Japan_0070
RDD2020_Japan_Japan_007021.jpg,val,alligator_crack,RDD2020,Japan_0070
RDD2020_Japan_Japan_007022.jpg,val,alligator_crack,RDD2020,Japan_0070
RDD2020_Japan_Japan_007027.jpg,val,alligator_crack,RDD2020,Japan_0070
RDD2020_Japan_Japan_007028.jpg,val,alligator_crack,RDD2020,Japan_0070
RDD2020_Japan_Japan_007030.jpg,val,alligator_crack,RDD2020,Japan_0070
RDD2020_Japan_Japan_007035.jpg,val,alligator_crack,RDD2020,Japan_0070
RDD2020_Japan_Japan_007042.jpg,val,alligator_crack,RDD2020,Japan_0070
RDD2020_Japan_Japan_007045.jpg,val,alligator_crack,RDD2020,Japan_0070
RDD2020_Japan_Japan_007052.jpg,val,both,RDD2020,Japan_0070
RDD2020_Japan_Japan_007053.jpg,val,alligator_crack,RDD2020,Japan_0070
RDD2020_Japan_Japan_007055.jpg,val,alligator_crack,RDD2020,Japan_0070
RDD2020_Japan_Japan_007057.jpg,val,alligator_crack,RDD2020,Japan_0070
RDD2020_Japan_Japan_007059.jpg,val,pothole,RDD2020,Japan_0070
RDD2020_Japan_Japan_007061.jpg,val,both,RDD2020,Japan_0070
RDD2020_Japan_Japan_007062.jpg,val,pothole,RDD2020,Japan_0070
RDD2020_Japan_Japan_007063.jpg,val,alligator_crack,RDD2020,Japan_0070
RDD2020_Japan_Japan_007066.jpg,val,alligator_crack,RDD2020,Japan_0070
RDD2020_Japan_Japan_007069.jpg,val,alligator_crack,RDD2020,Japan_0070
RDD2020_Japan_Japan_007071.jpg,val,alligator_crack,RDD2020,Japan_0070
RDD2020_Japan_Japan_007075.jpg,val,alligator_crack,RDD2020,Japan_0070
RDD2020_Japan_Japan_007077.jpg,val,alligator_crack,RDD2020,Japan_0070
RDD2020_Japan_Japan_007079.jpg,val,alligator_crack,RDD2020,Japan_0070
RDD2020_Japan_Japan_007080.jpg,val,both,RDD2020,Japan_0070
RDD2020_Japan_Japan_007081.jpg,val,alligator_crack,RDD2020,Japan_0070
RDD2020_Japan_Japan_007083.jpg,val,alligator_crack,RDD2020,Japan_0070
RDD2020_Japan_Japan_007084.jpg,val,alligator_crack,RDD2020,Japan_0070
RDD2020_Japan_Japan_007085.jpg,val,alligator_crack,RDD2020,Japan_0070
RDD2020_Japan_Japan_007090.jpg,val,both,RDD2020,Japan_0070
RDD2020_Japan_Japan_007093.jpg,val,alligator_crack,RDD2020,Japan_0070
RDD2020_Japan_Japan_007094.jpg,val,alligator_crack,RDD2020,Japan_0070
RDD2020_Japan_Japan_007096.jpg,val,pothole,RDD2020,Japan_0070
RDD2020_Japan_Japan_012000.jpg,val,alligator_crack,RDD2020,Japan_0120
RDD2020_Japan_Japan_012001.jpg,val,alligator_crack,RDD2020,Japan_0120
RDD2020_Japan_Japan_012003.jpg,val,alligator_crack,RDD2020,Japan_0120
RDD2020_Japan_Japan_012005.jpg,val,alligator_crack,RDD2020,Japan_0120
RDD2020_Japan_Japan_012006.jpg,val,alligator_crack,RDD2020,Japan_0120
RDD2020_Japan_Japan_012008.jpg,val,alligator_crack,RDD2020,Japan_0120
RDD2020_Japan_Japan_012009.jpg,val,alligator_crack,RDD2020,Japan_0120
RDD2020_Japan_Japan_012010.jpg,val,alligator_crack,RDD2020,Japan_0120
RDD2020_Japan_Japan_012015.jpg,val,pothole,RDD2020,Japan_0120
RDD2020_Japan_Japan_012016.jpg,val,alligator_crack,RDD2020,Japan_0120
RDD2020_Japan_Japan_012019.jpg,val,both,RDD2020,Japan_0120
RDD2020_Japan_Japan_012020.jpg,val,alligator_crack,RDD2020,Japan_0120
RDD2020_Japan_Japan_012025.jpg,val,both,RDD2020,Japan_0120
RDD2020_Japan_Japan_012032.jpg,val,pothole,RDD2020,Japan_0120
RDD2020_Japan_Japan_012039.jpg,val,alligator_crack,RDD2020,Japan_0120
RDD2020_Japan_Japan_012040.jpg,val,alligator_crack,RDD2020,Japan_0120
RDD2020_Japan_Japan_012044.jpg,val,alligator_crack,RDD2020,Japan_0120
RDD2020_Japan_Japan_012046.jpg,val,alligator_crack,RDD2020,Japan_0120
RDD2020_Japan_Japan_012047.jpg,val,alligator_crack,RDD2020,Japan_0120
RDD2020_Japan_Japan_012049.jpg,val,alligator_crack,RDD2020,Japan_0120
RDD2020_Japan_Japan_012051.jpg,val,pothole,RDD2020,Japan_0120
RDD2020_Japan_Japan_012052.jpg,val,alligator_crack,RDD2020,Japan_0120
RDD2020_Japan_Japan_012055.jpg,val,alligator_crack,RDD2020,Japan_0120
RDD2020_Japan_Japan_012062.jpg,val,pothole,RDD2020,Japan_0120
RDD2020_Japan_Japan_012063.jpg,val,alligator_crack,RDD2020,Japan_0120
RDD2020_Japan_Japan_012066.jpg,val,alligator_crack,RDD2020,Japan_0120
RDD2020_Japan_Japan_012073.jpg,val,alligator_crack,RDD2020,Japan_0120
RDD2020_Japan_Japan_012075.jpg,val,alligator_crack,RDD2020,Japan_0120
RDD2020_Japan_Japan_012081.jpg,val,alligator_crack,RDD2020,Japan_0120
RDD2020_Japan_Japan_012083.jpg,val,alligator_crack,RDD2020,Japan_0120
RDD2020_Japan_Japan_012084.jpg,val,alligator_crack,RDD2020,Japan_0120
RDD2020_Japan_Japan_012088.jpg,val,alligator_crack,RDD2020,Japan_0120
RDD2020_Japan_Japan_012089.jpg,val,alligator_crack,RDD2020,Japan_0120
RDD2020_Japan_Japan_012092.jpg,val,alligator_crack,RDD2020,Japan_0120
RDD2020_Japan_Japan_012093.jpg,val,alligator_crack,RDD2020,Japan_0120
RDD2020_Japan_Japan_012096.jpg,val,pothole,RDD2020,Japan_0120
RDD2020_India_India_001702.jpg,val,alligator_crack,RDD2020,India_0017
RDD2020_India_India_001704.jpg,val,pothole,RDD2020,India_0017
RDD2020_India_India_001708.jpg,val,pothole,RDD2020,India_0017
RDD2020_India_India_001709.jpg,val,alligator_crack,RDD2020,India_0017
RDD2020_India_India_001715.jpg,val,alligator_crack,RDD2020,India_0017
RDD2020_India_India_001722.jpg,val,both,RDD2020,India_0017
RDD2020_India_India_001733.jpg,val,alligator_crack,RDD2020,India_0017
RDD2020_India_India_001734.jpg,val,alligator_crack,RDD2020,India_0017
RDD2020_India_India_001736.jpg,val,both,RDD2020,India_0017
RDD2020_India_India_001737.jpg,val,pothole,RDD2020,India_0017
RDD2020_India_India_001744.jpg,val,pothole,RDD2020,India_0017
RDD2020_India_India_001751.jpg,val,alligator_crack,RDD2020,India_0017
RDD2020_India_India_001757.jpg,val,both,RDD2020,India_0017
RDD2020_India_India_001759.jpg,val,pothole,RDD2020,India_0017
RDD2020_India_India_001765.jpg,val,alligator_crack,RDD2020,India_0017
RDD2020_India_India_001767.jpg,val,pothole,RDD2020,India_0017
RDD2020_India_India_001773.jpg,val,alligator_crack,RDD2020,India_0017
RDD2020_India_India_001776.jpg,val,alligator_crack,RDD2020,India_0017
RDD2020_India_India_001779.jpg,val,pothole,RDD2020,India_0017
RDD2020_India_India_001783.jpg,val,pothole,RDD2020,India_0017
RDD2020_India_India_001786.jpg,val,pothole,RDD2020,India_0017
RDD2020_India_India_001787.jpg,val,both,RDD2020,India_0017
RDD2020_India_India_001789.jpg,val,alligator_crack,RDD2020,India_0017
RDD2020_India_India_001798.jpg,val,pothole,RDD2020,India_0017
RDD2020_Japan_Japan_008100.jpg,val,alligator_crack,RDD2020,Japan_0081
RDD2020_Japan_Japan_008104.jpg,val,alligator_crack,RDD2020,Japan_0081
RDD2020_Japan_Japan_008107.jpg,val,alligator_crack,RDD2020,Japan_0081
RDD2020_Japan_Japan_008109.jpg,val,alligator_crack,RDD2020,Japan_0081
RDD2020_Japan_Japan_008112.jpg,val,alligator_crack,RDD2020,Japan_0081
RDD2020_Japan_Japan_008114.jpg,val,alligator_crack,RDD2020,Japan_0081
RDD2020_Japan_Japan_008117.jpg,val,alligator_crack,RDD2020,Japan_0081
RDD2020_Japan_Japan_008123.jpg,val,alligator_crack,RDD2020,Japan_0081
RDD2020_Japan_Japan_008124.jpg,val,alligator_crack,RDD2020,Japan_0081
RDD2020_Japan_Japan_008128.jpg,val,pothole,RDD2020,Japan_0081
RDD2020_Japan_Japan_008130.jpg,val,alligator_crack,RDD2020,Japan_0081
RDD2020_Japan_Japan_008131.jpg,val,alligator_crack,RDD2020,Japan_0081
RDD2020_Japan_Japan_008134.jpg,val,alligator_crack,RDD2020,Japan_0081
RDD2020_Japan_Japan_008142.jpg,val,alligator_crack,RDD2020,Japan_0081
RDD2020_Japan_Japan_008143.jpg,val,both,RDD2020,Japan_0081
RDD2020_Japan_Japan_008144.jpg,val,both,RDD2020,Japan_0081
RDD2020_Japan_Japan_008145.jpg,val,pothole,RDD2020,Japan_0081
RDD2020_Japan_Japan_008146.jpg,val,alligator_crack,RDD2020,Japan_0081
RDD2020_Japan_Japan_008149.jpg,val,both,RDD2020,Japan_0081
RDD2020_Japan_Japan_008155.jpg,val,both,RDD2020,Japan_0081
RDD2020_Japan_Japan_008156.jpg,val,both,RDD2020,Japan_0081
RDD2020_Japan_Japan_008157.jpg,val,alligator_crack,RDD2020,Japan_0081
RDD2020_Japan_Japan_008158.jpg,val,alligator_crack,RDD2020,Japan_0081
RDD2020_Japan_Japan_008159.jpg,val,both,RDD2020,Japan_0081
RDD2020_Japan_Japan_008160.jpg,val,alligator_crack,RDD2020,Japan_0081
RDD2020_Japan_Japan_008165.jpg,val,alligator_crack,RDD2020,Japan_0081
RDD2020_Japan_Japan_008166.jpg,val,alligator_crack,RDD2020,Japan_0081
RDD2020_Japan_Japan_008168.jpg,val,pothole,RDD2020,Japan_0081
RDD2020_Japan_Japan_008169.jpg,val,alligator_crack,RDD2020,Japan_0081
RDD2020_Japan_Japan_008170.jpg,val,alligator_crack,RDD2020,Japan_0081
RDD2020_Japan_Japan_008173.jpg,val,alligator_crack,RDD2020,Japan_0081
RDD2020_Japan_Japan_008175.jpg,val,alligator_crack,RDD2020,Japan_0081
RDD2020_Japan_Japan_008177.jpg,val,alligator_crack,RDD2020,Japan_0081
RDD2020_Japan_Japan_008179.jpg,val,alligator_crack,RDD2020,Japan_0081
RDD2020_Japan_Japan_008184.jpg,val,alligator_crack,RDD2020,Japan_0081
RDD2020_Japan_Japan_008186.jpg,val,alligator_crack,RDD2020,Japan_0081
RDD2020_Japan_Japan_008188.jpg,val,alligator_crack,RDD2020,Japan_0081
RDD2020_Japan_Japan_008190.jpg,val,alligator_crack,RDD2020,Japan_0081
RDD2020_Japan_Japan_008196.jpg,val,pothole,RDD2020,Japan_0081
RDD2020_Japan_Japan_008197.jpg,val,alligator_crack,RDD2020,Japan_0081
RDD2020_Japan_Japan_008198.jpg,val,both,RDD2020,Japan_0081
RDD2020_Japan_Japan_008199.jpg,val,alligator_crack,RDD2020,Japan_0081
RDD2020_India_India_004906.jpg,val,alligator_crack,RDD2020,India_0049
RDD2020_India_India_004908.jpg,val,pothole,RDD2020,India_0049
RDD2020_India_India_004911.jpg,val,alligator_crack,RDD2020,India_0049
RDD2020_India_India_004912.jpg,val,alligator_crack,RDD2020,India_0049
RDD2020_India_India_004914.jpg,val,alligator_crack,RDD2020,India_0049
RDD2020_India_India_004924.jpg,val,alligator_crack,RDD2020,India_0049
RDD2020_India_India_004928.jpg,val,both,RDD2020,India_0049
RDD2020_India_India_004935.jpg,val,pothole,RDD2020,India_0049
RDD2020_India_India_004937.jpg,val,alligator_crack,RDD2020,India_0049
RDD2020_India_India_004940.jpg,val,pothole,RDD2020,India_0049
RDD2020_India_India_004944.jpg,val,pothole,RDD2020,India_0049
RDD2020_India_India_004949.jpg,val,alligator_crack,RDD2020,India_0049
RDD2020_India_India_004958.jpg,val,pothole,RDD2020,India_0049
RDD2020_India_India_004959.jpg,val,both,RDD2020,India_0049
RDD2020_India_India_004965.jpg,val,alligator_crack,RDD2020,India_0049
RDD2020_India_India_004977.jpg,val,alligator_crack,RDD2020,India_0049
RDD2020_India_India_004980.jpg,val,pothole,RDD2020,India_0049
RDD2020_India_India_004982.jpg,val,alligator_crack,RDD2020,India_0049
RDD2020_India_India_004984.jpg,val,pothole,RDD2020,India_0049
RDD2020_India_India_004987.jpg,val,alligator_crack,RDD2020,India_0049
RDD2020_India_India_004992.jpg,val,alligator_crack,RDD2020,India_0049
RDD2020_Japan_Japan_004800.jpg,val,alligator_crack,RDD2020,Japan_0048
RDD2020_Japan_Japan_004801.jpg,val,alligator_crack,RDD2020,Japan_0048
RDD2020_Japan_Japan_004802.jpg,val,alligator_crack,RDD2020,Japan_0048
RDD2020_Japan_Japan_004804.jpg,val,alligator_crack,RDD2020,Japan_0048
RDD2020_Japan_Japan_004811.jpg,val,alligator_crack,RDD2020,Japan_0048
RDD2020_Japan_Japan_004813.jpg,val,alligator_crack,RDD2020,Japan_0048
RDD2020_Japan_Japan_004815.jpg,val,pothole,RDD2020,Japan_0048
RDD2020_Japan_Japan_004820.jpg,val,alligator_crack,RDD2020,Japan_0048
RDD2020_Japan_Japan_004822.jpg,val,both,RDD2020,Japan_0048
RDD2020_Japan_Japan_004823.jpg,val,alligator_crack,RDD2020,Japan_0048
RDD2020_Japan_Japan_004829.jpg,val,alligator_crack,RDD2020,Japan_0048
RDD2020_Japan_Japan_004830.jpg,val,alligator_crack,RDD2020,Japan_0048
RDD2020_Japan_Japan_004831.jpg,val,alligator_crack,RDD2020,Japan_0048
RDD2020_Japan_Japan_004835.jpg,val,both,RDD2020,Japan_0048
RDD2020_Japan_Japan_004836.jpg,val,both,RDD2020,Japan_0048
RDD2020_Japan_Japan_004839.jpg,val,alligator_crack,RDD2020,Japan_0048
RDD2020_Japan_Japan_004840.jpg,val,alligator_crack,RDD2020,Japan_0048
RDD2020_Japan_Japan_004841.jpg,val,alligator_crack,RDD2020,Japan_0048
RDD2020_Japan_Japan_004843.jpg,val,alligator_crack,RDD2020,Japan_0048
RDD2020_Japan_Japan_004847.jpg,val,both,RDD2020,Japan_0048
RDD2020_Japan_Japan_004851.jpg,val,alligator_crack,RDD2020,Japan_0048
RDD2020_Japan_Japan_004853.jpg,val,both,RDD2020,Japan_0048
RDD2020_Japan_Japan_004856.jpg,val,alligator_crack,RDD2020,Japan_0048
RDD2020_Japan_Japan_004857.jpg,val,alligator_crack,RDD2020,Japan_0048
RDD2020_Japan_Japan_004858.jpg,val,alligator_crack,RDD2020,Japan_0048
RDD2020_Japan_Japan_004862.jpg,val,alligator_crack,RDD2020,Japan_0048
RDD2020_Japan_Japan_004863.jpg,val,alligator_crack,RDD2020,Japan_0048
RDD2020_Japan_Japan_004864.jpg,val,both,RDD2020,Japan_0048
RDD2020_Japan_Japan_004866.jpg,val,alligator_crack,RDD2020,Japan_0048
RDD2020_Japan_Japan_004867.jpg,val,alligator_crack,RDD2020,Japan_0048
RDD2020_Japan_Japan_004868.jpg,val,alligator_crack,RDD2020,Japan_0048
RDD2020_Japan_Japan_004870.jpg,val,alligator_crack,RDD2020,Japan_0048
RDD2020_Japan_Japan_004871.jpg,val,alligator_crack,RDD2020,Japan_0048
RDD2020_Japan_Japan_004872.jpg,val,alligator_crack,RDD2020,Japan_0048
RDD2020_Japan_Japan_004874.jpg,val,alligator_crack,RDD2020,Japan_0048
RDD2020_Japan_Japan_004876.jpg,val,alligator_crack,RDD2020,Japan_0048
RDD2020_Japan_Japan_004877.jpg,val,alligator_crack,RDD2020,Japan_0048
RDD2020_Japan_Japan_004881.jpg,val,alligator_crack,RDD2020,Japan_0048
RDD2020_Japan_Japan_004882.jpg,val,both,RDD2020,Japan_0048
RDD2020_Japan_Japan_004885.jpg,val,both,RDD2020,Japan_0048
RDD2020_Japan_Japan_004889.jpg,val,both,RDD2020,Japan_0048
RDD2020_Japan_Japan_004890.jpg,val,alligator_crack,RDD2020,Japan_0048
RDD2020_Japan_Japan_004894.jpg,val,alligator_crack,RDD2020,Japan_0048
RDD2020_Japan_Japan_004897.jpg,val,alligator_crack,RDD2020,Japan_0048
RDD2020_Japan_Japan_004898.jpg,val,alligator_crack,RDD2020,Japan_0048
RDD2020_India_India_009212.jpg,val,alligator_crack,RDD2020,India_0092
RDD2020_India_India_009213.jpg,val,both,RDD2020,India_0092
RDD2020_India_India_009214.jpg,val,alligator_crack,RDD2020,India_0092
RDD2020_India_India_009221.jpg,val,both,RDD2020,India_0092
RDD2020_India_India_009225.jpg,val,both,RDD2020,India_0092
RDD2020_India_India_009226.jpg,val,pothole,RDD2020,India_0092
RDD2020_India_India_009229.jpg,val,alligator_crack,RDD2020,India_0092
RDD2020_India_India_009240.jpg,val,alligator_crack,RDD2020,India_0092
RDD2020_India_India_009245.jpg,val,both,RDD2020,India_0092
RDD2020_India_India_009249.jpg,val,pothole,RDD2020,India_0092
RDD2020_India_India_009250.jpg,val,pothole,RDD2020,India_0092
RDD2020_India_India_009251.jpg,val,both,RDD2020,India_0092
RDD2020_India_India_009254.jpg,val,pothole,RDD2020,India_0092
RDD2020_India_India_009262.jpg,val,alligator_crack,RDD2020,India_0092
RDD2020_India_India_009263.jpg,val,alligator_crack,RDD2020,India_0092
RDD2020_India_India_009268.jpg,val,both,RDD2020,India_0092
RDD2020_India_India_009269.jpg,val,both,RDD2020,India_0092
RDD2020_India_India_009272.jpg,val,both,RDD2020,India_0092
RDD2020_India_India_009279.jpg,val,pothole,RDD2020,India_0092
RDD2020_India_India_009281.jpg,val,pothole,RDD2020,India_0092
RDD2020_India_India_009283.jpg,val,alligator_crack,RDD2020,India_0092
RDD2020_India_India_009284.jpg,val,alligator_crack,RDD2020,India_0092
RDD2020_India_India_009287.jpg,val,pothole,RDD2020,India_0092
RDD2020_India_India_009290.jpg,val,alligator_crack,RDD2020,India_0092
RDD2020_India_India_009294.jpg,val,alligator_crack,RDD2020,India_0092
RDD2020_India_India_009297.jpg,val,alligator_crack,RDD2020,India_0092
RDD2020_Japan_Japan_005904.jpg,val,alligator_crack,RDD2020,Japan_0059
RDD2020_Japan_Japan_005907.jpg,val,alligator_crack,RDD2020,Japan_0059
RDD2020_Japan_Japan_005910.jpg,val,alligator_crack,RDD2020,Japan_0059
RDD2020_Japan_Japan_005911.jpg,val,pothole,RDD2020,Japan_0059
RDD2020_Japan_Japan_005912.jpg,val,alligator_crack,RDD2020,Japan_0059
RDD2020_Japan_Japan_005913.jpg,val,alligator_crack,RDD2020,Japan_0059
RDD2020_Japan_Japan_005917.jpg,val,alligator_crack,RDD2020,Japan_0059
RDD2020_Japan_Japan_005921.jpg,val,alligator_crack,RDD2020,Japan_0059
RDD2020_Japan_Japan_005931.jpg,val,alligator_crack,RDD2020,Japan_0059
RDD2020_Japan_Japan_005935.jpg,val,alligator_crack,RDD2020,Japan_0059
RDD2020_Japan_Japan_005936.jpg,val,pothole,RDD2020,Japan_0059
RDD2020_Japan_Japan_005939.jpg,val,alligator_crack,RDD2020,Japan_0059
RDD2020_Japan_Japan_005940.jpg,val,alligator_crack,RDD2020,Japan_0059
RDD2020_Japan_Japan_005944.jpg,val,pothole,RDD2020,Japan_0059
RDD2020_Japan_Japan_005947.jpg,val,alligator_crack,RDD2020,Japan_0059
RDD2020_Japan_Japan_005952.jpg,val,alligator_crack,RDD2020,Japan_0059
RDD2020_Japan_Japan_005958.jpg,val,alligator_crack,RDD2020,Japan_0059
RDD2020_Japan_Japan_005962.jpg,val,alligator_crack,RDD2020,Japan_0059
RDD2020_Japan_Japan_005965.jpg,val,alligator_crack,RDD2020,Japan_0059
RDD2020_Japan_Japan_005966.jpg,val,both,RDD2020,Japan_0059
RDD2020_Japan_Japan_005967.jpg,val,both,RDD2020,Japan_0059
RDD2020_Japan_Japan_005968.jpg,val,both,RDD2020,Japan_0059
RDD2020_Japan_Japan_005969.jpg,val,alligator_crack,RDD2020,Japan_0059
RDD2020_Japan_Japan_005970.jpg,val,alligator_crack,RDD2020,Japan_0059
RDD2020_Japan_Japan_005973.jpg,val,alligator_crack,RDD2020,Japan_0059
RDD2020_Japan_Japan_005974.jpg,val,alligator_crack,RDD2020,Japan_0059
RDD2020_Japan_Japan_005977.jpg,val,alligator_crack,RDD2020,Japan_0059
RDD2020_Japan_Japan_005980.jpg,val,both,RDD2020,Japan_0059
RDD2020_Japan_Japan_005981.jpg,val,pothole,RDD2020,Japan_0059
RDD2020_Japan_Japan_005982.jpg,val,both,RDD2020,Japan_0059
RDD2020_Japan_Japan_005983.jpg,val,alligator_crack,RDD2020,Japan_0059
RDD2020_Japan_Japan_005986.jpg,val,alligator_crack,RDD2020,Japan_0059
RDD2020_Japan_Japan_005987.jpg,val,both,RDD2020,Japan_0059
RDD2020_Japan_Japan_005989.jpg,val,alligator_crack,RDD2020,Japan_0059
RDD2020_Japan_Japan_005991.jpg,val,alligator_crack,RDD2020,Japan_0059
RDD2020_Japan_Japan_005993.jpg,val,alligator_crack,RDD2020,Japan_0059
RDD2020_Japan_Japan_005994.jpg,val,alligator_crack,RDD2020,Japan_0059
RDD2020_Japan_Japan_005995.jpg,val,alligator_crack,RDD2020,Japan_0059
RDD2020_Japan_Japan_005998.jpg,val,alligator_crack,RDD2020,Japan_0059
RDD2020_Japan_Japan_005999.jpg,val,both,RDD2020,Japan_0059
RDD2020_Japan_Japan_006100.jpg,val,alligator_crack,RDD2020,Japan_0061
RDD2020_Japan_Japan_006103.jpg,val,pothole,RDD2020,Japan_0061
RDD2020_Japan_Japan_006104.jpg,val,both,RDD2020,Japan_0061
RDD2020_Japan_Japan_006105.jpg,val,alligator_crack,RDD2020,Japan_0061
RDD2020_Japan_Japan_006106.jpg,val,alligator_crack,RDD2020,Japan_0061
RDD2020_Japan_Japan_006108.jpg,val,alligator_crack,RDD2020,Japan_0061
RDD2020_Japan_Japan_006115.jpg,val,alligator_crack,RDD2020,Japan_0061
RDD2020_Japan_Japan_006116.jpg,val,alligator_crack,RDD2020,Japan_0061
RDD2020_Japan_Japan_006120.jpg,val,alligator_crack,RDD2020,Japan_0061
RDD2020_Japan_Japan_006122.jpg,val,alligator_crack,RDD2020,Japan_0061
RDD2020_Japan_Japan_006123.jpg,val,alligator_crack,RDD2020,Japan_0061
RDD2020_Japan_Japan_006125.jpg,val,alligator_crack,RDD2020,Japan_0061
RDD2020_Japan_Japan_006126.jpg,val,alligator_crack,RDD2020,Japan_0061
RDD2020_Japan_Japan_006130.jpg,val,alligator_crack,RDD2020,Japan_0061
RDD2020_Japan_Japan_006133.jpg,val,pothole,RDD2020,Japan_0061
RDD2020_Japan_Japan_006134.jpg,val,alligator_crack,RDD2020,Japan_0061
RDD2020_Japan_Japan_006135.jpg,val,alligator_crack,RDD2020,Japan_0061
RDD2020_Japan_Japan_006136.jpg,val,alligator_crack,RDD2020,Japan_0061
RDD2020_Japan_Japan_006142.jpg,val,alligator_crack,RDD2020,Japan_0061
RDD2020_Japan_Japan_006144.jpg,val,alligator_crack,RDD2020,Japan_0061
RDD2020_Japan_Japan_006145.jpg,val,alligator_crack,RDD2020,Japan_0061
RDD2020_Japan_Japan_006154.jpg,val,alligator_crack,RDD2020,Japan_0061
RDD2020_Japan_Japan_006155.jpg,val,alligator_crack,RDD2020,Japan_0061
RDD2020_Japan_Japan_006156.jpg,val,alligator_crack,RDD2020,Japan_0061
RDD2020_Japan_Japan_006160.jpg,val,alligator_crack,RDD2020,Japan_0061
RDD2020_Japan_Japan_006164.jpg,val,alligator_crack,RDD2020,Japan_0061
RDD2020_Japan_Japan_006168.jpg,val,alligator_crack,RDD2020,Japan_0061
RDD2020_Japan_Japan_006169.jpg,val,both,RDD2020,Japan_0061
RDD2020_Japan_Japan_006170.jpg,val,alligator_crack,RDD2020,Japan_0061
RDD2020_Japan_Japan_006171.jpg,val,alligator_crack,RDD2020,Japan_0061
RDD2020_Japan_Japan_006174.jpg,val,both,RDD2020,Japan_0061
RDD2020_Japan_Japan_006175.jpg,val,both,RDD2020,Japan_0061
RDD2020_Japan_Japan_006177.jpg,val,alligator_crack,RDD2020,Japan_0061
RDD2020_Japan_Japan_006182.jpg,val,both,RDD2020,Japan_0061
RDD2020_Japan_Japan_006185.jpg,val,alligator_crack,RDD2020,Japan_0061
RDD2020_Japan_Japan_006188.jpg,val,alligator_crack,RDD2020,Japan_0061
RDD2020_Japan_Japan_006189.jpg,val,alligator_crack,RDD2020,Japan_0061
RDD2020_Japan_Japan_006190.jpg,val,alligator_crack,RDD2020,Japan_0061
RDD2020_Japan_Japan_006192.jpg,val,alligator_crack,RDD2020,Japan_0061
RDD2020_Japan_Japan_006198.jpg,val,alligator_crack,RDD2020,Japan_0061
RDD2020_India_India_007502.jpg,val,alligator_crack,RDD2020,India_0075
RDD2020_India_India_007507.jpg,val,alligator_crack,RDD2020,India_0075
RDD2020_India_India_007508.jpg,val,alligator_crack,RDD2020,India_0075
RDD2020_India_India_007513.jpg,val,alligator_crack,RDD2020,India_0075
RDD2020_India_India_007516.jpg,val,alligator_crack,RDD2020,India_0075
RDD2020_India_India_007518.jpg,val,pothole,RDD2020,India_0075
RDD2020_India_India_007529.jpg,val,pothole,RDD2020,India_0075
RDD2020_India_India_007530.jpg,val,pothole,RDD2020,India_0075
RDD2020_India_India_007537.jpg,val,pothole,RDD2020,India_0075
RDD2020_India_India_007538.jpg,val,alligator_crack,RDD2020,India_0075
RDD2020_India_India_007539.jpg,val,alligator_crack,RDD2020,India_0075
RDD2020_India_India_007555.jpg,val,both,RDD2020,India_0075
RDD2020_India_India_007561.jpg,val,alligator_crack,RDD2020,India_0075
RDD2020_India_India_007565.jpg,val,alligator_crack,RDD2020,India_0075
RDD2020_India_India_007572.jpg,val,pothole,RDD2020,India_0075
RDD2020_India_India_007578.jpg,val,pothole,RDD2020,India_0075
RDD2020_India_India_007579.jpg,val,both,RDD2020,India_0075
RDD2020_India_India_007581.jpg,val,both,RDD2020,India_0075
RDD2020_India_India_007584.jpg,val,pothole,RDD2020,India_0075
RDD2020_India_India_007587.jpg,val,pothole,RDD2020,India_0075
RDD2020_India_India_007592.jpg,val,both,RDD2020,India_0075
RDD2020_India_India_007595.jpg,val,alligator_crack,RDD2020,India_0075
RDD2020_India_India_007597.jpg,val,alligator_crack,RDD2020,India_0075
RDD2020_Japan_Japan_004209.jpg,val,pothole,RDD2020,Japan_0042
RDD2020_Japan_Japan_004215.jpg,val,alligator_crack,RDD2020,Japan_0042
RDD2020_Japan_Japan_004216.jpg,val,alligator_crack,RDD2020,Japan_0042
RDD2020_Japan_Japan_004217.jpg,val,both,RDD2020,Japan_0042
RDD2020_Japan_Japan_004218.jpg,val,both,RDD2020,Japan_0042
RDD2020_Japan_Japan_004219.jpg,val,alligator_crack,RDD2020,Japan_0042
RDD2020_Japan_Japan_004224.jpg,val,alligator_crack,RDD2020,Japan_0042
RDD2020_Japan_Japan_004225.jpg,val,alligator_crack,RDD2020,Japan_0042
RDD2020_Japan_Japan_004228.jpg,val,alligator_crack,RDD2020,Japan_0042
RDD2020_Japan_Japan_004230.jpg,val,alligator_crack,RDD2020,Japan_0042
RDD2020_Japan_Japan_004234.jpg,val,pothole,RDD2020,Japan_0042
RDD2020_Japan_Japan_004235.jpg,val,alligator_crack,RDD2020,Japan_0042
RDD2020_Japan_Japan_004237.jpg,val,alligator_crack,RDD2020,Japan_0042
RDD2020_Japan_Japan_004241.jpg,val,alligator_crack,RDD2020,Japan_0042
RDD2020_Japan_Japan_004242.jpg,val,alligator_crack,RDD2020,Japan_0042
RDD2020_Japan_Japan_004246.jpg,val,alligator_crack,RDD2020,Japan_0042
RDD2020_Japan_Japan_004247.jpg,val,both,RDD2020,Japan_0042
RDD2020_Japan_Japan_004249.jpg,val,alligator_crack,RDD2020,Japan_0042
RDD2020_Japan_Japan_004251.jpg,val,alligator_crack,RDD2020,Japan_0042
RDD2020_Japan_Japan_004255.jpg,val,alligator_crack,RDD2020,Japan_0042
RDD2020_Japan_Japan_004256.jpg,val,alligator_crack,RDD2020,Japan_0042
RDD2020_Japan_Japan_004257.jpg,val,alligator_crack,RDD2020,Japan_0042
RDD2020_Japan_Japan_004262.jpg,val,alligator_crack,RDD2020,Japan_0042
RDD2020_Japan_Japan_004263.jpg,val,alligator_crack,RDD2020,Japan_0042
RDD2020_Japan_Japan_004264.jpg,val,alligator_crack,RDD2020,Japan_0042
RDD2020_Japan_Japan_004266.jpg,val,alligator_crack,RDD2020,Japan_0042
RDD2020_Japan_Japan_004272.jpg,val,alligator_crack,RDD2020,Japan_0042
RDD2020_Japan_Japan_004273.jpg,val,alligator_crack,RDD2020,Japan_0042
RDD2020_Japan_Japan_004274.jpg,val,alligator_crack,RDD2020,Japan_0042
RDD2020_Japan_Japan_004275.jpg,val,alligator_crack,RDD2020,Japan_0042
RDD2020_Japan_Japan_004279.jpg,val,alligator_crack,RDD2020,Japan_0042
RDD2020_Japan_Japan_004280.jpg,val,alligator_crack,RDD2020,Japan_0042
RDD2020_Japan_Japan_004282.jpg,val,alligator_crack,RDD2020,Japan_0042
RDD2020_Japan_Japan_004283.jpg,val,alligator_crack,RDD2020,Japan_0042
RDD2020_Japan_Japan_004284.jpg,val,both,RDD2020,Japan_0042
RDD2020_Japan_Japan_004287.jpg,val,alligator_crack,RDD2020,Japan_0042
RDD2020_Japan_Japan_004289.jpg,val,both,RDD2020,Japan_0042
RDD2020_Japan_Japan_004291.jpg,val,alligator_crack,RDD2020,Japan_0042
RDD2020_Japan_Japan_004294.jpg,val,alligator_crack,RDD2020,Japan_0042
RDD2020_Japan_Japan_004296.jpg,val,pothole,RDD2020,Japan_0042
RDD2020_Japan_Japan_004299.jpg,val,alligator_crack,RDD2020,Japan_0042
RDD2020_India_India_002007.jpg,val,pothole,RDD2020,India_0020
RDD2020_India_India_002009.jpg,val,alligator_crack,RDD2020,India_0020
RDD2020_India_India_002010.jpg,val,both,RDD2020,India_0020
RDD2020_India_India_002011.jpg,val,alligator_crack,RDD2020,India_0020
RDD2020_India_India_002013.jpg,val,alligator_crack,RDD2020,India_0020
RDD2020_India_India_002017.jpg,val,alligator_crack,RDD2020,India_0020
RDD2020_India_India_002020.jpg,val,pothole,RDD2020,India_0020
RDD2020_India_India_002022.jpg,val,alligator_crack,RDD2020,India_0020
RDD2020_India_India_002023.jpg,val,both,RDD2020,India_0020
RDD2020_India_India_002024.jpg,val,alligator_crack,RDD2020,India_0020
RDD2020_India_India_002025.jpg,val,alligator_crack,RDD2020,India_0020
RDD2020_India_India_002026.jpg,val,alligator_crack,RDD2020,India_0020
RDD2020_India_India_002030.jpg,val,alligator_crack,RDD2020,India_0020
RDD2020_India_India_002031.jpg,val,alligator_crack,RDD2020,India_0020
RDD2020_India_India_002046.jpg,val,alligator_crack,RDD2020,India_0020
RDD2020_India_India_002047.jpg,val,both,RDD2020,India_0020
RDD2020_India_India_002048.jpg,val,pothole,RDD2020,India_0020
RDD2020_India_India_002049.jpg,val,both,RDD2020,India_0020
RDD2020_India_India_002051.jpg,val,alligator_crack,RDD2020,India_0020
RDD2020_India_India_002052.jpg,val,pothole,RDD2020,India_0020
RDD2020_India_India_002063.jpg,val,pothole,RDD2020,India_0020
RDD2020_India_India_002064.jpg,val,pothole,RDD2020,India_0020
RDD2020_India_India_002065.jpg,val,alligator_crack,RDD2020,India_0020
RDD2020_India_India_002066.jpg,val,pothole,RDD2020,India_0020
RDD2020_India_India_002067.jpg,val,alligator_crack,RDD2020,India_0020
RDD2020_India_India_002068.jpg,val,alligator_crack,RDD2020,India_0020
RDD2020_India_India_002069.jpg,val,both,RDD2020,India_0020
RDD2020_India_India_002070.jpg,val,both,RDD2020,India_0020
RDD2020_India_India_002074.jpg,val,pothole,RDD2020,India_0020
RDD2020_India_India_002079.jpg,val,pothole,RDD2020,India_0020
RDD2020_India_India_002082.jpg,val,both,RDD2020,India_0020
RDD2020_India_India_002085.jpg,val,pothole,RDD2020,India_0020
RDD2020_India_India_002087.jpg,val,pothole,RDD2020,India_0020
RDD2020_India_India_002089.jpg,val,both,RDD2020,India_0020
RDD2020_India_India_002095.jpg,val,both,RDD2020,India_0020
RDD2020_India_India_002098.jpg,val,pothole,RDD2020,India_0020
RDD2020_India_India_002099.jpg,val,alligator_crack,RDD2020,India_0020
RDD2020_India_India_009600.jpg,val,alligator_crack,RDD2020,India_0096
RDD2020_India_India_009603.jpg,val,pothole,RDD2020,India_0096
RDD2020_India_India_009605.jpg,val,both,RDD2020,India_0096
RDD2020_India_India_009607.jpg,val,alligator_crack,RDD2020,India_0096
RDD2020_India_India_009612.jpg,val,both,RDD2020,India_0096
RDD2020_India_India_009618.jpg,val,alligator_crack,RDD2020,India_0096
RDD2020_India_India_009619.jpg,val,both,RDD2020,India_0096
RDD2020_India_India_009628.jpg,val,alligator_crack,RDD2020,India_0096
RDD2020_India_India_009630.jpg,val,both,RDD2020,India_0096
RDD2020_India_India_009633.jpg,val,both,RDD2020,India_0096
RDD2020_India_India_009638.jpg,val,pothole,RDD2020,India_0096
RDD2020_India_India_009640.jpg,val,both,RDD2020,India_0096
RDD2020_India_India_009641.jpg,val,alligator_crack,RDD2020,India_0096
RDD2020_India_India_009644.jpg,val,alligator_crack,RDD2020,India_0096
RDD2020_India_India_009647.jpg,val,alligator_crack,RDD2020,India_0096
RDD2020_India_India_009649.jpg,val,alligator_crack,RDD2020,India_0096
RDD2020_India_India_009650.jpg,val,alligator_crack,RDD2020,India_0096
RDD2020_India_India_009654.jpg,val,alligator_crack,RDD2020,India_0096
RDD2020_India_India_009656.jpg,val,pothole,RDD2020,India_0096
RDD2020_India_India_009663.jpg,val,both,RDD2020,India_0096
RDD2020_India_India_009664.jpg,val,alligator_crack,RDD2020,India_0096
RDD2020_India_India_009666.jpg,val,alligator_crack,RDD2020,India_0096
RDD2020_India_India_009667.jpg,val,pothole,RDD2020,India_0096
RDD2020_India_India_009675.jpg,val,alligator_crack,RDD2020,India_0096
RDD2020_India_India_009677.jpg,val,alligator_crack,RDD2020,India_0096
RDD2020_India_India_009678.jpg,val,pothole,RDD2020,India_0096
RDD2020_India_India_009679.jpg,val,pothole,RDD2020,India_0096
RDD2020_India_India_009682.jpg,val,pothole,RDD2020,India_0096
RDD2020_India_India_009685.jpg,val,pothole,RDD2020,India_0096
RDD2020_India_India_009688.jpg,val,pothole,RDD2020,India_0096
RDD2020_India_India_009691.jpg,val,pothole,RDD2020,India_0096
RDD2020_India_India_009696.jpg,val,alligator_crack,RDD2020,India_0096
RDD2020_India_India_009698.jpg,val,alligator_crack,RDD2020,India_0096
RDD2020_India_India_003100.jpg,val,pothole,RDD2020,India_0031
RDD2020_India_India_003102.jpg,val,both,RDD2020,India_0031
RDD2020_India_India_003103.jpg,val,pothole,RDD2020,India_0031
RDD2020_India_India_003110.jpg,val,both,RDD2020,India_0031
RDD2020_India_India_003111.jpg,val,alligator_crack,RDD2020,India_0031
RDD2020_India_India_003118.jpg,val,pothole,RDD2020,India_0031
RDD2020_India_India_003119.jpg,val,alligator_crack,RDD2020,India_0031
RDD2020_India_India_003120.jpg,val,pothole,RDD2020,India_0031
RDD2020_India_India_003121.jpg,val,pothole,RDD2020,India_0031
RDD2020_India_India_003125.jpg,val,both,RDD2020,India_0031
RDD2020_India_India_003126.jpg,val,pothole,RDD2020,India_0031
RDD2020_India_India_003138.jpg,val,alligator_crack,RDD2020,India_0031
RDD2020_India_India_003143.jpg,val,pothole,RDD2020,India_0031
RDD2020_India_India_003150.jpg,val,pothole,RDD2020,India_0031
RDD2020_India_India_003151.jpg,val,pothole,RDD2020,India_0031
RDD2020_India_India_003152.jpg,val,pothole,RDD2020,India_0031
RDD2020_India_India_003153.jpg,val,alligator_crack,RDD2020,India_0031
RDD2020_India_India_003161.jpg,val,pothole,RDD2020,India_0031
RDD2020_India_India_003163.jpg,val,alligator_crack,RDD2020,India_0031
RDD2020_India_India_003164.jpg,val,alligator_crack,RDD2020,India_0031
RDD2020_India_India_003168.jpg,val,both,RDD2020,India_0031
RDD2020_India_India_003171.jpg,val,pothole,RDD2020,India_0031
RDD2020_India_India_003172.jpg,val,pothole,RDD2020,India_0031
RDD2020_India_India_003177.jpg,val,pothole,RDD2020,India_0031
RDD2020_India_India_003181.jpg,val,alligator_crack,RDD2020,India_0031
RDD2020_India_India_003185.jpg,val,alligator_crack,RDD2020,India_0031
RDD2020_India_India_003186.jpg,val,pothole,RDD2020,India_0031
RDD2020_India_India_003191.jpg,val,pothole,RDD2020,India_0031
RDD2020_Japan_Japan_003800.jpg,val,pothole,RDD2020,Japan_0038
RDD2020_Japan_Japan_003801.jpg,val,both,RDD2020,Japan_0038
RDD2020_Japan_Japan_003802.jpg,val,alligator_crack,RDD2020,Japan_0038
RDD2020_Japan_Japan_003803.jpg,val,both,RDD2020,Japan_0038
RDD2020_Japan_Japan_003806.jpg,val,alligator_crack,RDD2020,Japan_0038
RDD2020_Japan_Japan_003808.jpg,val,alligator_crack,RDD2020,Japan_0038
RDD2020_Japan_Japan_003811.jpg,val,alligator_crack,RDD2020,Japan_0038
RDD2020_Japan_Japan_003813.jpg,val,alligator_crack,RDD2020,Japan_0038
RDD2020_Japan_Japan_003814.jpg,val,alligator_crack,RDD2020,Japan_0038
RDD2020_Japan_Japan_003815.jpg,val,pothole,RDD2020,Japan_0038
RDD2020_Japan_Japan_003816.jpg,val,alligator_crack,RDD2020,Japan_0038
RDD2020_Japan_Japan_003820.jpg,val,alligator_crack,RDD2020,Japan_0038
RDD2020_Japan_Japan_003824.jpg,val,alligator_crack,RDD2020,Japan_0038
RDD2020_Japan_Japan_003829.jpg,val,alligator_crack,RDD2020,Japan_0038
RDD2020_Japan_Japan_003830.jpg,val,alligator_crack,RDD2020,Japan_0038
RDD2020_Japan_Japan_003833.jpg,val,alligator_crack,RDD2020,Japan_0038
RDD2020_Japan_Japan_003840.jpg,val,alligator_crack,RDD2020,Japan_0038
RDD2020_Japan_Japan_003844.jpg,val,both,RDD2020,Japan_0038
RDD2020_Japan_Japan_003845.jpg,val,alligator_crack,RDD2020,Japan_0038
RDD2020_Japan_Japan_003849.jpg,val,alligator_crack,RDD2020,Japan_0038
RDD2020_Japan_Japan_003850.jpg,val,pothole,RDD2020,Japan_0038
RDD2020_Japan_Japan_003851.jpg,val,alligator_crack,RDD2020,Japan_0038
RDD2020_Japan_Japan_003853.jpg,val,alligator_crack,RDD2020,Japan_0038
RDD2020_Japan_Japan_003854.jpg,val,alligator_crack,RDD2020,Japan_0038
RDD2020_Japan_Japan_003857.jpg,val,alligator_crack,RDD2020,Japan_0038
RDD2020_Japan_Japan_003858.jpg,val,both,RDD2020,Japan_0038
RDD2020_Japan_Japan_003859.jpg,val,pothole,RDD2020,Japan_0038
RDD2020_Japan_Japan_003860.jpg,val,alligator_crack,RDD2020,Japan_0038
RDD2020_Japan_Japan_003861.jpg,val,alligator_crack,RDD2020,Japan_0038
RDD2020_Japan_Japan_003865.jpg,val,both,RDD2020,Japan_0038
RDD2020_Japan_Japan_003866.jpg,val,both,RDD2020,Japan_0038
RDD2020_Japan_Japan_003868.jpg,val,alligator_crack,RDD2020,Japan_0038
RDD2020_Japan_Japan_003871.jpg,val,alligator_crack,RDD2020,Japan_0038
RDD2020_Japan_Japan_003877.jpg,val,alligator_crack,RDD2020,Japan_0038
RDD2020_Japan_Japan_003878.jpg,val,both,RDD2020,Japan_0038
RDD2020_Japan_Japan_003879.jpg,val,alligator_crack,RDD2020,Japan_0038
RDD2020_Japan_Japan_003880.jpg,val,alligator_crack,RDD2020,Japan_0038
RDD2020_Japan_Japan_003881.jpg,val,pothole,RDD2020,Japan_0038
RDD2020_Japan_Japan_003882.jpg,val,alligator_crack,RDD2020,Japan_0038
RDD2020_Japan_Japan_003884.jpg,val,alligator_crack,RDD2020,Japan_0038
RDD2020_Japan_Japan_003888.jpg,val,alligator_crack,RDD2020,Japan_0038
RDD2020_Japan_Japan_003890.jpg,val,alligator_crack,RDD2020,Japan_0038
RDD2020_Japan_Japan_003891.jpg,val,both,RDD2020,Japan_0038
RDD2020_Japan_Japan_003893.jpg,val,both,RDD2020,Japan_0038
RDD2020_Japan_Japan_003897.jpg,val,alligator_crack,RDD2020,Japan_0038
RDD2020_Japan_Japan_003899.jpg,val,alligator_crack,RDD2020,Japan_0038
RDD2020_Japan_Japan_001802.jpg,val,both,RDD2020,Japan_0018
RDD2020_Japan_Japan_001807.jpg,val,alligator_crack,RDD2020,Japan_0018
RDD2020_Japan_Japan_001809.jpg,val,alligator_crack,RDD2020,Japan_0018
RDD2020_Japan_Japan_001810.jpg,val,alligator_crack,RDD2020,Japan_0018
RDD2020_Japan_Japan_001814.jpg,val,both,RDD2020,Japan_0018
RDD2020_Japan_Japan_001825.jpg,val,alligator_crack,RDD2020,Japan_0018
RDD2020_Japan_Japan_001827.jpg,val,alligator_crack,RDD2020,Japan_0018
RDD2020_Japan_Japan_001833.jpg,val,alligator_crack,RDD2020,Japan_0018
RDD2020_Japan_Japan_001839.jpg,val,alligator_crack,RDD2020,Japan_0018
RDD2020_Japan_Japan_001840.jpg,val,alligator_crack,RDD2020,Japan_0018
RDD2020_Japan_Japan_001841.jpg,val,alligator_crack,RDD2020,Japan_0018
RDD2020_Japan_Japan_001850.jpg,val,alligator_crack,RDD2020,Japan_0018
RDD2020_Japan_Japan_001853.jpg,val,both,RDD2020,Japan_0018
RDD2020_Japan_Japan_001858.jpg,val,alligator_crack,RDD2020,Japan_0018
RDD2020_Japan_Japan_001859.jpg,val,pothole,RDD2020,Japan_0018
RDD2020_Japan_Japan_001861.jpg,val,both,RDD2020,Japan_0018
RDD2020_Japan_Japan_001862.jpg,val,alligator_crack,RDD2020,Japan_0018
RDD2020_Japan_Japan_001863.jpg,val,alligator_crack,RDD2020,Japan_0018
RDD2020_Japan_Japan_001867.jpg,val,both,RDD2020,Japan_0018
RDD2020_Japan_Japan_001868.jpg,val,alligator_crack,RDD2020,Japan_0018
RDD2020_Japan_Japan_001871.jpg,val,pothole,RDD2020,Japan_0018
RDD2020_Japan_Japan_001876.jpg,val,alligator_crack,RDD2020,Japan_0018
RDD2020_Japan_Japan_001878.jpg,val,both,RDD2020,Japan_0018
RDD2020_Japan_Japan_001885.jpg,val,alligator_crack,RDD2020,Japan_0018
RDD2020_Japan_Japan_001888.jpg,val,both,RDD2020,Japan_0018
RDD2020_Japan_Japan_001892.jpg,val,alligator_crack,RDD2020,Japan_0018
RDD2020_Japan_Japan_001895.jpg,val,both,RDD2020,Japan_0018
RDD2020_Japan_Japan_001896.jpg,val,alligator_crack,RDD2020,Japan_0018
RDD2020_Japan_Japan_001898.jpg,val,both,RDD2020,Japan_0018
RDD2020_Japan_Japan_001899.jpg,val,alligator_crack,RDD2020,Japan_0018
RDD2020_Japan_Japan_008701.jpg,val,alligator_crack,RDD2020,Japan_0087
RDD2020_Japan_Japan_008703.jpg,val,alligator_crack,RDD2020,Japan_0087
RDD2020_Japan_Japan_008706.jpg,val,alligator_crack,RDD2020,Japan_0087
RDD2020_Japan_Japan_008707.jpg,val,alligator_crack,RDD2020,Japan_0087
RDD2020_Japan_Japan_008708.jpg,val,alligator_crack,RDD2020,Japan_0087
RDD2020_Japan_Japan_008712.jpg,val,pothole,RDD2020,Japan_0087
RDD2020_Japan_Japan_008713.jpg,val,alligator_crack,RDD2020,Japan_0087
RDD2020_Japan_Japan_008714.jpg,val,both,RDD2020,Japan_0087
RDD2020_Japan_Japan_008720.jpg,val,alligator_crack,RDD2020,Japan_0087
RDD2020_Japan_Japan_008721.jpg,val,pothole,RDD2020,Japan_0087
RDD2020_Japan_Japan_008722.jpg,val,pothole,RDD2020,Japan_0087
RDD2020_Japan_Japan_008727.jpg,val,alligator_crack,RDD2020,Japan_0087
RDD2020_Japan_Japan_008733.jpg,val,alligator_crack,RDD2020,Japan_0087
RDD2020_Japan_Japan_008734.jpg,val,both,RDD2020,Japan_0087
RDD2020_Japan_Japan_008735.jpg,val,alligator_crack,RDD2020,Japan_0087
RDD2020_Japan_Japan_008736.jpg,val,alligator_crack,RDD2020,Japan_0087
RDD2020_Japan_Japan_008739.jpg,val,alligator_crack,RDD2020,Japan_0087
RDD2020_Japan_Japan_008740.jpg,val,alligator_crack,RDD2020,Japan_0087
RDD2020_Japan_Japan_008741.jpg,val,alligator_crack,RDD2020,Japan_0087
RDD2020_Japan_Japan_008743.jpg,val,alligator_crack,RDD2020,Japan_0087
RDD2020_Japan_Japan_008745.jpg,val,alligator_crack,RDD2020,Japan_0087
RDD2020_Japan_Japan_008746.jpg,val,alligator_crack,RDD2020,Japan_0087
RDD2020_Japan_Japan_008748.jpg,val,alligator_crack,RDD2020,Japan_0087
RDD2020_Japan_Japan_008749.jpg,val,alligator_crack,RDD2020,Japan_0087
RDD2020_Japan_Japan_008752.jpg,val,both,RDD2020,Japan_0087
RDD2020_Japan_Japan_008754.jpg,val,alligator_crack,RDD2020,Japan_0087
RDD2020_Japan_Japan_008755.jpg,val,alligator_crack,RDD2020,Japan_0087
RDD2020_Japan_Japan_008756.jpg,val,alligator_crack,RDD2020,Japan_0087
RDD2020_Japan_Japan_008759.jpg,val,alligator_crack,RDD2020,Japan_0087
RDD2020_Japan_Japan_008765.jpg,val,alligator_crack,RDD2020,Japan_0087
RDD2020_Japan_Japan_008766.jpg,val,pothole,RDD2020,Japan_0087
RDD2020_Japan_Japan_008769.jpg,val,alligator_crack,RDD2020,Japan_0087
RDD2020_Japan_Japan_008772.jpg,val,alligator_crack,RDD2020,Japan_0087
RDD2020_Japan_Japan_008774.jpg,val,alligator_crack,RDD2020,Japan_0087
RDD2020_Japan_Japan_008779.jpg,val,both,RDD2020,Japan_0087
RDD2020_Japan_Japan_008780.jpg,val,alligator_crack,RDD2020,Japan_0087
RDD2020_Japan_Japan_008782.jpg,val,alligator_crack,RDD2020,Japan_0087
RDD2020_Japan_Japan_008790.jpg,val,alligator_crack,RDD2020,Japan_0087
RDD2020_Japan_Japan_008791.jpg,val,alligator_crack,RDD2020,Japan_0087
RDD2020_Japan_Japan_008794.jpg,val,alligator_crack,RDD2020,Japan_0087
RDD2020_Japan_Japan_008797.jpg,val,alligator_crack,RDD2020,Japan_0087
RDD2020_Japan_Japan_008799.jpg,val,alligator_crack,RDD2020,Japan_0087
RDD2020_India_India_001100.jpg,val,negative_background,RDD2020,India_0011
RDD2020_India_India_001101.jpg,val,both,RDD2020,India_0011
RDD2020_India_India_001102.jpg,val,negative_background,RDD2020,India_0011
RDD2020_India_India_001103.jpg,val,pothole,RDD2020,India_0011
RDD2020_India_India_001104.jpg,val,alligator_crack,RDD2020,India_0011
RDD2020_India_India_001105.jpg,val,pothole,RDD2020,India_0011
RDD2020_India_India_001107.jpg,val,negative_background,RDD2020,India_0011
RDD2020_India_India_001110.jpg,val,negative_background,RDD2020,India_0011
RDD2020_India_India_001111.jpg,val,alligator_crack,RDD2020,India_0011
RDD2020_India_India_001112.jpg,val,pothole,RDD2020,India_0011
RDD2020_India_India_001113.jpg,val,negative_background,RDD2020,India_0011
RDD2020_India_India_001114.jpg,val,pothole,RDD2020,India_0011
RDD2020_India_India_001115.jpg,val,negative_background,RDD2020,India_0011
RDD2020_India_India_001118.jpg,val,negative_background,RDD2020,India_0011
RDD2020_India_India_001119.jpg,val,negative_background,RDD2020,India_0011
RDD2020_India_India_001121.jpg,val,pothole,RDD2020,India_0011
RDD2020_India_India_001122.jpg,val,both,RDD2020,India_0011
RDD2020_India_India_001123.jpg,val,alligator_crack,RDD2020,India_0011
RDD2020_India_India_001124.jpg,val,negative_background,RDD2020,India_0011
RDD2020_India_India_001125.jpg,val,pothole,RDD2020,India_0011
RDD2020_India_India_001126.jpg,val,both,RDD2020,India_0011
RDD2020_India_India_001129.jpg,val,negative_background,RDD2020,India_0011
RDD2020_India_India_001130.jpg,val,negative_background,RDD2020,India_0011
RDD2020_India_India_001131.jpg,val,negative_background,RDD2020,India_0011
RDD2020_India_India_001132.jpg,val,negative_background,RDD2020,India_0011
RDD2020_India_India_001133.jpg,val,pothole,RDD2020,India_0011
RDD2020_India_India_001134.jpg,val,pothole,RDD2020,India_0011
RDD2020_India_India_001135.jpg,val,pothole,RDD2020,India_0011
RDD2020_India_India_001136.jpg,val,negative_background,RDD2020,India_0011
RDD2020_India_India_001137.jpg,val,pothole,RDD2020,India_0011
RDD2020_India_India_001138.jpg,val,alligator_crack,RDD2020,India_0011
RDD2020_India_India_001139.jpg,val,alligator_crack,RDD2020,India_0011
RDD2020_India_India_001140.jpg,val,negative_background,RDD2020,India_0011
RDD2020_India_India_001141.jpg,val,both,RDD2020,India_0011
RDD2020_India_India_001142.jpg,val,alligator_crack,RDD2020,India_0011
RDD2020_India_India_001143.jpg,val,alligator_crack,RDD2020,India_0011
RDD2020_India_India_001144.jpg,val,negative_background,RDD2020,India_0011
RDD2020_India_India_001145.jpg,val,both,RDD2020,India_0011
RDD2020_India_India_001146.jpg,val,negative_background,RDD2020,India_0011
RDD2020_India_India_001147.jpg,val,alligator_crack,RDD2020,India_0011
RDD2020_India_India_001148.jpg,val,negative_background,RDD2020,India_0011
RDD2020_India_India_001149.jpg,val,alligator_crack,RDD2020,India_0011
RDD2020_India_India_001150.jpg,val,negative_background,RDD2020,India_0011
RDD2020_India_India_001151.jpg,val,negative_background,RDD2020,India_0011
RDD2020_India_India_001153.jpg,val,negative_background,RDD2020,India_0011
RDD2020_India_India_001155.jpg,val,negative_background,RDD2020,India_0011
RDD2020_India_India_001156.jpg,val,pothole,RDD2020,India_0011
RDD2020_India_India_001158.jpg,val,negative_background,RDD2020,India_0011
RDD2020_India_India_001159.jpg,val,negative_background,RDD2020,India_0011
RDD2020_India_India_001160.jpg,val,alligator_crack,RDD2020,India_0011
RDD2020_India_India_001161.jpg,val,negative_background,RDD2020,India_0011
RDD2020_India_India_001163.jpg,val,negative_background,RDD2020,India_0011
RDD2020_India_India_001164.jpg,val,negative_background,RDD2020,India_0011
RDD2020_India_India_001165.jpg,val,alligator_crack,RDD2020,India_0011
RDD2020_India_India_001166.jpg,val,negative_background,RDD2020,India_0011
RDD2020_India_India_001167.jpg,val,pothole,RDD2020,India_0011
RDD2020_India_India_001168.jpg,val,pothole,RDD2020,India_0011
RDD2020_India_India_001171.jpg,val,negative_background,RDD2020,India_0011
RDD2020_India_India_001173.jpg,val,pothole,RDD2020,India_0011
RDD2020_India_India_001174.jpg,val,pothole,RDD2020,India_0011
RDD2020_India_India_001175.jpg,val,alligator_crack,RDD2020,India_0011
RDD2020_India_India_001176.jpg,val,pothole,RDD2020,India_0011
RDD2020_India_India_001179.jpg,val,negative_background,RDD2020,India_0011
RDD2020_India_India_001180.jpg,val,pothole,RDD2020,India_0011
RDD2020_India_India_001181.jpg,val,pothole,RDD2020,India_0011
RDD2020_India_India_001182.jpg,val,negative_background,RDD2020,India_0011
RDD2020_India_India_001183.jpg,val,negative_background,RDD2020,India_0011
RDD2020_India_India_001185.jpg,val,negative_background,RDD2020,India_0011
RDD2020_India_India_001186.jpg,val,pothole,RDD2020,India_0011
RDD2020_India_India_001187.jpg,val,alligator_crack,RDD2020,India_0011
RDD2020_India_India_001188.jpg,val,negative_background,RDD2020,India_0011
RDD2020_India_India_001189.jpg,val,negative_background,RDD2020,India_0011
RDD2020_India_India_001190.jpg,val,negative_background,RDD2020,India_0011
RDD2020_India_India_001191.jpg,val,negative_background,RDD2020,India_0011
RDD2020_India_India_001192.jpg,val,alligator_crack,RDD2020,India_0011
RDD2020_India_India_001193.jpg,val,negative_background,RDD2020,India_0011
RDD2020_India_India_001194.jpg,val,pothole,RDD2020,India_0011
RDD2020_India_India_001198.jpg,val,negative_background,RDD2020,India_0011
RDD2020_India_India_001199.jpg,val,negative_background,RDD2020,India_0011
RDD2020_Czech_Czech_000803.jpg,val,alligator_crack,RDD2020,Czech_0008
RDD2020_Czech_Czech_000809.jpg,val,alligator_crack,RDD2020,Czech_0008
RDD2020_Czech_Czech_000814.jpg,val,pothole,RDD2020,Czech_0008
RDD2020_Czech_Czech_000836.jpg,val,pothole,RDD2020,Czech_0008
RDD2020_Czech_Czech_000839.jpg,val,pothole,RDD2020,Czech_0008
RDD2020_Czech_Czech_000842.jpg,val,pothole,RDD2020,Czech_0008
RDD2020_Czech_Czech_000853.jpg,val,pothole,RDD2020,Czech_0008
RDD2020_Czech_Czech_000876.jpg,val,alligator_crack,RDD2020,Czech_0008
RDD2020_Czech_Czech_000881.jpg,val,pothole,RDD2020,Czech_0008
RDD2020_Czech_Czech_000883.jpg,val,pothole,RDD2020,Czech_0008
RDD2020_Czech_Czech_000890.jpg,val,alligator_crack,RDD2020,Czech_0008
RDD2020_Czech_Czech_000897.jpg,val,alligator_crack,RDD2020,Czech_0008
RDD2020_India_India_006702.jpg,val,pothole,RDD2020,India_0067
RDD2020_India_India_006707.jpg,val,both,RDD2020,India_0067
RDD2020_India_India_006710.jpg,val,pothole,RDD2020,India_0067
RDD2020_India_India_006713.jpg,val,pothole,RDD2020,India_0067
RDD2020_India_India_006714.jpg,val,pothole,RDD2020,India_0067
RDD2020_India_India_006715.jpg,val,alligator_crack,RDD2020,India_0067
RDD2020_India_India_006727.jpg,val,alligator_crack,RDD2020,India_0067
RDD2020_India_India_006730.jpg,val,alligator_crack,RDD2020,India_0067
RDD2020_India_India_006739.jpg,val,pothole,RDD2020,India_0067
RDD2020_India_India_006749.jpg,val,both,RDD2020,India_0067
RDD2020_India_India_006751.jpg,val,pothole,RDD2020,India_0067
RDD2020_India_India_006756.jpg,val,both,RDD2020,India_0067
RDD2020_India_India_006759.jpg,val,alligator_crack,RDD2020,India_0067
RDD2020_India_India_006760.jpg,val,both,RDD2020,India_0067
RDD2020_India_India_006767.jpg,val,pothole,RDD2020,India_0067
RDD2020_India_India_006768.jpg,val,pothole,RDD2020,India_0067
RDD2020_India_India_006769.jpg,val,alligator_crack,RDD2020,India_0067
RDD2020_India_India_006777.jpg,val,pothole,RDD2020,India_0067
RDD2020_India_India_006779.jpg,val,alligator_crack,RDD2020,India_0067
RDD2020_India_India_006780.jpg,val,both,RDD2020,India_0067
RDD2020_India_India_006781.jpg,val,alligator_crack,RDD2020,India_0067
RDD2020_India_India_006787.jpg,val,both,RDD2020,India_0067
RDD2020_India_India_006789.jpg,val,alligator_crack,RDD2020,India_0067
RDD2020_India_India_006794.jpg,val,pothole,RDD2020,India_0067
RDD2020_Japan_Japan_005500.jpg,val,both,RDD2020,Japan_0055
RDD2020_Japan_Japan_005501.jpg,val,alligator_crack,RDD2020,Japan_0055
RDD2020_Japan_Japan_005502.jpg,val,alligator_crack,RDD2020,Japan_0055
RDD2020_Japan_Japan_005503.jpg,val,alligator_crack,RDD2020,Japan_0055
RDD2020_Japan_Japan_005510.jpg,val,both,RDD2020,Japan_0055
RDD2020_Japan_Japan_005513.jpg,val,both,RDD2020,Japan_0055
RDD2020_Japan_Japan_005515.jpg,val,pothole,RDD2020,Japan_0055
RDD2020_Japan_Japan_005516.jpg,val,pothole,RDD2020,Japan_0055
RDD2020_Japan_Japan_005517.jpg,val,pothole,RDD2020,Japan_0055
RDD2020_Japan_Japan_005519.jpg,val,pothole,RDD2020,Japan_0055
RDD2020_Japan_Japan_005520.jpg,val,alligator_crack,RDD2020,Japan_0055
RDD2020_Japan_Japan_005525.jpg,val,alligator_crack,RDD2020,Japan_0055
RDD2020_Japan_Japan_005528.jpg,val,alligator_crack,RDD2020,Japan_0055
RDD2020_Japan_Japan_005529.jpg,val,pothole,RDD2020,Japan_0055
RDD2020_Japan_Japan_005530.jpg,val,alligator_crack,RDD2020,Japan_0055
RDD2020_Japan_Japan_005533.jpg,val,alligator_crack,RDD2020,Japan_0055
RDD2020_Japan_Japan_005534.jpg,val,both,RDD2020,Japan_0055
RDD2020_Japan_Japan_005536.jpg,val,pothole,RDD2020,Japan_0055
RDD2020_Japan_Japan_005537.jpg,val,alligator_crack,RDD2020,Japan_0055
RDD2020_Japan_Japan_005538.jpg,val,alligator_crack,RDD2020,Japan_0055
RDD2020_Japan_Japan_005540.jpg,val,alligator_crack,RDD2020,Japan_0055
RDD2020_Japan_Japan_005541.jpg,val,pothole,RDD2020,Japan_0055
RDD2020_Japan_Japan_005542.jpg,val,alligator_crack,RDD2020,Japan_0055
RDD2020_Japan_Japan_005544.jpg,val,both,RDD2020,Japan_0055
RDD2020_Japan_Japan_005545.jpg,val,alligator_crack,RDD2020,Japan_0055
RDD2020_Japan_Japan_005547.jpg,val,alligator_crack,RDD2020,Japan_0055
RDD2020_Japan_Japan_005552.jpg,val,alligator_crack,RDD2020,Japan_0055
RDD2020_Japan_Japan_005553.jpg,val,both,RDD2020,Japan_0055
RDD2020_Japan_Japan_005559.jpg,val,pothole,RDD2020,Japan_0055
RDD2020_Japan_Japan_005564.jpg,val,alligator_crack,RDD2020,Japan_0055
RDD2020_Japan_Japan_005566.jpg,val,both,RDD2020,Japan_0055
RDD2020_Japan_Japan_005574.jpg,val,alligator_crack,RDD2020,Japan_0055
RDD2020_Japan_Japan_005575.jpg,val,alligator_crack,RDD2020,Japan_0055
RDD2020_Japan_Japan_005577.jpg,val,pothole,RDD2020,Japan_0055
RDD2020_Japan_Japan_005578.jpg,val,both,RDD2020,Japan_0055
RDD2020_Japan_Japan_005579.jpg,val,alligator_crack,RDD2020,Japan_0055
RDD2020_Japan_Japan_005582.jpg,val,both,RDD2020,Japan_0055
RDD2020_Japan_Japan_005583.jpg,val,pothole,RDD2020,Japan_0055
RDD2020_Japan_Japan_005585.jpg,val,alligator_crack,RDD2020,Japan_0055
RDD2020_Japan_Japan_005586.jpg,val,pothole,RDD2020,Japan_0055
RDD2020_Japan_Japan_005587.jpg,val,pothole,RDD2020,Japan_0055
RDD2020_Japan_Japan_005588.jpg,val,alligator_crack,RDD2020,Japan_0055
RDD2020_Japan_Japan_005590.jpg,val,alligator_crack,RDD2020,Japan_0055
RDD2020_Japan_Japan_005591.jpg,val,alligator_crack,RDD2020,Japan_0055
RDD2020_Japan_Japan_005592.jpg,val,alligator_crack,RDD2020,Japan_0055
RDD2020_Japan_Japan_005593.jpg,val,alligator_crack,RDD2020,Japan_0055
RDD2020_Japan_Japan_005599.jpg,val,pothole,RDD2020,Japan_0055
RDD2020_India_India_008800.jpg,val,alligator_crack,RDD2020,India_0088
RDD2020_India_India_008801.jpg,val,pothole,RDD2020,India_0088
RDD2020_India_India_008802.jpg,val,both,RDD2020,India_0088
RDD2020_India_India_008807.jpg,val,pothole,RDD2020,India_0088
RDD2020_India_India_008812.jpg,val,alligator_crack,RDD2020,India_0088
RDD2020_India_India_008819.jpg,val,both,RDD2020,India_0088
RDD2020_India_India_008821.jpg,val,pothole,RDD2020,India_0088
RDD2020_India_India_008826.jpg,val,both,RDD2020,India_0088
RDD2020_India_India_008829.jpg,val,alligator_crack,RDD2020,India_0088
RDD2020_India_India_008846.jpg,val,alligator_crack,RDD2020,India_0088
RDD2020_India_India_008851.jpg,val,alligator_crack,RDD2020,India_0088
RDD2020_India_India_008852.jpg,val,pothole,RDD2020,India_0088
RDD2020_India_India_008853.jpg,val,alligator_crack,RDD2020,India_0088
RDD2020_India_India_008860.jpg,val,pothole,RDD2020,India_0088
RDD2020_India_India_008867.jpg,val,pothole,RDD2020,India_0088
RDD2020_India_India_008870.jpg,val,pothole,RDD2020,India_0088
RDD2020_India_India_008872.jpg,val,both,RDD2020,India_0088
RDD2020_India_India_008878.jpg,val,alligator_crack,RDD2020,India_0088
RDD2020_India_India_008881.jpg,val,both,RDD2020,India_0088
RDD2020_India_India_008886.jpg,val,alligator_crack,RDD2020,India_0088
RDD2020_India_India_008893.jpg,val,alligator_crack,RDD2020,India_0088
RDD2020_Czech_Czech_003001.jpg,val,pothole,RDD2020,Czech_0030
RDD2020_Czech_Czech_003003.jpg,val,pothole,RDD2020,Czech_0030
RDD2020_Czech_Czech_003015.jpg,val,alligator_crack,RDD2020,Czech_0030
RDD2020_Czech_Czech_003025.jpg,val,pothole,RDD2020,Czech_0030
RDD2020_Czech_Czech_003049.jpg,val,pothole,RDD2020,Czech_0030
RDD2020_Czech_Czech_003051.jpg,val,alligator_crack,RDD2020,Czech_0030
RDD2020_Czech_Czech_003072.jpg,val,both,RDD2020,Czech_0030
RDD2020_Czech_Czech_003086.jpg,val,alligator_crack,RDD2020,Czech_0030
RDD2020_Czech_Czech_003095.jpg,val,pothole,RDD2020,Czech_0030
RDD2020_India_India_009100.jpg,val,both,RDD2020,India_0091
RDD2020_India_India_009107.jpg,val,alligator_crack,RDD2020,India_0091
RDD2020_India_India_009108.jpg,val,alligator_crack,RDD2020,India_0091
RDD2020_India_India_009112.jpg,val,alligator_crack,RDD2020,India_0091
RDD2020_India_India_009117.jpg,val,pothole,RDD2020,India_0091
RDD2020_India_India_009119.jpg,val,alligator_crack,RDD2020,India_0091
RDD2020_India_India_009122.jpg,val,pothole,RDD2020,India_0091
RDD2020_India_India_009123.jpg,val,pothole,RDD2020,India_0091
RDD2020_India_India_009127.jpg,val,alligator_crack,RDD2020,India_0091
RDD2020_India_India_009128.jpg,val,alligator_crack,RDD2020,India_0091
RDD2020_India_India_009129.jpg,val,pothole,RDD2020,India_0091
RDD2020_India_India_009131.jpg,val,pothole,RDD2020,India_0091
RDD2020_India_India_009132.jpg,val,alligator_crack,RDD2020,India_0091
RDD2020_India_India_009133.jpg,val,alligator_crack,RDD2020,India_0091
RDD2020_India_India_009138.jpg,val,pothole,RDD2020,India_0091
RDD2020_India_India_009142.jpg,val,pothole,RDD2020,India_0091
RDD2020_India_India_009144.jpg,val,pothole,RDD2020,India_0091
RDD2020_India_India_009147.jpg,val,alligator_crack,RDD2020,India_0091
RDD2020_India_India_009148.jpg,val,pothole,RDD2020,India_0091
RDD2020_India_India_009151.jpg,val,pothole,RDD2020,India_0091
RDD2020_India_India_009153.jpg,val,pothole,RDD2020,India_0091
RDD2020_India_India_009157.jpg,val,pothole,RDD2020,India_0091
RDD2020_India_India_009159.jpg,val,alligator_crack,RDD2020,India_0091
RDD2020_India_India_009163.jpg,val,both,RDD2020,India_0091
RDD2020_India_India_009164.jpg,val,alligator_crack,RDD2020,India_0091
RDD2020_India_India_009167.jpg,val,alligator_crack,RDD2020,India_0091
RDD2020_India_India_009171.jpg,val,both,RDD2020,India_0091
RDD2020_India_India_009172.jpg,val,alligator_crack,RDD2020,India_0091
RDD2020_India_India_009173.jpg,val,pothole,RDD2020,India_0091
RDD2020_India_India_009177.jpg,val,pothole,RDD2020,India_0091
RDD2020_India_India_009178.jpg,val,alligator_crack,RDD2020,India_0091
RDD2020_India_India_009180.jpg,val,both,RDD2020,India_0091
RDD2020_India_India_009184.jpg,val,alligator_crack,RDD2020,India_0091
RDD2020_India_India_009185.jpg,val,both,RDD2020,India_0091
RDD2020_India_India_009193.jpg,val,alligator_crack,RDD2020,India_0091
RDD2020_India_India_002404.jpg,val,both,RDD2020,India_0024
RDD2020_India_India_002405.jpg,val,both,RDD2020,India_0024
RDD2020_India_India_002410.jpg,val,pothole,RDD2020,India_0024
RDD2020_India_India_002411.jpg,val,both,RDD2020,India_0024
RDD2020_India_India_002419.jpg,val,pothole,RDD2020,India_0024
RDD2020_India_India_002426.jpg,val,pothole,RDD2020,India_0024
RDD2020_India_India_002428.jpg,val,both,RDD2020,India_0024
RDD2020_India_India_002429.jpg,val,pothole,RDD2020,India_0024
RDD2020_India_India_002437.jpg,val,alligator_crack,RDD2020,India_0024
RDD2020_India_India_002447.jpg,val,pothole,RDD2020,India_0024
RDD2020_India_India_002449.jpg,val,alligator_crack,RDD2020,India_0024
RDD2020_India_India_002450.jpg,val,alligator_crack,RDD2020,India_0024
RDD2020_India_India_002455.jpg,val,alligator_crack,RDD2020,India_0024
RDD2020_India_India_002459.jpg,val,pothole,RDD2020,India_0024
RDD2020_India_India_002464.jpg,val,alligator_crack,RDD2020,India_0024
RDD2020_India_India_002480.jpg,val,alligator_crack,RDD2020,India_0024
RDD2020_India_India_002487.jpg,val,both,RDD2020,India_0024
RDD2020_India_India_002494.jpg,val,alligator_crack,RDD2020,India_0024
RDD2020_India_India_002496.jpg,val,both,RDD2020,India_0024
RDD2020_India_India_002497.jpg,val,both,RDD2020,India_0024
RDD2020_India_India_002498.jpg,val,pothole,RDD2020,India_0024
RDD2020_India_India_002499.jpg,val,both,RDD2020,India_0024
RDD2020_India_India_009707.jpg,val,alligator_crack,RDD2020,India_0097
RDD2020_India_India_009719.jpg,val,alligator_crack,RDD2020,India_0097
RDD2020_India_India_009723.jpg,val,both,RDD2020,India_0097
RDD2020_India_India_009725.jpg,val,both,RDD2020,India_0097
RDD2020_India_India_009734.jpg,val,both,RDD2020,India_0097
RDD2020_India_India_009735.jpg,val,pothole,RDD2020,India_0097
RDD2020_India_India_009742.jpg,val,both,RDD2020,India_0097
RDD2020_India_India_009743.jpg,val,alligator_crack,RDD2020,India_0097
RDD2020_India_India_009744.jpg,val,alligator_crack,RDD2020,India_0097
RDD2020_India_India_009748.jpg,val,pothole,RDD2020,India_0097
RDD2020_India_India_009750.jpg,val,alligator_crack,RDD2020,India_0097
RDD2020_India_India_009751.jpg,val,alligator_crack,RDD2020,India_0097
RDD2020_India_India_009752.jpg,val,pothole,RDD2020,India_0097
RDD2020_India_India_009755.jpg,val,alligator_crack,RDD2020,India_0097
RDD2020_India_India_009756.jpg,val,both,RDD2020,India_0097
RDD2020_India_India_009763.jpg,val,pothole,RDD2020,India_0097
RDD2020_India_India_009765.jpg,val,pothole,RDD2020,India_0097
RDD2020_India_India_009766.jpg,val,alligator_crack,RDD2020,India_0097
RDD2020_India_India_009775.jpg,val,alligator_crack,RDD2020,India_0097
RDD2020_India_India_009782.jpg,val,pothole,RDD2020,India_0097
RDD2020_India_India_009785.jpg,val,pothole,RDD2020,India_0097
RDD2020_India_India_009792.jpg,val,pothole,RDD2020,India_0097
RDD2020_India_India_009793.jpg,val,alligator_crack,RDD2020,India_0097
RDD2020_India_India_009794.jpg,val,pothole,RDD2020,India_0097
RDD2020_India_India_009797.jpg,val,alligator_crack,RDD2020,India_0097
RDD2020_India_India_002301.jpg,val,alligator_crack,RDD2020,India_0023
RDD2020_India_India_002305.jpg,val,pothole,RDD2020,India_0023
RDD2020_India_India_002307.jpg,val,alligator_crack,RDD2020,India_0023
RDD2020_India_India_002318.jpg,val,pothole,RDD2020,India_0023
RDD2020_India_India_002319.jpg,val,pothole,RDD2020,India_0023
RDD2020_India_India_002321.jpg,val,alligator_crack,RDD2020,India_0023
RDD2020_India_India_002330.jpg,val,alligator_crack,RDD2020,India_0023
RDD2020_India_India_002331.jpg,val,pothole,RDD2020,India_0023
RDD2020_India_India_002337.jpg,val,alligator_crack,RDD2020,India_0023
RDD2020_India_India_002340.jpg,val,pothole,RDD2020,India_0023
RDD2020_India_India_002341.jpg,val,both,RDD2020,India_0023
RDD2020_India_India_002342.jpg,val,pothole,RDD2020,India_0023
RDD2020_India_India_002344.jpg,val,alligator_crack,RDD2020,India_0023
RDD2020_India_India_002345.jpg,val,pothole,RDD2020,India_0023
RDD2020_India_India_002348.jpg,val,alligator_crack,RDD2020,India_0023
RDD2020_India_India_002349.jpg,val,alligator_crack,RDD2020,India_0023
RDD2020_India_India_002352.jpg,val,alligator_crack,RDD2020,India_0023
RDD2020_India_India_002363.jpg,val,pothole,RDD2020,India_0023
RDD2020_India_India_002364.jpg,val,alligator_crack,RDD2020,India_0023
RDD2020_India_India_002366.jpg,val,alligator_crack,RDD2020,India_0023
RDD2020_India_India_002368.jpg,val,alligator_crack,RDD2020,India_0023
RDD2020_India_India_002371.jpg,val,pothole,RDD2020,India_0023
RDD2020_India_India_002376.jpg,val,pothole,RDD2020,India_0023
RDD2020_India_India_002378.jpg,val,alligator_crack,RDD2020,India_0023
RDD2020_India_India_002379.jpg,val,alligator_crack,RDD2020,India_0023
RDD2020_India_India_002385.jpg,val,pothole,RDD2020,India_0023
RDD2020_India_India_002386.jpg,val,alligator_crack,RDD2020,India_0023
RDD2020_India_India_002390.jpg,val,pothole,RDD2020,India_0023
RDD2020_India_India_002395.jpg,val,pothole,RDD2020,India_0023
RDD2020_India_India_002398.jpg,val,alligator_crack,RDD2020,India_0023
RDD2020_India_India_002605.jpg,val,alligator_crack,RDD2020,India_0026
RDD2020_India_India_002608.jpg,val,pothole,RDD2020,India_0026
RDD2020_India_India_002611.jpg,val,alligator_crack,RDD2020,India_0026
RDD2020_India_India_002614.jpg,val,alligator_crack,RDD2020,India_0026
RDD2020_India_India_002616.jpg,val,alligator_crack,RDD2020,India_0026
RDD2020_India_India_002642.jpg,val,pothole,RDD2020,India_0026
RDD2020_India_India_002644.jpg,val,alligator_crack,RDD2020,India_0026
RDD2020_India_India_002646.jpg,val,alligator_crack,RDD2020,India_0026
RDD2020_India_India_002652.jpg,val,alligator_crack,RDD2020,India_0026
RDD2020_India_India_002658.jpg,val,pothole,RDD2020,India_0026
RDD2020_India_India_002664.jpg,val,pothole,RDD2020,India_0026
RDD2020_India_India_002665.jpg,val,pothole,RDD2020,India_0026
RDD2020_India_India_002666.jpg,val,alligator_crack,RDD2020,India_0026
RDD2020_India_India_002667.jpg,val,pothole,RDD2020,India_0026
RDD2020_India_India_002668.jpg,val,alligator_crack,RDD2020,India_0026
RDD2020_India_India_002673.jpg,val,pothole,RDD2020,India_0026
RDD2020_India_India_002678.jpg,val,pothole,RDD2020,India_0026
RDD2020_India_India_002679.jpg,val,pothole,RDD2020,India_0026
RDD2020_India_India_002681.jpg,val,pothole,RDD2020,India_0026
RDD2020_India_India_002685.jpg,val,pothole,RDD2020,India_0026
RDD2020_India_India_002689.jpg,val,alligator_crack,RDD2020,India_0026
RDD2020_India_India_002696.jpg,val,both,RDD2020,India_0026
RDD2020_Czech_Czech_001302.jpg,val,alligator_crack,RDD2020,Czech_0013
RDD2020_Czech_Czech_001353.jpg,val,pothole,RDD2020,Czech_0013
RDD2020_Czech_Czech_001372.jpg,val,alligator_crack,RDD2020,Czech_0013
RDD2020_Czech_Czech_001381.jpg,val,alligator_crack,RDD2020,Czech_0013
RDD2020_Czech_Czech_001386.jpg,val,pothole,RDD2020,Czech_0013
RDD2020_Czech_Czech_001390.jpg,val,alligator_crack,RDD2020,Czech_0013
RDD2020_Czech_Czech_003338.jpg,val,alligator_crack,RDD2020,Czech_0033
RDD2020_Czech_Czech_003345.jpg,val,alligator_crack,RDD2020,Czech_0033
RDD2020_Czech_Czech_003364.jpg,val,pothole,RDD2020,Czech_0033
RDD2020_Czech_Czech_003394.jpg,val,pothole,RDD2020,Czech_0033
RDD2020_India_India_008606.jpg,test,alligator_crack,RDD2020,India_0086
RDD2020_India_India_008609.jpg,test,pothole,RDD2020,India_0086
RDD2020_India_India_008618.jpg,test,both,RDD2020,India_0086
RDD2020_India_India_008620.jpg,test,both,RDD2020,India_0086
RDD2020_India_India_008623.jpg,test,alligator_crack,RDD2020,India_0086
RDD2020_India_India_008627.jpg,test,pothole,RDD2020,India_0086
RDD2020_India_India_008632.jpg,test,pothole,RDD2020,India_0086
RDD2020_India_India_008633.jpg,test,alligator_crack,RDD2020,India_0086
RDD2020_India_India_008636.jpg,test,both,RDD2020,India_0086
RDD2020_India_India_008639.jpg,test,both,RDD2020,India_0086
RDD2020_India_India_008650.jpg,test,alligator_crack,RDD2020,India_0086
RDD2020_India_India_008652.jpg,test,pothole,RDD2020,India_0086
RDD2020_India_India_008654.jpg,test,alligator_crack,RDD2020,India_0086
RDD2020_India_India_008657.jpg,test,alligator_crack,RDD2020,India_0086
RDD2020_India_India_008658.jpg,test,alligator_crack,RDD2020,India_0086
RDD2020_India_India_008659.jpg,test,pothole,RDD2020,India_0086
RDD2020_India_India_008661.jpg,test,pothole,RDD2020,India_0086
RDD2020_India_India_008662.jpg,test,both,RDD2020,India_0086
RDD2020_India_India_008664.jpg,test,alligator_crack,RDD2020,India_0086
RDD2020_India_India_008667.jpg,test,pothole,RDD2020,India_0086
RDD2020_India_India_008670.jpg,test,pothole,RDD2020,India_0086
RDD2020_India_India_008673.jpg,test,pothole,RDD2020,India_0086
RDD2020_India_India_008675.jpg,test,alligator_crack,RDD2020,India_0086
RDD2020_India_India_008676.jpg,test,both,RDD2020,India_0086
RDD2020_India_India_008677.jpg,test,pothole,RDD2020,India_0086
RDD2020_India_India_008680.jpg,test,alligator_crack,RDD2020,India_0086
RDD2020_India_India_008682.jpg,test,both,RDD2020,India_0086
RDD2020_India_India_008684.jpg,test,alligator_crack,RDD2020,India_0086
RDD2020_India_India_008691.jpg,test,alligator_crack,RDD2020,India_0086
RDD2020_India_India_008694.jpg,test,pothole,RDD2020,India_0086
RDD2020_India_India_008695.jpg,test,pothole,RDD2020,India_0086
RDD2020_India_India_008698.jpg,test,both,RDD2020,India_0086
RDD2020_Japan_Japan_009606.jpg,test,alligator_crack,RDD2020,Japan_0096
RDD2020_Japan_Japan_009611.jpg,test,alligator_crack,RDD2020,Japan_0096
RDD2020_Japan_Japan_009614.jpg,test,alligator_crack,RDD2020,Japan_0096
RDD2020_Japan_Japan_009617.jpg,test,alligator_crack,RDD2020,Japan_0096
RDD2020_Japan_Japan_009620.jpg,test,alligator_crack,RDD2020,Japan_0096
RDD2020_Japan_Japan_009624.jpg,test,alligator_crack,RDD2020,Japan_0096
RDD2020_Japan_Japan_009630.jpg,test,both,RDD2020,Japan_0096
RDD2020_Japan_Japan_009633.jpg,test,alligator_crack,RDD2020,Japan_0096
RDD2020_Japan_Japan_009635.jpg,test,alligator_crack,RDD2020,Japan_0096
RDD2020_Japan_Japan_009637.jpg,test,both,RDD2020,Japan_0096
RDD2020_Japan_Japan_009638.jpg,test,alligator_crack,RDD2020,Japan_0096
RDD2020_Japan_Japan_009641.jpg,test,alligator_crack,RDD2020,Japan_0096
RDD2020_Japan_Japan_009644.jpg,test,both,RDD2020,Japan_0096
RDD2020_Japan_Japan_009645.jpg,test,alligator_crack,RDD2020,Japan_0096
RDD2020_Japan_Japan_009648.jpg,test,alligator_crack,RDD2020,Japan_0096
RDD2020_Japan_Japan_009651.jpg,test,alligator_crack,RDD2020,Japan_0096
RDD2020_Japan_Japan_009656.jpg,test,alligator_crack,RDD2020,Japan_0096
RDD2020_Japan_Japan_009658.jpg,test,alligator_crack,RDD2020,Japan_0096
RDD2020_Japan_Japan_009659.jpg,test,alligator_crack,RDD2020,Japan_0096
RDD2020_Japan_Japan_009662.jpg,test,pothole,RDD2020,Japan_0096
RDD2020_Japan_Japan_009663.jpg,test,both,RDD2020,Japan_0096
RDD2020_Japan_Japan_009666.jpg,test,alligator_crack,RDD2020,Japan_0096
RDD2020_Japan_Japan_009667.jpg,test,alligator_crack,RDD2020,Japan_0096
RDD2020_Japan_Japan_009668.jpg,test,pothole,RDD2020,Japan_0096
RDD2020_Japan_Japan_009669.jpg,test,both,RDD2020,Japan_0096
RDD2020_Japan_Japan_009670.jpg,test,alligator_crack,RDD2020,Japan_0096
RDD2020_Japan_Japan_009672.jpg,test,both,RDD2020,Japan_0096
RDD2020_Japan_Japan_009675.jpg,test,alligator_crack,RDD2020,Japan_0096
RDD2020_Japan_Japan_009676.jpg,test,alligator_crack,RDD2020,Japan_0096
RDD2020_Japan_Japan_009677.jpg,test,alligator_crack,RDD2020,Japan_0096
RDD2020_Japan_Japan_009678.jpg,test,alligator_crack,RDD2020,Japan_0096
RDD2020_Japan_Japan_009681.jpg,test,pothole,RDD2020,Japan_0096
RDD2020_Japan_Japan_009684.jpg,test,both,RDD2020,Japan_0096
RDD2020_Japan_Japan_009685.jpg,test,alligator_crack,RDD2020,Japan_0096
RDD2020_Japan_Japan_009689.jpg,test,alligator_crack,RDD2020,Japan_0096
RDD2020_Japan_Japan_009690.jpg,test,alligator_crack,RDD2020,Japan_0096
RDD2020_Japan_Japan_009697.jpg,test,pothole,RDD2020,Japan_0096
RDD2020_Japan_Japan_009698.jpg,test,both,RDD2020,Japan_0096
RDD2020_India_India_005510.jpg,test,pothole,RDD2020,India_0055
RDD2020_India_India_005519.jpg,test,pothole,RDD2020,India_0055
RDD2020_India_India_005526.jpg,test,both,RDD2020,India_0055
RDD2020_India_India_005535.jpg,test,alligator_crack,RDD2020,India_0055
RDD2020_India_India_005539.jpg,test,pothole,RDD2020,India_0055
RDD2020_India_India_005541.jpg,test,both,RDD2020,India_0055
RDD2020_India_India_005543.jpg,test,both,RDD2020,India_0055
RDD2020_India_India_005545.jpg,test,both,RDD2020,India_0055
RDD2020_India_India_005546.jpg,test,pothole,RDD2020,India_0055
RDD2020_India_India_005547.jpg,test,both,RDD2020,India_0055
RDD2020_India_India_005548.jpg,test,pothole,RDD2020,India_0055
RDD2020_India_India_005550.jpg,test,both,RDD2020,India_0055
RDD2020_India_India_005557.jpg,test,alligator_crack,RDD2020,India_0055
RDD2020_India_India_005559.jpg,test,both,RDD2020,India_0055
RDD2020_India_India_005563.jpg,test,alligator_crack,RDD2020,India_0055
RDD2020_India_India_005564.jpg,test,pothole,RDD2020,India_0055
RDD2020_India_India_005568.jpg,test,alligator_crack,RDD2020,India_0055
RDD2020_India_India_005569.jpg,test,both,RDD2020,India_0055
RDD2020_India_India_005576.jpg,test,alligator_crack,RDD2020,India_0055
RDD2020_India_India_005578.jpg,test,both,RDD2020,India_0055
RDD2020_India_India_005580.jpg,test,alligator_crack,RDD2020,India_0055
RDD2020_India_India_005588.jpg,test,pothole,RDD2020,India_0055
RDD2020_India_India_005593.jpg,test,alligator_crack,RDD2020,India_0055
RDD2020_India_India_005595.jpg,test,both,RDD2020,India_0055
RDD2020_India_India_003909.jpg,test,pothole,RDD2020,India_0039
RDD2020_India_India_003911.jpg,test,pothole,RDD2020,India_0039
RDD2020_India_India_003913.jpg,test,both,RDD2020,India_0039
RDD2020_India_India_003917.jpg,test,alligator_crack,RDD2020,India_0039
RDD2020_India_India_003919.jpg,test,alligator_crack,RDD2020,India_0039
RDD2020_India_India_003920.jpg,test,alligator_crack,RDD2020,India_0039
RDD2020_India_India_003923.jpg,test,pothole,RDD2020,India_0039
RDD2020_India_India_003925.jpg,test,pothole,RDD2020,India_0039
RDD2020_India_India_003926.jpg,test,both,RDD2020,India_0039
RDD2020_India_India_003928.jpg,test,alligator_crack,RDD2020,India_0039
RDD2020_India_India_003936.jpg,test,pothole,RDD2020,India_0039
RDD2020_India_India_003939.jpg,test,pothole,RDD2020,India_0039
RDD2020_India_India_003941.jpg,test,both,RDD2020,India_0039
RDD2020_India_India_003946.jpg,test,alligator_crack,RDD2020,India_0039
RDD2020_India_India_003948.jpg,test,alligator_crack,RDD2020,India_0039
RDD2020_India_India_003951.jpg,test,pothole,RDD2020,India_0039
RDD2020_India_India_003953.jpg,test,alligator_crack,RDD2020,India_0039
RDD2020_India_India_003967.jpg,test,pothole,RDD2020,India_0039
RDD2020_India_India_003973.jpg,test,pothole,RDD2020,India_0039
RDD2020_India_India_003975.jpg,test,both,RDD2020,India_0039
RDD2020_India_India_003976.jpg,test,both,RDD2020,India_0039
RDD2020_India_India_003980.jpg,test,both,RDD2020,India_0039
RDD2020_India_India_003983.jpg,test,alligator_crack,RDD2020,India_0039
RDD2020_India_India_003987.jpg,test,pothole,RDD2020,India_0039
RDD2020_India_India_003992.jpg,test,alligator_crack,RDD2020,India_0039
RDD2020_India_India_003993.jpg,test,both,RDD2020,India_0039
RDD2020_India_India_003999.jpg,test,alligator_crack,RDD2020,India_0039
RDD2020_India_India_008701.jpg,test,both,RDD2020,India_0087
RDD2020_India_India_008703.jpg,test,both,RDD2020,India_0087
RDD2020_India_India_008704.jpg,test,alligator_crack,RDD2020,India_0087
RDD2020_India_India_008706.jpg,test,alligator_crack,RDD2020,India_0087
RDD2020_India_India_008707.jpg,test,alligator_crack,RDD2020,India_0087
RDD2020_India_India_008711.jpg,test,alligator_crack,RDD2020,India_0087
RDD2020_India_India_008712.jpg,test,pothole,RDD2020,India_0087
RDD2020_India_India_008715.jpg,test,alligator_crack,RDD2020,India_0087
RDD2020_India_India_008719.jpg,test,alligator_crack,RDD2020,India_0087
RDD2020_India_India_008724.jpg,test,alligator_crack,RDD2020,India_0087
RDD2020_India_India_008726.jpg,test,pothole,RDD2020,India_0087
RDD2020_India_India_008728.jpg,test,both,RDD2020,India_0087
RDD2020_India_India_008731.jpg,test,alligator_crack,RDD2020,India_0087
RDD2020_India_India_008733.jpg,test,pothole,RDD2020,India_0087
RDD2020_India_India_008745.jpg,test,alligator_crack,RDD2020,India_0087
RDD2020_India_India_008746.jpg,test,both,RDD2020,India_0087
RDD2020_India_India_008749.jpg,test,both,RDD2020,India_0087
RDD2020_India_India_008750.jpg,test,both,RDD2020,India_0087
RDD2020_India_India_008752.jpg,test,both,RDD2020,India_0087
RDD2020_India_India_008762.jpg,test,both,RDD2020,India_0087
RDD2020_India_India_008768.jpg,test,alligator_crack,RDD2020,India_0087
RDD2020_India_India_008771.jpg,test,pothole,RDD2020,India_0087
RDD2020_India_India_008772.jpg,test,both,RDD2020,India_0087
RDD2020_India_India_008780.jpg,test,alligator_crack,RDD2020,India_0087
RDD2020_India_India_008789.jpg,test,pothole,RDD2020,India_0087
RDD2020_India_India_008792.jpg,test,alligator_crack,RDD2020,India_0087
RDD2020_India_India_008798.jpg,test,alligator_crack,RDD2020,India_0087
RDD2020_Japan_Japan_000901.jpg,test,negative_background,RDD2020,Japan_0009
RDD2020_Japan_Japan_000902.jpg,test,both,RDD2020,Japan_0009
RDD2020_Japan_Japan_000903.jpg,test,negative_background,RDD2020,Japan_0009
RDD2020_Japan_Japan_000908.jpg,test,negative_background,RDD2020,Japan_0009
RDD2020_Japan_Japan_000910.jpg,test,alligator_crack,RDD2020,Japan_0009
RDD2020_Japan_Japan_000911.jpg,test,alligator_crack,RDD2020,Japan_0009
RDD2020_Japan_Japan_000912.jpg,test,negative_background,RDD2020,Japan_0009
RDD2020_Japan_Japan_000913.jpg,test,negative_background,RDD2020,Japan_0009
RDD2020_Japan_Japan_000914.jpg,test,alligator_crack,RDD2020,Japan_0009
RDD2020_Japan_Japan_000915.jpg,test,alligator_crack,RDD2020,Japan_0009
RDD2020_Japan_Japan_000916.jpg,test,negative_background,RDD2020,Japan_0009
RDD2020_Japan_Japan_000917.jpg,test,alligator_crack,RDD2020,Japan_0009
RDD2020_Japan_Japan_000918.jpg,test,negative_background,RDD2020,Japan_0009
RDD2020_Japan_Japan_000920.jpg,test,alligator_crack,RDD2020,Japan_0009
RDD2020_Japan_Japan_000921.jpg,test,negative_background,RDD2020,Japan_0009
RDD2020_Japan_Japan_000922.jpg,test,negative_background,RDD2020,Japan_0009
RDD2020_Japan_Japan_000923.jpg,test,negative_background,RDD2020,Japan_0009
RDD2020_Japan_Japan_000924.jpg,test,both,RDD2020,Japan_0009
RDD2020_Japan_Japan_000925.jpg,test,negative_background,RDD2020,Japan_0009
RDD2020_Japan_Japan_000926.jpg,test,negative_background,RDD2020,Japan_0009
RDD2020_Japan_Japan_000927.jpg,test,alligator_crack,RDD2020,Japan_0009
RDD2020_Japan_Japan_000929.jpg,test,alligator_crack,RDD2020,Japan_0009
RDD2020_Japan_Japan_000930.jpg,test,negative_background,RDD2020,Japan_0009
RDD2020_Japan_Japan_000931.jpg,test,negative_background,RDD2020,Japan_0009
RDD2020_Japan_Japan_000932.jpg,test,negative_background,RDD2020,Japan_0009
RDD2020_Japan_Japan_000933.jpg,test,alligator_crack,RDD2020,Japan_0009
RDD2020_Japan_Japan_000934.jpg,test,pothole,RDD2020,Japan_0009
RDD2020_Japan_Japan_000935.jpg,test,negative_background,RDD2020,Japan_0009
RDD2020_Japan_Japan_000936.jpg,test,alligator_crack,RDD2020,Japan_0009
RDD2020_Japan_Japan_000939.jpg,test,alligator_crack,RDD2020,Japan_0009
RDD2020_Japan_Japan_000941.jpg,test,negative_background,RDD2020,Japan_0009
RDD2020_Japan_Japan_000942.jpg,test,negative_background,RDD2020,Japan_0009
RDD2020_Japan_Japan_000945.jpg,test,alligator_crack,RDD2020,Japan_0009
RDD2020_Japan_Japan_000947.jpg,test,negative_background,RDD2020,Japan_0009
RDD2020_Japan_Japan_000948.jpg,test,both,RDD2020,Japan_0009
RDD2020_Japan_Japan_000949.jpg,test,both,RDD2020,Japan_0009
RDD2020_Japan_Japan_000950.jpg,test,both,RDD2020,Japan_0009
RDD2020_Japan_Japan_000952.jpg,test,negative_background,RDD2020,Japan_0009
RDD2020_Japan_Japan_000953.jpg,test,alligator_crack,RDD2020,Japan_0009
RDD2020_Japan_Japan_000954.jpg,test,negative_background,RDD2020,Japan_0009
RDD2020_Japan_Japan_000955.jpg,test,negative_background,RDD2020,Japan_0009
RDD2020_Japan_Japan_000956.jpg,test,negative_background,RDD2020,Japan_0009
RDD2020_Japan_Japan_000958.jpg,test,both,RDD2020,Japan_0009
RDD2020_Japan_Japan_000959.jpg,test,negative_background,RDD2020,Japan_0009
RDD2020_Japan_Japan_000963.jpg,test,alligator_crack,RDD2020,Japan_0009
RDD2020_Japan_Japan_000964.jpg,test,alligator_crack,RDD2020,Japan_0009
RDD2020_Japan_Japan_000965.jpg,test,negative_background,RDD2020,Japan_0009
RDD2020_Japan_Japan_000970.jpg,test,alligator_crack,RDD2020,Japan_0009
RDD2020_Japan_Japan_000971.jpg,test,negative_background,RDD2020,Japan_0009
RDD2020_Japan_Japan_000972.jpg,test,negative_background,RDD2020,Japan_0009
RDD2020_Japan_Japan_000973.jpg,test,alligator_crack,RDD2020,Japan_0009
RDD2020_Japan_Japan_000974.jpg,test,negative_background,RDD2020,Japan_0009
RDD2020_Japan_Japan_000975.jpg,test,alligator_crack,RDD2020,Japan_0009
RDD2020_Japan_Japan_000976.jpg,test,negative_background,RDD2020,Japan_0009
RDD2020_Japan_Japan_000977.jpg,test,negative_background,RDD2020,Japan_0009
RDD2020_Japan_Japan_000978.jpg,test,negative_background,RDD2020,Japan_0009
RDD2020_Japan_Japan_000979.jpg,test,alligator_crack,RDD2020,Japan_0009
RDD2020_Japan_Japan_000980.jpg,test,alligator_crack,RDD2020,Japan_0009
RDD2020_Japan_Japan_000983.jpg,test,alligator_crack,RDD2020,Japan_0009
RDD2020_Japan_Japan_000984.jpg,test,alligator_crack,RDD2020,Japan_0009
RDD2020_Japan_Japan_000985.jpg,test,alligator_crack,RDD2020,Japan_0009
RDD2020_Japan_Japan_000987.jpg,test,both,RDD2020,Japan_0009
RDD2020_Japan_Japan_000989.jpg,test,negative_background,RDD2020,Japan_0009
RDD2020_Japan_Japan_000990.jpg,test,alligator_crack,RDD2020,Japan_0009
RDD2020_Japan_Japan_000992.jpg,test,negative_background,RDD2020,Japan_0009
RDD2020_Japan_Japan_000993.jpg,test,negative_background,RDD2020,Japan_0009
RDD2020_Japan_Japan_000994.jpg,test,pothole,RDD2020,Japan_0009
RDD2020_Japan_Japan_000996.jpg,test,negative_background,RDD2020,Japan_0009
RDD2020_Japan_Japan_000997.jpg,test,negative_background,RDD2020,Japan_0009
RDD2020_Japan_Japan_000998.jpg,test,negative_background,RDD2020,Japan_0009
RDD2020_Japan_Japan_000999.jpg,test,negative_background,RDD2020,Japan_0009
RDD2020_Japan_Japan_007900.jpg,test,both,RDD2020,Japan_0079
RDD2020_Japan_Japan_007903.jpg,test,pothole,RDD2020,Japan_0079
RDD2020_Japan_Japan_007905.jpg,test,pothole,RDD2020,Japan_0079
RDD2020_Japan_Japan_007912.jpg,test,alligator_crack,RDD2020,Japan_0079
RDD2020_Japan_Japan_007915.jpg,test,alligator_crack,RDD2020,Japan_0079
RDD2020_Japan_Japan_007916.jpg,test,alligator_crack,RDD2020,Japan_0079
RDD2020_Japan_Japan_007917.jpg,test,pothole,RDD2020,Japan_0079
RDD2020_Japan_Japan_007920.jpg,test,alligator_crack,RDD2020,Japan_0079
RDD2020_Japan_Japan_007922.jpg,test,pothole,RDD2020,Japan_0079
RDD2020_Japan_Japan_007924.jpg,test,alligator_crack,RDD2020,Japan_0079
RDD2020_Japan_Japan_007925.jpg,test,alligator_crack,RDD2020,Japan_0079
RDD2020_Japan_Japan_007926.jpg,test,pothole,RDD2020,Japan_0079
RDD2020_Japan_Japan_007927.jpg,test,alligator_crack,RDD2020,Japan_0079
RDD2020_Japan_Japan_007929.jpg,test,alligator_crack,RDD2020,Japan_0079
RDD2020_Japan_Japan_007937.jpg,test,both,RDD2020,Japan_0079
RDD2020_Japan_Japan_007938.jpg,test,alligator_crack,RDD2020,Japan_0079
RDD2020_Japan_Japan_007941.jpg,test,alligator_crack,RDD2020,Japan_0079
RDD2020_Japan_Japan_007942.jpg,test,both,RDD2020,Japan_0079
RDD2020_Japan_Japan_007944.jpg,test,alligator_crack,RDD2020,Japan_0079
RDD2020_Japan_Japan_007945.jpg,test,alligator_crack,RDD2020,Japan_0079
RDD2020_Japan_Japan_007947.jpg,test,alligator_crack,RDD2020,Japan_0079
RDD2020_Japan_Japan_007948.jpg,test,alligator_crack,RDD2020,Japan_0079
RDD2020_Japan_Japan_007949.jpg,test,alligator_crack,RDD2020,Japan_0079
RDD2020_Japan_Japan_007951.jpg,test,alligator_crack,RDD2020,Japan_0079
RDD2020_Japan_Japan_007953.jpg,test,alligator_crack,RDD2020,Japan_0079
RDD2020_Japan_Japan_007954.jpg,test,alligator_crack,RDD2020,Japan_0079
RDD2020_Japan_Japan_007956.jpg,test,alligator_crack,RDD2020,Japan_0079
RDD2020_Japan_Japan_007957.jpg,test,alligator_crack,RDD2020,Japan_0079
RDD2020_Japan_Japan_007958.jpg,test,alligator_crack,RDD2020,Japan_0079
RDD2020_Japan_Japan_007959.jpg,test,pothole,RDD2020,Japan_0079
RDD2020_Japan_Japan_007960.jpg,test,both,RDD2020,Japan_0079
RDD2020_Japan_Japan_007961.jpg,test,alligator_crack,RDD2020,Japan_0079
RDD2020_Japan_Japan_007962.jpg,test,alligator_crack,RDD2020,Japan_0079
RDD2020_Japan_Japan_007965.jpg,test,alligator_crack,RDD2020,Japan_0079
RDD2020_Japan_Japan_007968.jpg,test,alligator_crack,RDD2020,Japan_0079
RDD2020_Japan_Japan_007970.jpg,test,alligator_crack,RDD2020,Japan_0079
RDD2020_Japan_Japan_007971.jpg,test,both,RDD2020,Japan_0079
RDD2020_Japan_Japan_007974.jpg,test,alligator_crack,RDD2020,Japan_0079
RDD2020_Japan_Japan_007979.jpg,test,alligator_crack,RDD2020,Japan_0079
RDD2020_Japan_Japan_007982.jpg,test,alligator_crack,RDD2020,Japan_0079
RDD2020_Japan_Japan_007986.jpg,test,alligator_crack,RDD2020,Japan_0079
RDD2020_Japan_Japan_007987.jpg,test,alligator_crack,RDD2020,Japan_0079
RDD2020_Japan_Japan_007989.jpg,test,alligator_crack,RDD2020,Japan_0079
RDD2020_Japan_Japan_007992.jpg,test,both,RDD2020,Japan_0079
RDD2020_Japan_Japan_007994.jpg,test,both,RDD2020,Japan_0079
RDD2020_Japan_Japan_007995.jpg,test,alligator_crack,RDD2020,Japan_0079
RDD2020_India_India_004003.jpg,test,pothole,RDD2020,India_0040
RDD2020_India_India_004004.jpg,test,alligator_crack,RDD2020,India_0040
RDD2020_India_India_004011.jpg,test,alligator_crack,RDD2020,India_0040
RDD2020_India_India_004022.jpg,test,pothole,RDD2020,India_0040
RDD2020_India_India_004028.jpg,test,pothole,RDD2020,India_0040
RDD2020_India_India_004029.jpg,test,pothole,RDD2020,India_0040
RDD2020_India_India_004033.jpg,test,pothole,RDD2020,India_0040
RDD2020_India_India_004039.jpg,test,alligator_crack,RDD2020,India_0040
RDD2020_India_India_004040.jpg,test,alligator_crack,RDD2020,India_0040
RDD2020_India_India_004043.jpg,test,pothole,RDD2020,India_0040
RDD2020_India_India_004047.jpg,test,pothole,RDD2020,India_0040
RDD2020_India_India_004051.jpg,test,alligator_crack,RDD2020,India_0040
RDD2020_India_India_004060.jpg,test,both,RDD2020,India_0040
RDD2020_India_India_004061.jpg,test,alligator_crack,RDD2020,India_0040
RDD2020_India_India_004064.jpg,test,alligator_crack,RDD2020,India_0040
RDD2020_India_India_004065.jpg,test,pothole,RDD2020,India_0040
RDD2020_India_India_004066.jpg,test,alligator_crack,RDD2020,India_0040
RDD2020_India_India_004070.jpg,test,pothole,RDD2020,India_0040
RDD2020_India_India_004071.jpg,test,alligator_crack,RDD2020,India_0040
RDD2020_India_India_004073.jpg,test,alligator_crack,RDD2020,India_0040
RDD2020_India_India_004074.jpg,test,alligator_crack,RDD2020,India_0040
RDD2020_India_India_004080.jpg,test,alligator_crack,RDD2020,India_0040
RDD2020_India_India_004084.jpg,test,alligator_crack,RDD2020,India_0040
RDD2020_India_India_004086.jpg,test,alligator_crack,RDD2020,India_0040
RDD2020_India_India_004091.jpg,test,pothole,RDD2020,India_0040
RDD2020_India_India_004092.jpg,test,alligator_crack,RDD2020,India_0040
RDD2020_Japan_Japan_010701.jpg,test,alligator_crack,RDD2020,Japan_0107
RDD2020_Japan_Japan_010702.jpg,test,alligator_crack,RDD2020,Japan_0107
RDD2020_Japan_Japan_010703.jpg,test,alligator_crack,RDD2020,Japan_0107
RDD2020_Japan_Japan_010704.jpg,test,alligator_crack,RDD2020,Japan_0107
RDD2020_Japan_Japan_010705.jpg,test,both,RDD2020,Japan_0107
RDD2020_Japan_Japan_010706.jpg,test,alligator_crack,RDD2020,Japan_0107
RDD2020_Japan_Japan_010708.jpg,test,alligator_crack,RDD2020,Japan_0107
RDD2020_Japan_Japan_010711.jpg,test,alligator_crack,RDD2020,Japan_0107
RDD2020_Japan_Japan_010714.jpg,test,pothole,RDD2020,Japan_0107
RDD2020_Japan_Japan_010716.jpg,test,alligator_crack,RDD2020,Japan_0107
RDD2020_Japan_Japan_010717.jpg,test,alligator_crack,RDD2020,Japan_0107
RDD2020_Japan_Japan_010720.jpg,test,alligator_crack,RDD2020,Japan_0107
RDD2020_Japan_Japan_010722.jpg,test,alligator_crack,RDD2020,Japan_0107
RDD2020_Japan_Japan_010723.jpg,test,alligator_crack,RDD2020,Japan_0107
RDD2020_Japan_Japan_010731.jpg,test,alligator_crack,RDD2020,Japan_0107
RDD2020_Japan_Japan_010733.jpg,test,alligator_crack,RDD2020,Japan_0107
RDD2020_Japan_Japan_010734.jpg,test,alligator_crack,RDD2020,Japan_0107
RDD2020_Japan_Japan_010738.jpg,test,alligator_crack,RDD2020,Japan_0107
RDD2020_Japan_Japan_010739.jpg,test,pothole,RDD2020,Japan_0107
RDD2020_Japan_Japan_010740.jpg,test,both,RDD2020,Japan_0107
RDD2020_Japan_Japan_010742.jpg,test,alligator_crack,RDD2020,Japan_0107
RDD2020_Japan_Japan_010744.jpg,test,alligator_crack,RDD2020,Japan_0107
RDD2020_Japan_Japan_010751.jpg,test,alligator_crack,RDD2020,Japan_0107
RDD2020_Japan_Japan_010753.jpg,test,both,RDD2020,Japan_0107
RDD2020_Japan_Japan_010756.jpg,test,alligator_crack,RDD2020,Japan_0107
RDD2020_Japan_Japan_010758.jpg,test,both,RDD2020,Japan_0107
RDD2020_Japan_Japan_010762.jpg,test,both,RDD2020,Japan_0107
RDD2020_Japan_Japan_010764.jpg,test,both,RDD2020,Japan_0107
RDD2020_Japan_Japan_010765.jpg,test,both,RDD2020,Japan_0107
RDD2020_Japan_Japan_010766.jpg,test,pothole,RDD2020,Japan_0107
RDD2020_Japan_Japan_010769.jpg,test,both,RDD2020,Japan_0107
RDD2020_Japan_Japan_010770.jpg,test,alligator_crack,RDD2020,Japan_0107
RDD2020_Japan_Japan_010771.jpg,test,alligator_crack,RDD2020,Japan_0107
RDD2020_Japan_Japan_010772.jpg,test,alligator_crack,RDD2020,Japan_0107
RDD2020_Japan_Japan_010775.jpg,test,both,RDD2020,Japan_0107
RDD2020_Japan_Japan_010779.jpg,test,both,RDD2020,Japan_0107
RDD2020_Japan_Japan_010782.jpg,test,alligator_crack,RDD2020,Japan_0107
RDD2020_Japan_Japan_010784.jpg,test,alligator_crack,RDD2020,Japan_0107
RDD2020_Japan_Japan_010785.jpg,test,alligator_crack,RDD2020,Japan_0107
RDD2020_Japan_Japan_010791.jpg,test,alligator_crack,RDD2020,Japan_0107
RDD2020_Japan_Japan_010794.jpg,test,alligator_crack,RDD2020,Japan_0107
RDD2020_Japan_Japan_009501.jpg,test,alligator_crack,RDD2020,Japan_0095
RDD2020_Japan_Japan_009502.jpg,test,pothole,RDD2020,Japan_0095
RDD2020_Japan_Japan_009505.jpg,test,alligator_crack,RDD2020,Japan_0095
RDD2020_Japan_Japan_009506.jpg,test,pothole,RDD2020,Japan_0095
RDD2020_Japan_Japan_009507.jpg,test,both,RDD2020,Japan_0095
RDD2020_Japan_Japan_009509.jpg,test,both,RDD2020,Japan_0095
RDD2020_Japan_Japan_009511.jpg,test,alligator_crack,RDD2020,Japan_0095
RDD2020_Japan_Japan_009515.jpg,test,alligator_crack,RDD2020,Japan_0095
RDD2020_Japan_Japan_009520.jpg,test,both,RDD2020,Japan_0095
RDD2020_Japan_Japan_009523.jpg,test,alligator_crack,RDD2020,Japan_0095
RDD2020_Japan_Japan_009524.jpg,test,alligator_crack,RDD2020,Japan_0095
RDD2020_Japan_Japan_009525.jpg,test,alligator_crack,RDD2020,Japan_0095
RDD2020_Japan_Japan_009528.jpg,test,alligator_crack,RDD2020,Japan_0095
RDD2020_Japan_Japan_009535.jpg,test,both,RDD2020,Japan_0095
RDD2020_Japan_Japan_009538.jpg,test,alligator_crack,RDD2020,Japan_0095
RDD2020_Japan_Japan_009539.jpg,test,alligator_crack,RDD2020,Japan_0095
RDD2020_Japan_Japan_009542.jpg,test,alligator_crack,RDD2020,Japan_0095
RDD2020_Japan_Japan_009544.jpg,test,both,RDD2020,Japan_0095
RDD2020_Japan_Japan_009546.jpg,test,pothole,RDD2020,Japan_0095
RDD2020_Japan_Japan_009547.jpg,test,alligator_crack,RDD2020,Japan_0095
RDD2020_Japan_Japan_009551.jpg,test,alligator_crack,RDD2020,Japan_0095
RDD2020_Japan_Japan_009552.jpg,test,alligator_crack,RDD2020,Japan_0095
RDD2020_Japan_Japan_009556.jpg,test,alligator_crack,RDD2020,Japan_0095
RDD2020_Japan_Japan_009558.jpg,test,alligator_crack,RDD2020,Japan_0095
RDD2020_Japan_Japan_009559.jpg,test,both,RDD2020,Japan_0095
RDD2020_Japan_Japan_009560.jpg,test,alligator_crack,RDD2020,Japan_0095
RDD2020_Japan_Japan_009565.jpg,test,both,RDD2020,Japan_0095
RDD2020_Japan_Japan_009566.jpg,test,alligator_crack,RDD2020,Japan_0095
RDD2020_Japan_Japan_009567.jpg,test,both,RDD2020,Japan_0095
RDD2020_Japan_Japan_009568.jpg,test,alligator_crack,RDD2020,Japan_0095
RDD2020_Japan_Japan_009575.jpg,test,alligator_crack,RDD2020,Japan_0095
RDD2020_Japan_Japan_009577.jpg,test,alligator_crack,RDD2020,Japan_0095
RDD2020_Japan_Japan_009580.jpg,test,alligator_crack,RDD2020,Japan_0095
RDD2020_Japan_Japan_009582.jpg,test,alligator_crack,RDD2020,Japan_0095
RDD2020_Japan_Japan_009586.jpg,test,both,RDD2020,Japan_0095
RDD2020_Japan_Japan_009587.jpg,test,alligator_crack,RDD2020,Japan_0095
RDD2020_Japan_Japan_009593.jpg,test,alligator_crack,RDD2020,Japan_0095
RDD2020_Japan_Japan_009595.jpg,test,alligator_crack,RDD2020,Japan_0095
RDD2020_Japan_Japan_009597.jpg,test,alligator_crack,RDD2020,Japan_0095
RDD2020_India_India_000101.jpg,test,negative_background,RDD2020,India_0001
RDD2020_India_India_000102.jpg,test,negative_background,RDD2020,India_0001
RDD2020_India_India_000103.jpg,test,pothole,RDD2020,India_0001
RDD2020_India_India_000104.jpg,test,negative_background,RDD2020,India_0001
RDD2020_India_India_000105.jpg,test,pothole,RDD2020,India_0001
RDD2020_India_India_000106.jpg,test,negative_background,RDD2020,India_0001
RDD2020_India_India_000107.jpg,test,negative_background,RDD2020,India_0001
RDD2020_India_India_000108.jpg,test,negative_background,RDD2020,India_0001
RDD2020_India_India_000109.jpg,test,both,RDD2020,India_0001
RDD2020_India_India_000110.jpg,test,negative_background,RDD2020,India_0001
RDD2020_India_India_000111.jpg,test,negative_background,RDD2020,India_0001
RDD2020_India_India_000112.jpg,test,negative_background,RDD2020,India_0001
RDD2020_India_India_000113.jpg,test,negative_background,RDD2020,India_0001
RDD2020_India_India_000114.jpg,test,alligator_crack,RDD2020,India_0001
RDD2020_India_India_000115.jpg,test,pothole,RDD2020,India_0001
RDD2020_India_India_000116.jpg,test,negative_background,RDD2020,India_0001
RDD2020_India_India_000117.jpg,test,negative_background,RDD2020,India_0001
RDD2020_India_India_000118.jpg,test,negative_background,RDD2020,India_0001
RDD2020_India_India_000119.jpg,test,negative_background,RDD2020,India_0001
RDD2020_India_India_000121.jpg,test,negative_background,RDD2020,India_0001
RDD2020_India_India_000123.jpg,test,negative_background,RDD2020,India_0001
RDD2020_India_India_000124.jpg,test,negative_background,RDD2020,India_0001
RDD2020_India_India_000125.jpg,test,negative_background,RDD2020,India_0001
RDD2020_India_India_000126.jpg,test,both,RDD2020,India_0001
RDD2020_India_India_000127.jpg,test,both,RDD2020,India_0001
RDD2020_India_India_000128.jpg,test,pothole,RDD2020,India_0001
RDD2020_India_India_000129.jpg,test,negative_background,RDD2020,India_0001
RDD2020_India_India_000130.jpg,test,alligator_crack,RDD2020,India_0001
RDD2020_India_India_000131.jpg,test,both,RDD2020,India_0001
RDD2020_India_India_000132.jpg,test,negative_background,RDD2020,India_0001
RDD2020_India_India_000133.jpg,test,negative_background,RDD2020,India_0001
RDD2020_India_India_000134.jpg,test,negative_background,RDD2020,India_0001
RDD2020_India_India_000135.jpg,test,negative_background,RDD2020,India_0001
RDD2020_India_India_000136.jpg,test,negative_background,RDD2020,India_0001
RDD2020_India_India_000138.jpg,test,negative_background,RDD2020,India_0001
RDD2020_India_India_000140.jpg,test,negative_background,RDD2020,India_0001
RDD2020_India_India_000142.jpg,test,alligator_crack,RDD2020,India_0001
RDD2020_India_India_000144.jpg,test,negative_background,RDD2020,India_0001
RDD2020_India_India_000145.jpg,test,negative_background,RDD2020,India_0001
RDD2020_India_India_000146.jpg,test,negative_background,RDD2020,India_0001
RDD2020_India_India_000147.jpg,test,both,RDD2020,India_0001
RDD2020_India_India_000148.jpg,test,negative_background,RDD2020,India_0001
RDD2020_India_India_000150.jpg,test,negative_background,RDD2020,India_0001
RDD2020_India_India_000151.jpg,test,negative_background,RDD2020,India_0001
RDD2020_India_India_000155.jpg,test,pothole,RDD2020,India_0001
RDD2020_India_India_000156.jpg,test,negative_background,RDD2020,India_0001
RDD2020_India_India_000157.jpg,test,alligator_crack,RDD2020,India_0001
RDD2020_India_India_000158.jpg,test,alligator_crack,RDD2020,India_0001
RDD2020_India_India_000160.jpg,test,negative_background,RDD2020,India_0001
RDD2020_India_India_000162.jpg,test,negative_background,RDD2020,India_0001
RDD2020_India_India_000163.jpg,test,negative_background,RDD2020,India_0001
RDD2020_India_India_000164.jpg,test,alligator_crack,RDD2020,India_0001
RDD2020_India_India_000165.jpg,test,negative_background,RDD2020,India_0001
RDD2020_India_India_000166.jpg,test,negative_background,RDD2020,India_0001
RDD2020_India_India_000168.jpg,test,pothole,RDD2020,India_0001
RDD2020_India_India_000169.jpg,test,negative_background,RDD2020,India_0001
RDD2020_India_India_000170.jpg,test,negative_background,RDD2020,India_0001
RDD2020_India_India_000171.jpg,test,negative_background,RDD2020,India_0001
RDD2020_India_India_000173.jpg,test,pothole,RDD2020,India_0001
RDD2020_India_India_000174.jpg,test,pothole,RDD2020,India_0001
RDD2020_India_India_000175.jpg,test,negative_background,RDD2020,India_0001
RDD2020_India_India_000177.jpg,test,negative_background,RDD2020,India_0001
RDD2020_India_India_000178.jpg,test,negative_background,RDD2020,India_0001
RDD2020_India_India_000179.jpg,test,negative_background,RDD2020,India_0001
RDD2020_India_India_000180.jpg,test,negative_background,RDD2020,India_0001
RDD2020_India_India_000182.jpg,test,negative_background,RDD2020,India_0001
RDD2020_India_India_000184.jpg,test,alligator_crack,RDD2020,India_0001
RDD2020_India_India_000186.jpg,test,negative_background,RDD2020,India_0001
RDD2020_India_India_000187.jpg,test,negative_background,RDD2020,India_0001
RDD2020_India_India_000188.jpg,test,negative_background,RDD2020,India_0001
RDD2020_India_India_000189.jpg,test,negative_background,RDD2020,India_0001
RDD2020_India_India_000190.jpg,test,negative_background,RDD2020,India_0001
RDD2020_India_India_000191.jpg,test,alligator_crack,RDD2020,India_0001
RDD2020_India_India_000193.jpg,test,pothole,RDD2020,India_0001
RDD2020_India_India_000194.jpg,test,negative_background,RDD2020,India_0001
RDD2020_India_India_000195.jpg,test,negative_background,RDD2020,India_0001
RDD2020_India_India_000196.jpg,test,negative_background,RDD2020,India_0001
RDD2020_India_India_000197.jpg,test,alligator_crack,RDD2020,India_0001
RDD2020_India_India_000198.jpg,test,negative_background,RDD2020,India_0001
RDD2020_India_India_000199.jpg,test,negative_background,RDD2020,India_0001
RDD2020_Japan_Japan_012300.jpg,test,alligator_crack,RDD2020,Japan_0123
RDD2020_Japan_Japan_012301.jpg,test,alligator_crack,RDD2020,Japan_0123
RDD2020_Japan_Japan_012303.jpg,test,alligator_crack,RDD2020,Japan_0123
RDD2020_Japan_Japan_012304.jpg,test,alligator_crack,RDD2020,Japan_0123
RDD2020_Japan_Japan_012309.jpg,test,both,RDD2020,Japan_0123
RDD2020_Japan_Japan_012313.jpg,test,alligator_crack,RDD2020,Japan_0123
RDD2020_Japan_Japan_012317.jpg,test,alligator_crack,RDD2020,Japan_0123
RDD2020_Japan_Japan_012319.jpg,test,alligator_crack,RDD2020,Japan_0123
RDD2020_Japan_Japan_012322.jpg,test,both,RDD2020,Japan_0123
RDD2020_Japan_Japan_012326.jpg,test,alligator_crack,RDD2020,Japan_0123
RDD2020_Japan_Japan_012329.jpg,test,alligator_crack,RDD2020,Japan_0123
RDD2020_Japan_Japan_012331.jpg,test,alligator_crack,RDD2020,Japan_0123
RDD2020_Japan_Japan_012333.jpg,test,alligator_crack,RDD2020,Japan_0123
RDD2020_Japan_Japan_012335.jpg,test,alligator_crack,RDD2020,Japan_0123
RDD2020_Japan_Japan_012336.jpg,test,alligator_crack,RDD2020,Japan_0123
RDD2020_Japan_Japan_012337.jpg,test,alligator_crack,RDD2020,Japan_0123
RDD2020_Japan_Japan_012338.jpg,test,alligator_crack,RDD2020,Japan_0123
RDD2020_Japan_Japan_012339.jpg,test,both,RDD2020,Japan_0123
RDD2020_Japan_Japan_012341.jpg,test,both,RDD2020,Japan_0123
RDD2020_Japan_Japan_012344.jpg,test,both,RDD2020,Japan_0123
RDD2020_Japan_Japan_012347.jpg,test,alligator_crack,RDD2020,Japan_0123
RDD2020_Japan_Japan_012349.jpg,test,alligator_crack,RDD2020,Japan_0123
RDD2020_Japan_Japan_012353.jpg,test,pothole,RDD2020,Japan_0123
RDD2020_Japan_Japan_012354.jpg,test,alligator_crack,RDD2020,Japan_0123
RDD2020_Japan_Japan_012358.jpg,test,alligator_crack,RDD2020,Japan_0123
RDD2020_Japan_Japan_012361.jpg,test,alligator_crack,RDD2020,Japan_0123
RDD2020_Japan_Japan_012363.jpg,test,alligator_crack,RDD2020,Japan_0123
RDD2020_Japan_Japan_012365.jpg,test,pothole,RDD2020,Japan_0123
RDD2020_Japan_Japan_012366.jpg,test,alligator_crack,RDD2020,Japan_0123
RDD2020_Japan_Japan_012371.jpg,test,alligator_crack,RDD2020,Japan_0123
RDD2020_Japan_Japan_012373.jpg,test,alligator_crack,RDD2020,Japan_0123
RDD2020_Japan_Japan_012374.jpg,test,pothole,RDD2020,Japan_0123
RDD2020_Japan_Japan_012379.jpg,test,alligator_crack,RDD2020,Japan_0123
RDD2020_Japan_Japan_012381.jpg,test,pothole,RDD2020,Japan_0123
RDD2020_Japan_Japan_012385.jpg,test,alligator_crack,RDD2020,Japan_0123
RDD2020_Japan_Japan_012387.jpg,test,alligator_crack,RDD2020,Japan_0123
RDD2020_Japan_Japan_012390.jpg,test,pothole,RDD2020,Japan_0123
RDD2020_Japan_Japan_012391.jpg,test,alligator_crack,RDD2020,Japan_0123
RDD2020_Japan_Japan_012393.jpg,test,alligator_crack,RDD2020,Japan_0123
RDD2020_Japan_Japan_012396.jpg,test,both,RDD2020,Japan_0123
RDD2020_Japan_Japan_012398.jpg,test,alligator_crack,RDD2020,Japan_0123
RDD2020_Japan_Japan_012399.jpg,test,both,RDD2020,Japan_0123
RDD2020_Japan_Japan_010805.jpg,test,alligator_crack,RDD2020,Japan_0108
RDD2020_Japan_Japan_010806.jpg,test,both,RDD2020,Japan_0108
RDD2020_Japan_Japan_010807.jpg,test,alligator_crack,RDD2020,Japan_0108
RDD2020_Japan_Japan_010811.jpg,test,alligator_crack,RDD2020,Japan_0108
RDD2020_Japan_Japan_010812.jpg,test,alligator_crack,RDD2020,Japan_0108
RDD2020_Japan_Japan_010815.jpg,test,both,RDD2020,Japan_0108
RDD2020_Japan_Japan_010823.jpg,test,alligator_crack,RDD2020,Japan_0108
RDD2020_Japan_Japan_010825.jpg,test,alligator_crack,RDD2020,Japan_0108
RDD2020_Japan_Japan_010826.jpg,test,both,RDD2020,Japan_0108
RDD2020_Japan_Japan_010828.jpg,test,alligator_crack,RDD2020,Japan_0108
RDD2020_Japan_Japan_010830.jpg,test,alligator_crack,RDD2020,Japan_0108
RDD2020_Japan_Japan_010834.jpg,test,both,RDD2020,Japan_0108
RDD2020_Japan_Japan_010837.jpg,test,alligator_crack,RDD2020,Japan_0108
RDD2020_Japan_Japan_010838.jpg,test,alligator_crack,RDD2020,Japan_0108
RDD2020_Japan_Japan_010839.jpg,test,both,RDD2020,Japan_0108
RDD2020_Japan_Japan_010840.jpg,test,alligator_crack,RDD2020,Japan_0108
RDD2020_Japan_Japan_010841.jpg,test,alligator_crack,RDD2020,Japan_0108
RDD2020_Japan_Japan_010843.jpg,test,pothole,RDD2020,Japan_0108
RDD2020_Japan_Japan_010844.jpg,test,alligator_crack,RDD2020,Japan_0108
RDD2020_Japan_Japan_010845.jpg,test,pothole,RDD2020,Japan_0108
RDD2020_Japan_Japan_010851.jpg,test,pothole,RDD2020,Japan_0108
RDD2020_Japan_Japan_010855.jpg,test,pothole,RDD2020,Japan_0108
RDD2020_Japan_Japan_010856.jpg,test,alligator_crack,RDD2020,Japan_0108
RDD2020_Japan_Japan_010859.jpg,test,alligator_crack,RDD2020,Japan_0108
RDD2020_Japan_Japan_010861.jpg,test,alligator_crack,RDD2020,Japan_0108
RDD2020_Japan_Japan_010862.jpg,test,pothole,RDD2020,Japan_0108
RDD2020_Japan_Japan_010863.jpg,test,alligator_crack,RDD2020,Japan_0108
RDD2020_Japan_Japan_010868.jpg,test,alligator_crack,RDD2020,Japan_0108
RDD2020_Japan_Japan_010869.jpg,test,alligator_crack,RDD2020,Japan_0108
RDD2020_Japan_Japan_010872.jpg,test,both,RDD2020,Japan_0108
RDD2020_Japan_Japan_010875.jpg,test,alligator_crack,RDD2020,Japan_0108
RDD2020_Japan_Japan_010880.jpg,test,alligator_crack,RDD2020,Japan_0108
RDD2020_Japan_Japan_010883.jpg,test,alligator_crack,RDD2020,Japan_0108
RDD2020_Japan_Japan_010884.jpg,test,both,RDD2020,Japan_0108
RDD2020_Japan_Japan_010887.jpg,test,alligator_crack,RDD2020,Japan_0108
RDD2020_Japan_Japan_010890.jpg,test,alligator_crack,RDD2020,Japan_0108
RDD2020_Japan_Japan_010894.jpg,test,alligator_crack,RDD2020,Japan_0108
RDD2020_Japan_Japan_010895.jpg,test,both,RDD2020,Japan_0108
RDD2020_Japan_Japan_010897.jpg,test,pothole,RDD2020,Japan_0108
RDD2020_Japan_Japan_005100.jpg,test,alligator_crack,RDD2020,Japan_0051
RDD2020_Japan_Japan_005102.jpg,test,both,RDD2020,Japan_0051
RDD2020_Japan_Japan_005106.jpg,test,both,RDD2020,Japan_0051
RDD2020_Japan_Japan_005109.jpg,test,alligator_crack,RDD2020,Japan_0051
RDD2020_Japan_Japan_005111.jpg,test,alligator_crack,RDD2020,Japan_0051
RDD2020_Japan_Japan_005112.jpg,test,alligator_crack,RDD2020,Japan_0051
RDD2020_Japan_Japan_005115.jpg,test,alligator_crack,RDD2020,Japan_0051
RDD2020_Japan_Japan_005117.jpg,test,both,RDD2020,Japan_0051
RDD2020_Japan_Japan_005118.jpg,test,alligator_crack,RDD2020,Japan_0051
RDD2020_Japan_Japan_005119.jpg,test,alligator_crack,RDD2020,Japan_0051
RDD2020_Japan_Japan_005120.jpg,test,alligator_crack,RDD2020,Japan_0051
RDD2020_Japan_Japan_005121.jpg,test,both,RDD2020,Japan_0051
RDD2020_Japan_Japan_005122.jpg,test,alligator_crack,RDD2020,Japan_0051
RDD2020_Japan_Japan_005124.jpg,test,alligator_crack,RDD2020,Japan_0051
RDD2020_Japan_Japan_005126.jpg,test,alligator_crack,RDD2020,Japan_0051
RDD2020_Japan_Japan_005130.jpg,test,pothole,RDD2020,Japan_0051
RDD2020_Japan_Japan_005131.jpg,test,alligator_crack,RDD2020,Japan_0051
RDD2020_Japan_Japan_005134.jpg,test,both,RDD2020,Japan_0051
RDD2020_Japan_Japan_005136.jpg,test,alligator_crack,RDD2020,Japan_0051
RDD2020_Japan_Japan_005137.jpg,test,both,RDD2020,Japan_0051
RDD2020_Japan_Japan_005139.jpg,test,alligator_crack,RDD2020,Japan_0051
RDD2020_Japan_Japan_005140.jpg,test,alligator_crack,RDD2020,Japan_0051
RDD2020_Japan_Japan_005143.jpg,test,alligator_crack,RDD2020,Japan_0051
RDD2020_Japan_Japan_005146.jpg,test,alligator_crack,RDD2020,Japan_0051
RDD2020_Japan_Japan_005147.jpg,test,alligator_crack,RDD2020,Japan_0051
RDD2020_Japan_Japan_005150.jpg,test,alligator_crack,RDD2020,Japan_0051
RDD2020_Japan_Japan_005152.jpg,test,alligator_crack,RDD2020,Japan_0051
RDD2020_Japan_Japan_005154.jpg,test,alligator_crack,RDD2020,Japan_0051
RDD2020_Japan_Japan_005156.jpg,test,alligator_crack,RDD2020,Japan_0051
RDD2020_Japan_Japan_005164.jpg,test,both,RDD2020,Japan_0051
RDD2020_Japan_Japan_005166.jpg,test,alligator_crack,RDD2020,Japan_0051
RDD2020_Japan_Japan_005168.jpg,test,alligator_crack,RDD2020,Japan_0051
RDD2020_Japan_Japan_005172.jpg,test,alligator_crack,RDD2020,Japan_0051
RDD2020_Japan_Japan_005173.jpg,test,alligator_crack,RDD2020,Japan_0051
RDD2020_Japan_Japan_005176.jpg,test,alligator_crack,RDD2020,Japan_0051
RDD2020_Japan_Japan_005178.jpg,test,alligator_crack,RDD2020,Japan_0051
RDD2020_Japan_Japan_005183.jpg,test,alligator_crack,RDD2020,Japan_0051
RDD2020_Japan_Japan_005184.jpg,test,alligator_crack,RDD2020,Japan_0051
RDD2020_Japan_Japan_005185.jpg,test,alligator_crack,RDD2020,Japan_0051
RDD2020_Japan_Japan_005186.jpg,test,alligator_crack,RDD2020,Japan_0051
RDD2020_Japan_Japan_005188.jpg,test,pothole,RDD2020,Japan_0051
RDD2020_Japan_Japan_005193.jpg,test,both,RDD2020,Japan_0051
RDD2020_Japan_Japan_005199.jpg,test,alligator_crack,RDD2020,Japan_0051
RDD2020_Czech_Czech_003405.jpg,test,alligator_crack,RDD2020,Czech_0034
RDD2020_Czech_Czech_003457.jpg,test,alligator_crack,RDD2020,Czech_0034
RDD2020_Czech_Czech_003477.jpg,test,pothole,RDD2020,Czech_0034
RDD2020_Czech_Czech_003488.jpg,test,alligator_crack,RDD2020,Czech_0034
RDD2020_India_India_005600.jpg,test,alligator_crack,RDD2020,India_0056
RDD2020_India_India_005601.jpg,test,both,RDD2020,India_0056
RDD2020_India_India_005603.jpg,test,both,RDD2020,India_0056
RDD2020_India_India_005608.jpg,test,alligator_crack,RDD2020,India_0056
RDD2020_India_India_005611.jpg,test,pothole,RDD2020,India_0056
RDD2020_India_India_005612.jpg,test,both,RDD2020,India_0056
RDD2020_India_India_005619.jpg,test,alligator_crack,RDD2020,India_0056
RDD2020_India_India_005621.jpg,test,pothole,RDD2020,India_0056
RDD2020_India_India_005636.jpg,test,alligator_crack,RDD2020,India_0056
RDD2020_India_India_005643.jpg,test,pothole,RDD2020,India_0056
RDD2020_India_India_005655.jpg,test,pothole,RDD2020,India_0056
RDD2020_India_India_005656.jpg,test,pothole,RDD2020,India_0056
RDD2020_India_India_005660.jpg,test,both,RDD2020,India_0056
RDD2020_India_India_005661.jpg,test,pothole,RDD2020,India_0056
RDD2020_India_India_005670.jpg,test,alligator_crack,RDD2020,India_0056
RDD2020_India_India_005672.jpg,test,alligator_crack,RDD2020,India_0056
RDD2020_India_India_005676.jpg,test,both,RDD2020,India_0056
RDD2020_India_India_005678.jpg,test,alligator_crack,RDD2020,India_0056
RDD2020_India_India_005680.jpg,test,alligator_crack,RDD2020,India_0056
RDD2020_India_India_005681.jpg,test,alligator_crack,RDD2020,India_0056
RDD2020_India_India_005693.jpg,test,pothole,RDD2020,India_0056
RDD2020_India_India_005697.jpg,test,both,RDD2020,India_0056
RDD2020_India_India_005698.jpg,test,pothole,RDD2020,India_0056
RDD2020_India_India_005699.jpg,test,alligator_crack,RDD2020,India_0056
RDD2020_Japan_Japan_000800.jpg,test,both,RDD2020,Japan_0008
RDD2020_Japan_Japan_000801.jpg,test,negative_background,RDD2020,Japan_0008
RDD2020_Japan_Japan_000802.jpg,test,pothole,RDD2020,Japan_0008
RDD2020_Japan_Japan_000803.jpg,test,negative_background,RDD2020,Japan_0008
RDD2020_Japan_Japan_000804.jpg,test,negative_background,RDD2020,Japan_0008
RDD2020_Japan_Japan_000805.jpg,test,alligator_crack,RDD2020,Japan_0008
RDD2020_Japan_Japan_000807.jpg,test,alligator_crack,RDD2020,Japan_0008
RDD2020_Japan_Japan_000808.jpg,test,alligator_crack,RDD2020,Japan_0008
RDD2020_Japan_Japan_000809.jpg,test,both,RDD2020,Japan_0008
RDD2020_Japan_Japan_000810.jpg,test,alligator_crack,RDD2020,Japan_0008
RDD2020_Japan_Japan_000811.jpg,test,negative_background,RDD2020,Japan_0008
RDD2020_Japan_Japan_000812.jpg,test,alligator_crack,RDD2020,Japan_0008
RDD2020_Japan_Japan_000814.jpg,test,negative_background,RDD2020,Japan_0008
RDD2020_Japan_Japan_000816.jpg,test,negative_background,RDD2020,Japan_0008
RDD2020_Japan_Japan_000817.jpg,test,negative_background,RDD2020,Japan_0008
RDD2020_Japan_Japan_000818.jpg,test,negative_background,RDD2020,Japan_0008
RDD2020_Japan_Japan_000821.jpg,test,negative_background,RDD2020,Japan_0008
RDD2020_Japan_Japan_000822.jpg,test,alligator_crack,RDD2020,Japan_0008
RDD2020_Japan_Japan_000823.jpg,test,alligator_crack,RDD2020,Japan_0008
RDD2020_Japan_Japan_000824.jpg,test,negative_background,RDD2020,Japan_0008
RDD2020_Japan_Japan_000825.jpg,test,both,RDD2020,Japan_0008
RDD2020_Japan_Japan_000826.jpg,test,both,RDD2020,Japan_0008
RDD2020_Japan_Japan_000827.jpg,test,alligator_crack,RDD2020,Japan_0008
RDD2020_Japan_Japan_000828.jpg,test,negative_background,RDD2020,Japan_0008
RDD2020_Japan_Japan_000829.jpg,test,alligator_crack,RDD2020,Japan_0008
RDD2020_Japan_Japan_000831.jpg,test,both,RDD2020,Japan_0008
RDD2020_Japan_Japan_000832.jpg,test,alligator_crack,RDD2020,Japan_0008
RDD2020_Japan_Japan_000834.jpg,test,alligator_crack,RDD2020,Japan_0008
RDD2020_Japan_Japan_000835.jpg,test,negative_background,RDD2020,Japan_0008
RDD2020_Japan_Japan_000836.jpg,test,both,RDD2020,Japan_0008
RDD2020_Japan_Japan_000837.jpg,test,negative_background,RDD2020,Japan_0008
RDD2020_Japan_Japan_000838.jpg,test,negative_background,RDD2020,Japan_0008
RDD2020_Japan_Japan_000839.jpg,test,alligator_crack,RDD2020,Japan_0008
RDD2020_Japan_Japan_000840.jpg,test,pothole,RDD2020,Japan_0008
RDD2020_Japan_Japan_000841.jpg,test,alligator_crack,RDD2020,Japan_0008
RDD2020_Japan_Japan_000842.jpg,test,pothole,RDD2020,Japan_0008
RDD2020_Japan_Japan_000843.jpg,test,negative_background,RDD2020,Japan_0008
RDD2020_Japan_Japan_000844.jpg,test,alligator_crack,RDD2020,Japan_0008
RDD2020_Japan_Japan_000846.jpg,test,alligator_crack,RDD2020,Japan_0008
RDD2020_Japan_Japan_000850.jpg,test,negative_background,RDD2020,Japan_0008
RDD2020_Japan_Japan_000851.jpg,test,pothole,RDD2020,Japan_0008
RDD2020_Japan_Japan_000852.jpg,test,negative_background,RDD2020,Japan_0008
RDD2020_Japan_Japan_000855.jpg,test,negative_background,RDD2020,Japan_0008
RDD2020_Japan_Japan_000856.jpg,test,negative_background,RDD2020,Japan_0008
RDD2020_Japan_Japan_000858.jpg,test,negative_background,RDD2020,Japan_0008
RDD2020_Japan_Japan_000859.jpg,test,alligator_crack,RDD2020,Japan_0008
RDD2020_Japan_Japan_000861.jpg,test,alligator_crack,RDD2020,Japan_0008
RDD2020_Japan_Japan_000862.jpg,test,alligator_crack,RDD2020,Japan_0008
RDD2020_Japan_Japan_000864.jpg,test,negative_background,RDD2020,Japan_0008
RDD2020_Japan_Japan_000865.jpg,test,negative_background,RDD2020,Japan_0008
RDD2020_Japan_Japan_000866.jpg,test,negative_background,RDD2020,Japan_0008
RDD2020_Japan_Japan_000867.jpg,test,alligator_crack,RDD2020,Japan_0008
RDD2020_Japan_Japan_000871.jpg,test,alligator_crack,RDD2020,Japan_0008
RDD2020_Japan_Japan_000872.jpg,test,negative_background,RDD2020,Japan_0008
RDD2020_Japan_Japan_000873.jpg,test,negative_background,RDD2020,Japan_0008
RDD2020_Japan_Japan_000874.jpg,test,both,RDD2020,Japan_0008
RDD2020_Japan_Japan_000875.jpg,test,alligator_crack,RDD2020,Japan_0008
RDD2020_Japan_Japan_000877.jpg,test,alligator_crack,RDD2020,Japan_0008
RDD2020_Japan_Japan_000878.jpg,test,negative_background,RDD2020,Japan_0008
RDD2020_Japan_Japan_000880.jpg,test,pothole,RDD2020,Japan_0008
RDD2020_Japan_Japan_000881.jpg,test,both,RDD2020,Japan_0008
RDD2020_Japan_Japan_000882.jpg,test,negative_background,RDD2020,Japan_0008
RDD2020_Japan_Japan_000883.jpg,test,alligator_crack,RDD2020,Japan_0008
RDD2020_Japan_Japan_000884.jpg,test,alligator_crack,RDD2020,Japan_0008
RDD2020_Japan_Japan_000885.jpg,test,alligator_crack,RDD2020,Japan_0008
RDD2020_Japan_Japan_000886.jpg,test,alligator_crack,RDD2020,Japan_0008
RDD2020_Japan_Japan_000887.jpg,test,alligator_crack,RDD2020,Japan_0008
RDD2020_Japan_Japan_000888.jpg,test,negative_background,RDD2020,Japan_0008
RDD2020_Japan_Japan_000889.jpg,test,alligator_crack,RDD2020,Japan_0008
RDD2020_Japan_Japan_000890.jpg,test,negative_background,RDD2020,Japan_0008
RDD2020_Japan_Japan_000891.jpg,test,negative_background,RDD2020,Japan_0008
RDD2020_Japan_Japan_000892.jpg,test,negative_background,RDD2020,Japan_0008
RDD2020_Japan_Japan_000893.jpg,test,negative_background,RDD2020,Japan_0008
RDD2020_Japan_Japan_000895.jpg,test,alligator_crack,RDD2020,Japan_0008
RDD2020_Japan_Japan_000896.jpg,test,alligator_crack,RDD2020,Japan_0008
RDD2020_Japan_Japan_000897.jpg,test,alligator_crack,RDD2020,Japan_0008
RDD2020_Japan_Japan_000898.jpg,test,alligator_crack,RDD2020,Japan_0008
RDD2020_Japan_Japan_000899.jpg,test,pothole,RDD2020,Japan_0008
RDD2020_Japan_Japan_004000.jpg,test,alligator_crack,RDD2020,Japan_0040
RDD2020_Japan_Japan_004007.jpg,test,pothole,RDD2020,Japan_0040
RDD2020_Japan_Japan_004018.jpg,test,alligator_crack,RDD2020,Japan_0040
RDD2020_Japan_Japan_004019.jpg,test,alligator_crack,RDD2020,Japan_0040
RDD2020_Japan_Japan_004021.jpg,test,alligator_crack,RDD2020,Japan_0040
RDD2020_Japan_Japan_004022.jpg,test,alligator_crack,RDD2020,Japan_0040
RDD2020_Japan_Japan_004023.jpg,test,pothole,RDD2020,Japan_0040
RDD2020_Japan_Japan_004024.jpg,test,alligator_crack,RDD2020,Japan_0040
RDD2020_Japan_Japan_004026.jpg,test,pothole,RDD2020,Japan_0040
RDD2020_Japan_Japan_004028.jpg,test,both,RDD2020,Japan_0040
RDD2020_Japan_Japan_004032.jpg,test,alligator_crack,RDD2020,Japan_0040
RDD2020_Japan_Japan_004033.jpg,test,alligator_crack,RDD2020,Japan_0040
RDD2020_Japan_Japan_004038.jpg,test,alligator_crack,RDD2020,Japan_0040
RDD2020_Japan_Japan_004040.jpg,test,alligator_crack,RDD2020,Japan_0040
RDD2020_Japan_Japan_004042.jpg,test,pothole,RDD2020,Japan_0040
RDD2020_Japan_Japan_004049.jpg,test,alligator_crack,RDD2020,Japan_0040
RDD2020_Japan_Japan_004056.jpg,test,both,RDD2020,Japan_0040
RDD2020_Japan_Japan_004058.jpg,test,alligator_crack,RDD2020,Japan_0040
RDD2020_Japan_Japan_004062.jpg,test,both,RDD2020,Japan_0040
RDD2020_Japan_Japan_004063.jpg,test,alligator_crack,RDD2020,Japan_0040
RDD2020_Japan_Japan_004066.jpg,test,both,RDD2020,Japan_0040
RDD2020_Japan_Japan_004071.jpg,test,alligator_crack,RDD2020,Japan_0040
RDD2020_Japan_Japan_004072.jpg,test,alligator_crack,RDD2020,Japan_0040
RDD2020_Japan_Japan_004073.jpg,test,alligator_crack,RDD2020,Japan_0040
RDD2020_Japan_Japan_004075.jpg,test,both,RDD2020,Japan_0040
RDD2020_Japan_Japan_004077.jpg,test,pothole,RDD2020,Japan_0040
RDD2020_Japan_Japan_004079.jpg,test,alligator_crack,RDD2020,Japan_0040
RDD2020_Japan_Japan_004080.jpg,test,alligator_crack,RDD2020,Japan_0040
RDD2020_Japan_Japan_004081.jpg,test,both,RDD2020,Japan_0040
RDD2020_Japan_Japan_004083.jpg,test,alligator_crack,RDD2020,Japan_0040
RDD2020_Japan_Japan_004085.jpg,test,alligator_crack,RDD2020,Japan_0040
RDD2020_Japan_Japan_004087.jpg,test,alligator_crack,RDD2020,Japan_0040
RDD2020_Japan_Japan_004090.jpg,test,pothole,RDD2020,Japan_0040
RDD2020_Japan_Japan_004093.jpg,test,alligator_crack,RDD2020,Japan_0040
RDD2020_Japan_Japan_004094.jpg,test,alligator_crack,RDD2020,Japan_0040
RDD2020_Japan_Japan_004095.jpg,test,alligator_crack,RDD2020,Japan_0040
RDD2020_Japan_Japan_004097.jpg,test,alligator_crack,RDD2020,Japan_0040
RDD2020_Japan_Japan_008000.jpg,test,alligator_crack,RDD2020,Japan_0080
RDD2020_Japan_Japan_008001.jpg,test,pothole,RDD2020,Japan_0080
RDD2020_Japan_Japan_008003.jpg,test,alligator_crack,RDD2020,Japan_0080
RDD2020_Japan_Japan_008008.jpg,test,alligator_crack,RDD2020,Japan_0080
RDD2020_Japan_Japan_008009.jpg,test,alligator_crack,RDD2020,Japan_0080
RDD2020_Japan_Japan_008010.jpg,test,alligator_crack,RDD2020,Japan_0080
RDD2020_Japan_Japan_008020.jpg,test,alligator_crack,RDD2020,Japan_0080
RDD2020_Japan_Japan_008026.jpg,test,both,RDD2020,Japan_0080
RDD2020_Japan_Japan_008027.jpg,test,alligator_crack,RDD2020,Japan_0080
RDD2020_Japan_Japan_008030.jpg,test,alligator_crack,RDD2020,Japan_0080
RDD2020_Japan_Japan_008031.jpg,test,pothole,RDD2020,Japan_0080
RDD2020_Japan_Japan_008034.jpg,test,pothole,RDD2020,Japan_0080
RDD2020_Japan_Japan_008036.jpg,test,alligator_crack,RDD2020,Japan_0080
RDD2020_Japan_Japan_008037.jpg,test,alligator_crack,RDD2020,Japan_0080
RDD2020_Japan_Japan_008042.jpg,test,alligator_crack,RDD2020,Japan_0080
RDD2020_Japan_Japan_008044.jpg,test,alligator_crack,RDD2020,Japan_0080
RDD2020_Japan_Japan_008046.jpg,test,alligator_crack,RDD2020,Japan_0080
RDD2020_Japan_Japan_008050.jpg,test,both,RDD2020,Japan_0080
RDD2020_Japan_Japan_008051.jpg,test,alligator_crack,RDD2020,Japan_0080
RDD2020_Japan_Japan_008052.jpg,test,both,RDD2020,Japan_0080
RDD2020_Japan_Japan_008056.jpg,test,alligator_crack,RDD2020,Japan_0080
RDD2020_Japan_Japan_008057.jpg,test,alligator_crack,RDD2020,Japan_0080
RDD2020_Japan_Japan_008061.jpg,test,alligator_crack,RDD2020,Japan_0080
RDD2020_Japan_Japan_008063.jpg,test,alligator_crack,RDD2020,Japan_0080
RDD2020_Japan_Japan_008065.jpg,test,alligator_crack,RDD2020,Japan_0080
RDD2020_Japan_Japan_008067.jpg,test,alligator_crack,RDD2020,Japan_0080
RDD2020_Japan_Japan_008068.jpg,test,alligator_crack,RDD2020,Japan_0080
RDD2020_Japan_Japan_008069.jpg,test,alligator_crack,RDD2020,Japan_0080
RDD2020_Japan_Japan_008072.jpg,test,alligator_crack,RDD2020,Japan_0080
RDD2020_Japan_Japan_008075.jpg,test,alligator_crack,RDD2020,Japan_0080
RDD2020_Japan_Japan_008079.jpg,test,pothole,RDD2020,Japan_0080
RDD2020_Japan_Japan_008080.jpg,test,alligator_crack,RDD2020,Japan_0080
RDD2020_Japan_Japan_008081.jpg,test,alligator_crack,RDD2020,Japan_0080
RDD2020_Japan_Japan_008087.jpg,test,both,RDD2020,Japan_0080
RDD2020_Japan_Japan_008089.jpg,test,alligator_crack,RDD2020,Japan_0080
RDD2020_Japan_Japan_008092.jpg,test,pothole,RDD2020,Japan_0080
RDD2020_Japan_Japan_008093.jpg,test,both,RDD2020,Japan_0080
RDD2020_Japan_Japan_008095.jpg,test,alligator_crack,RDD2020,Japan_0080
RDD2020_Japan_Japan_008097.jpg,test,alligator_crack,RDD2020,Japan_0080
RDD2020_Japan_Japan_008098.jpg,test,alligator_crack,RDD2020,Japan_0080
RDD2020_Japan_Japan_008099.jpg,test,alligator_crack,RDD2020,Japan_0080
RDD2020_Japan_Japan_006700.jpg,test,both,RDD2020,Japan_0067
RDD2020_Japan_Japan_006704.jpg,test,both,RDD2020,Japan_0067
RDD2020_Japan_Japan_006708.jpg,test,alligator_crack,RDD2020,Japan_0067
RDD2020_Japan_Japan_006711.jpg,test,alligator_crack,RDD2020,Japan_0067
RDD2020_Japan_Japan_006712.jpg,test,alligator_crack,RDD2020,Japan_0067
RDD2020_Japan_Japan_006713.jpg,test,both,RDD2020,Japan_0067
RDD2020_Japan_Japan_006716.jpg,test,alligator_crack,RDD2020,Japan_0067
RDD2020_Japan_Japan_006717.jpg,test,both,RDD2020,Japan_0067
RDD2020_Japan_Japan_006719.jpg,test,alligator_crack,RDD2020,Japan_0067
RDD2020_Japan_Japan_006725.jpg,test,alligator_crack,RDD2020,Japan_0067
RDD2020_Japan_Japan_006728.jpg,test,alligator_crack,RDD2020,Japan_0067
RDD2020_Japan_Japan_006731.jpg,test,both,RDD2020,Japan_0067
RDD2020_Japan_Japan_006732.jpg,test,both,RDD2020,Japan_0067
RDD2020_Japan_Japan_006737.jpg,test,pothole,RDD2020,Japan_0067
RDD2020_Japan_Japan_006742.jpg,test,alligator_crack,RDD2020,Japan_0067
RDD2020_Japan_Japan_006749.jpg,test,both,RDD2020,Japan_0067
RDD2020_Japan_Japan_006754.jpg,test,pothole,RDD2020,Japan_0067
RDD2020_Japan_Japan_006755.jpg,test,pothole,RDD2020,Japan_0067
RDD2020_Japan_Japan_006758.jpg,test,alligator_crack,RDD2020,Japan_0067
RDD2020_Japan_Japan_006759.jpg,test,alligator_crack,RDD2020,Japan_0067
RDD2020_Japan_Japan_006765.jpg,test,alligator_crack,RDD2020,Japan_0067
RDD2020_Japan_Japan_006767.jpg,test,alligator_crack,RDD2020,Japan_0067
RDD2020_Japan_Japan_006769.jpg,test,alligator_crack,RDD2020,Japan_0067
RDD2020_Japan_Japan_006771.jpg,test,alligator_crack,RDD2020,Japan_0067
RDD2020_Japan_Japan_006777.jpg,test,alligator_crack,RDD2020,Japan_0067
RDD2020_Japan_Japan_006779.jpg,test,alligator_crack,RDD2020,Japan_0067
RDD2020_Japan_Japan_006780.jpg,test,alligator_crack,RDD2020,Japan_0067
RDD2020_Japan_Japan_006784.jpg,test,pothole,RDD2020,Japan_0067
RDD2020_Japan_Japan_006785.jpg,test,alligator_crack,RDD2020,Japan_0067
RDD2020_Japan_Japan_006786.jpg,test,alligator_crack,RDD2020,Japan_0067
RDD2020_Japan_Japan_006787.jpg,test,alligator_crack,RDD2020,Japan_0067
RDD2020_Japan_Japan_006789.jpg,test,alligator_crack,RDD2020,Japan_0067
RDD2020_Japan_Japan_006792.jpg,test,alligator_crack,RDD2020,Japan_0067
RDD2020_Japan_Japan_006793.jpg,test,alligator_crack,RDD2020,Japan_0067
RDD2020_Japan_Japan_006794.jpg,test,alligator_crack,RDD2020,Japan_0067
RDD2020_Japan_Japan_008404.jpg,test,both,RDD2020,Japan_0084
RDD2020_Japan_Japan_008406.jpg,test,alligator_crack,RDD2020,Japan_0084
RDD2020_Japan_Japan_008409.jpg,test,alligator_crack,RDD2020,Japan_0084
RDD2020_Japan_Japan_008410.jpg,test,pothole,RDD2020,Japan_0084
RDD2020_Japan_Japan_008411.jpg,test,alligator_crack,RDD2020,Japan_0084
RDD2020_Japan_Japan_008412.jpg,test,alligator_crack,RDD2020,Japan_0084
RDD2020_Japan_Japan_008418.jpg,test,alligator_crack,RDD2020,Japan_0084
RDD2020_Japan_Japan_008421.jpg,test,alligator_crack,RDD2020,Japan_0084
RDD2020_Japan_Japan_008424.jpg,test,alligator_crack,RDD2020,Japan_0084
RDD2020_Japan_Japan_008425.jpg,test,both,RDD2020,Japan_0084
RDD2020_Japan_Japan_008426.jpg,test,alligator_crack,RDD2020,Japan_0084
RDD2020_Japan_Japan_008427.jpg,test,alligator_crack,RDD2020,Japan_0084
RDD2020_Japan_Japan_008428.jpg,test,alligator_crack,RDD2020,Japan_0084
RDD2020_Japan_Japan_008433.jpg,test,both,RDD2020,Japan_0084
RDD2020_Japan_Japan_008435.jpg,test,alligator_crack,RDD2020,Japan_0084
RDD2020_Japan_Japan_008439.jpg,test,pothole,RDD2020,Japan_0084
RDD2020_Japan_Japan_008440.jpg,test,alligator_crack,RDD2020,Japan_0084
RDD2020_Japan_Japan_008441.jpg,test,alligator_crack,RDD2020,Japan_0084
RDD2020_Japan_Japan_008444.jpg,test,alligator_crack,RDD2020,Japan_0084
RDD2020_Japan_Japan_008447.jpg,test,alligator_crack,RDD2020,Japan_0084
RDD2020_Japan_Japan_008450.jpg,test,alligator_crack,RDD2020,Japan_0084
RDD2020_Japan_Japan_008452.jpg,test,alligator_crack,RDD2020,Japan_0084
RDD2020_Japan_Japan_008457.jpg,test,alligator_crack,RDD2020,Japan_0084
RDD2020_Japan_Japan_008460.jpg,test,alligator_crack,RDD2020,Japan_0084
RDD2020_Japan_Japan_008463.jpg,test,both,RDD2020,Japan_0084
RDD2020_Japan_Japan_008471.jpg,test,pothole,RDD2020,Japan_0084
RDD2020_Japan_Japan_008476.jpg,test,alligator_crack,RDD2020,Japan_0084
RDD2020_Japan_Japan_008478.jpg,test,alligator_crack,RDD2020,Japan_0084
RDD2020_Japan_Japan_008480.jpg,test,alligator_crack,RDD2020,Japan_0084
RDD2020_Japan_Japan_008485.jpg,test,alligator_crack,RDD2020,Japan_0084
RDD2020_Japan_Japan_008491.jpg,test,alligator_crack,RDD2020,Japan_0084
RDD2020_Japan_Japan_008493.jpg,test,alligator_crack,RDD2020,Japan_0084
RDD2020_Japan_Japan_008494.jpg,test,alligator_crack,RDD2020,Japan_0084
RDD2020_Japan_Japan_008495.jpg,test,both,RDD2020,Japan_0084
RDD2020_Japan_Japan_008496.jpg,test,alligator_crack,RDD2020,Japan_0084
RDD2020_India_India_005005.jpg,test,pothole,RDD2020,India_0050
RDD2020_India_India_005006.jpg,test,alligator_crack,RDD2020,India_0050
RDD2020_India_India_005014.jpg,test,pothole,RDD2020,India_0050
RDD2020_India_India_005016.jpg,test,pothole,RDD2020,India_0050
RDD2020_India_India_005022.jpg,test,pothole,RDD2020,India_0050
RDD2020_India_India_005025.jpg,test,alligator_crack,RDD2020,India_0050
RDD2020_India_India_005030.jpg,test,alligator_crack,RDD2020,India_0050
RDD2020_India_India_005035.jpg,test,alligator_crack,RDD2020,India_0050
RDD2020_India_India_005036.jpg,test,alligator_crack,RDD2020,India_0050
RDD2020_India_India_005040.jpg,test,pothole,RDD2020,India_0050
RDD2020_India_India_005044.jpg,test,both,RDD2020,India_0050
RDD2020_India_India_005047.jpg,test,pothole,RDD2020,India_0050
RDD2020_India_India_005048.jpg,test,alligator_crack,RDD2020,India_0050
RDD2020_India_India_005050.jpg,test,alligator_crack,RDD2020,India_0050
RDD2020_India_India_005053.jpg,test,pothole,RDD2020,India_0050
RDD2020_India_India_005059.jpg,test,both,RDD2020,India_0050
RDD2020_India_India_005067.jpg,test,pothole,RDD2020,India_0050
RDD2020_India_India_005071.jpg,test,both,RDD2020,India_0050
RDD2020_India_India_005075.jpg,test,alligator_crack,RDD2020,India_0050
RDD2020_India_India_005078.jpg,test,pothole,RDD2020,India_0050
RDD2020_India_India_005080.jpg,test,pothole,RDD2020,India_0050
RDD2020_India_India_005081.jpg,test,both,RDD2020,India_0050
RDD2020_India_India_005084.jpg,test,both,RDD2020,India_0050
RDD2020_India_India_005088.jpg,test,pothole,RDD2020,India_0050
RDD2020_India_India_005090.jpg,test,alligator_crack,RDD2020,India_0050
RDD2020_India_India_005094.jpg,test,alligator_crack,RDD2020,India_0050
RDD2020_Japan_Japan_004401.jpg,test,alligator_crack,RDD2020,Japan_0044
RDD2020_Japan_Japan_004405.jpg,test,alligator_crack,RDD2020,Japan_0044
RDD2020_Japan_Japan_004407.jpg,test,alligator_crack,RDD2020,Japan_0044
RDD2020_Japan_Japan_004416.jpg,test,alligator_crack,RDD2020,Japan_0044
RDD2020_Japan_Japan_004418.jpg,test,both,RDD2020,Japan_0044
RDD2020_Japan_Japan_004423.jpg,test,both,RDD2020,Japan_0044
RDD2020_Japan_Japan_004425.jpg,test,alligator_crack,RDD2020,Japan_0044
RDD2020_Japan_Japan_004426.jpg,test,both,RDD2020,Japan_0044
RDD2020_Japan_Japan_004429.jpg,test,alligator_crack,RDD2020,Japan_0044
RDD2020_Japan_Japan_004430.jpg,test,alligator_crack,RDD2020,Japan_0044
RDD2020_Japan_Japan_004436.jpg,test,alligator_crack,RDD2020,Japan_0044
RDD2020_Japan_Japan_004440.jpg,test,both,RDD2020,Japan_0044
RDD2020_Japan_Japan_004442.jpg,test,alligator_crack,RDD2020,Japan_0044
RDD2020_Japan_Japan_004443.jpg,test,alligator_crack,RDD2020,Japan_0044
RDD2020_Japan_Japan_004447.jpg,test,alligator_crack,RDD2020,Japan_0044
RDD2020_Japan_Japan_004448.jpg,test,alligator_crack,RDD2020,Japan_0044
RDD2020_Japan_Japan_004449.jpg,test,alligator_crack,RDD2020,Japan_0044
RDD2020_Japan_Japan_004450.jpg,test,alligator_crack,RDD2020,Japan_0044
RDD2020_Japan_Japan_004454.jpg,test,alligator_crack,RDD2020,Japan_0044
RDD2020_Japan_Japan_004459.jpg,test,alligator_crack,RDD2020,Japan_0044
RDD2020_Japan_Japan_004463.jpg,test,pothole,RDD2020,Japan_0044
RDD2020_Japan_Japan_004472.jpg,test,alligator_crack,RDD2020,Japan_0044
RDD2020_Japan_Japan_004474.jpg,test,alligator_crack,RDD2020,Japan_0044
RDD2020_Japan_Japan_004476.jpg,test,both,RDD2020,Japan_0044
RDD2020_Japan_Japan_004480.jpg,test,alligator_crack,RDD2020,Japan_0044
RDD2020_Japan_Japan_004481.jpg,test,both,RDD2020,Japan_0044
RDD2020_Japan_Japan_004482.jpg,test,pothole,RDD2020,Japan_0044
RDD2020_Japan_Japan_004484.jpg,test,alligator_crack,RDD2020,Japan_0044
RDD2020_Japan_Japan_004485.jpg,test,pothole,RDD2020,Japan_0044
RDD2020_Japan_Japan_004489.jpg,test,alligator_crack,RDD2020,Japan_0044
RDD2020_Japan_Japan_004492.jpg,test,alligator_crack,RDD2020,Japan_0044
RDD2020_Japan_Japan_004498.jpg,test,alligator_crack,RDD2020,Japan_0044
RDD2020_India_India_001301.jpg,test,negative_background,RDD2020,India_0013
RDD2020_India_India_001302.jpg,test,negative_background,RDD2020,India_0013
RDD2020_India_India_001303.jpg,test,negative_background,RDD2020,India_0013
RDD2020_India_India_001304.jpg,test,negative_background,RDD2020,India_0013
RDD2020_India_India_001305.jpg,test,negative_background,RDD2020,India_0013
RDD2020_India_India_001306.jpg,test,negative_background,RDD2020,India_0013
RDD2020_India_India_001307.jpg,test,negative_background,RDD2020,India_0013
RDD2020_India_India_001308.jpg,test,negative_background,RDD2020,India_0013
RDD2020_India_India_001309.jpg,test,negative_background,RDD2020,India_0013
RDD2020_India_India_001310.jpg,test,alligator_crack,RDD2020,India_0013
RDD2020_India_India_001311.jpg,test,alligator_crack,RDD2020,India_0013
RDD2020_India_India_001313.jpg,test,negative_background,RDD2020,India_0013
RDD2020_India_India_001314.jpg,test,both,RDD2020,India_0013
RDD2020_India_India_001315.jpg,test,negative_background,RDD2020,India_0013
RDD2020_India_India_001316.jpg,test,negative_background,RDD2020,India_0013
RDD2020_India_India_001318.jpg,test,negative_background,RDD2020,India_0013
RDD2020_India_India_001319.jpg,test,pothole,RDD2020,India_0013
RDD2020_India_India_001320.jpg,test,pothole,RDD2020,India_0013
RDD2020_India_India_001321.jpg,test,alligator_crack,RDD2020,India_0013
RDD2020_India_India_001322.jpg,test,alligator_crack,RDD2020,India_0013
RDD2020_India_India_001324.jpg,test,negative_background,RDD2020,India_0013
RDD2020_India_India_001326.jpg,test,negative_background,RDD2020,India_0013
RDD2020_India_India_001327.jpg,test,negative_background,RDD2020,India_0013
RDD2020_India_India_001328.jpg,test,negative_background,RDD2020,India_0013
RDD2020_India_India_001330.jpg,test,negative_background,RDD2020,India_0013
RDD2020_India_India_001331.jpg,test,negative_background,RDD2020,India_0013
RDD2020_India_India_001333.jpg,test,negative_background,RDD2020,India_0013
RDD2020_India_India_001336.jpg,test,alligator_crack,RDD2020,India_0013
RDD2020_India_India_001337.jpg,test,alligator_crack,RDD2020,India_0013
RDD2020_India_India_001338.jpg,test,pothole,RDD2020,India_0013
RDD2020_India_India_001339.jpg,test,negative_background,RDD2020,India_0013
RDD2020_India_India_001340.jpg,test,negative_background,RDD2020,India_0013
RDD2020_India_India_001341.jpg,test,negative_background,RDD2020,India_0013
RDD2020_India_India_001342.jpg,test,negative_background,RDD2020,India_0013
RDD2020_India_India_001344.jpg,test,negative_background,RDD2020,India_0013
RDD2020_India_India_001345.jpg,test,negative_background,RDD2020,India_0013
RDD2020_India_India_001346.jpg,test,negative_background,RDD2020,India_0013
RDD2020_India_India_001348.jpg,test,negative_background,RDD2020,India_0013
RDD2020_India_India_001349.jpg,test,both,RDD2020,India_0013
RDD2020_India_India_001350.jpg,test,negative_background,RDD2020,India_0013
RDD2020_India_India_001351.jpg,test,negative_background,RDD2020,India_0013
RDD2020_India_India_001352.jpg,test,negative_background,RDD2020,India_0013
RDD2020_India_India_001353.jpg,test,negative_background,RDD2020,India_0013
RDD2020_India_India_001355.jpg,test,negative_background,RDD2020,India_0013
RDD2020_India_India_001357.jpg,test,alligator_crack,RDD2020,India_0013
RDD2020_India_India_001358.jpg,test,negative_background,RDD2020,India_0013
RDD2020_India_India_001362.jpg,test,alligator_crack,RDD2020,India_0013
RDD2020_India_India_001363.jpg,test,negative_background,RDD2020,India_0013
RDD2020_India_India_001364.jpg,test,negative_background,RDD2020,India_0013
RDD2020_India_India_001365.jpg,test,negative_background,RDD2020,India_0013
RDD2020_India_India_001366.jpg,test,alligator_crack,RDD2020,India_0013
RDD2020_India_India_001367.jpg,test,pothole,RDD2020,India_0013
RDD2020_India_India_001368.jpg,test,alligator_crack,RDD2020,India_0013
RDD2020_India_India_001370.jpg,test,negative_background,RDD2020,India_0013
RDD2020_India_India_001372.jpg,test,negative_background,RDD2020,India_0013
RDD2020_India_India_001373.jpg,test,negative_background,RDD2020,India_0013
RDD2020_India_India_001374.jpg,test,negative_background,RDD2020,India_0013
RDD2020_India_India_001375.jpg,test,negative_background,RDD2020,India_0013
RDD2020_India_India_001376.jpg,test,negative_background,RDD2020,India_0013
RDD2020_India_India_001377.jpg,test,negative_background,RDD2020,India_0013
RDD2020_India_India_001378.jpg,test,negative_background,RDD2020,India_0013
RDD2020_India_India_001380.jpg,test,negative_background,RDD2020,India_0013
RDD2020_India_India_001381.jpg,test,pothole,RDD2020,India_0013
RDD2020_India_India_001383.jpg,test,negative_background,RDD2020,India_0013
RDD2020_India_India_001384.jpg,test,negative_background,RDD2020,India_0013
RDD2020_India_India_001385.jpg,test,pothole,RDD2020,India_0013
RDD2020_India_India_001386.jpg,test,negative_background,RDD2020,India_0013
RDD2020_India_India_001387.jpg,test,negative_background,RDD2020,India_0013
RDD2020_India_India_001388.jpg,test,pothole,RDD2020,India_0013
RDD2020_India_India_001389.jpg,test,negative_background,RDD2020,India_0013
RDD2020_India_India_001390.jpg,test,negative_background,RDD2020,India_0013
RDD2020_India_India_001392.jpg,test,pothole,RDD2020,India_0013
RDD2020_India_India_001393.jpg,test,negative_background,RDD2020,India_0013
RDD2020_India_India_001394.jpg,test,negative_background,RDD2020,India_0013
RDD2020_India_India_001396.jpg,test,negative_background,RDD2020,India_0013
RDD2020_India_India_001397.jpg,test,negative_background,RDD2020,India_0013
RDD2020_India_India_001398.jpg,test,negative_background,RDD2020,India_0013
RDD2020_Japan_Japan_002001.jpg,test,alligator_crack,RDD2020,Japan_0020
RDD2020_Japan_Japan_002003.jpg,test,both,RDD2020,Japan_0020
RDD2020_Japan_Japan_002004.jpg,test,alligator_crack,RDD2020,Japan_0020
RDD2020_Japan_Japan_002006.jpg,test,alligator_crack,RDD2020,Japan_0020
RDD2020_Japan_Japan_002009.jpg,test,alligator_crack,RDD2020,Japan_0020
RDD2020_Japan_Japan_002010.jpg,test,alligator_crack,RDD2020,Japan_0020
RDD2020_Japan_Japan_002017.jpg,test,alligator_crack,RDD2020,Japan_0020
RDD2020_Japan_Japan_002020.jpg,test,alligator_crack,RDD2020,Japan_0020
RDD2020_Japan_Japan_002024.jpg,test,alligator_crack,RDD2020,Japan_0020
RDD2020_Japan_Japan_002025.jpg,test,alligator_crack,RDD2020,Japan_0020
RDD2020_Japan_Japan_002030.jpg,test,both,RDD2020,Japan_0020
RDD2020_Japan_Japan_002032.jpg,test,alligator_crack,RDD2020,Japan_0020
RDD2020_Japan_Japan_002037.jpg,test,alligator_crack,RDD2020,Japan_0020
RDD2020_Japan_Japan_002041.jpg,test,alligator_crack,RDD2020,Japan_0020
RDD2020_Japan_Japan_002042.jpg,test,alligator_crack,RDD2020,Japan_0020
RDD2020_Japan_Japan_002044.jpg,test,alligator_crack,RDD2020,Japan_0020
RDD2020_Japan_Japan_002047.jpg,test,alligator_crack,RDD2020,Japan_0020
RDD2020_Japan_Japan_002048.jpg,test,both,RDD2020,Japan_0020
RDD2020_Japan_Japan_002053.jpg,test,pothole,RDD2020,Japan_0020
RDD2020_Japan_Japan_002056.jpg,test,both,RDD2020,Japan_0020
RDD2020_Japan_Japan_002058.jpg,test,alligator_crack,RDD2020,Japan_0020
RDD2020_Japan_Japan_002060.jpg,test,alligator_crack,RDD2020,Japan_0020
RDD2020_Japan_Japan_002069.jpg,test,alligator_crack,RDD2020,Japan_0020
RDD2020_Japan_Japan_002070.jpg,test,both,RDD2020,Japan_0020
RDD2020_Japan_Japan_002074.jpg,test,pothole,RDD2020,Japan_0020
RDD2020_Japan_Japan_002077.jpg,test,alligator_crack,RDD2020,Japan_0020
RDD2020_Japan_Japan_002082.jpg,test,alligator_crack,RDD2020,Japan_0020
RDD2020_Japan_Japan_002083.jpg,test,alligator_crack,RDD2020,Japan_0020
RDD2020_Japan_Japan_002084.jpg,test,alligator_crack,RDD2020,Japan_0020
RDD2020_Japan_Japan_002087.jpg,test,alligator_crack,RDD2020,Japan_0020
RDD2020_Japan_Japan_002088.jpg,test,pothole,RDD2020,Japan_0020
RDD2020_Japan_Japan_002089.jpg,test,alligator_crack,RDD2020,Japan_0020
RDD2020_Japan_Japan_002097.jpg,test,pothole,RDD2020,Japan_0020
RDD2020_Japan_Japan_001200.jpg,test,negative_background,RDD2020,Japan_0012
RDD2020_Japan_Japan_001202.jpg,test,alligator_crack,RDD2020,Japan_0012
RDD2020_Japan_Japan_001204.jpg,test,alligator_crack,RDD2020,Japan_0012
RDD2020_Japan_Japan_001205.jpg,test,negative_background,RDD2020,Japan_0012
RDD2020_Japan_Japan_001207.jpg,test,alligator_crack,RDD2020,Japan_0012
RDD2020_Japan_Japan_001208.jpg,test,both,RDD2020,Japan_0012
RDD2020_Japan_Japan_001211.jpg,test,negative_background,RDD2020,Japan_0012
RDD2020_Japan_Japan_001212.jpg,test,negative_background,RDD2020,Japan_0012
RDD2020_Japan_Japan_001214.jpg,test,alligator_crack,RDD2020,Japan_0012
RDD2020_Japan_Japan_001215.jpg,test,pothole,RDD2020,Japan_0012
RDD2020_Japan_Japan_001216.jpg,test,both,RDD2020,Japan_0012
RDD2020_Japan_Japan_001217.jpg,test,negative_background,RDD2020,Japan_0012
RDD2020_Japan_Japan_001219.jpg,test,negative_background,RDD2020,Japan_0012
RDD2020_Japan_Japan_001221.jpg,test,alligator_crack,RDD2020,Japan_0012
RDD2020_Japan_Japan_001222.jpg,test,negative_background,RDD2020,Japan_0012
RDD2020_Japan_Japan_001223.jpg,test,negative_background,RDD2020,Japan_0012
RDD2020_Japan_Japan_001228.jpg,test,both,RDD2020,Japan_0012
RDD2020_Japan_Japan_001230.jpg,test,negative_background,RDD2020,Japan_0012
RDD2020_Japan_Japan_001231.jpg,test,alligator_crack,RDD2020,Japan_0012
RDD2020_Japan_Japan_001233.jpg,test,alligator_crack,RDD2020,Japan_0012
RDD2020_Japan_Japan_001235.jpg,test,negative_background,RDD2020,Japan_0012
RDD2020_Japan_Japan_001236.jpg,test,alligator_crack,RDD2020,Japan_0012
RDD2020_Japan_Japan_001237.jpg,test,negative_background,RDD2020,Japan_0012
RDD2020_Japan_Japan_001238.jpg,test,negative_background,RDD2020,Japan_0012
RDD2020_Japan_Japan_001239.jpg,test,negative_background,RDD2020,Japan_0012
RDD2020_Japan_Japan_001240.jpg,test,negative_background,RDD2020,Japan_0012
RDD2020_Japan_Japan_001241.jpg,test,pothole,RDD2020,Japan_0012
RDD2020_Japan_Japan_001242.jpg,test,alligator_crack,RDD2020,Japan_0012
RDD2020_Japan_Japan_001243.jpg,test,alligator_crack,RDD2020,Japan_0012
RDD2020_Japan_Japan_001244.jpg,test,negative_background,RDD2020,Japan_0012
RDD2020_Japan_Japan_001245.jpg,test,negative_background,RDD2020,Japan_0012
RDD2020_Japan_Japan_001246.jpg,test,pothole,RDD2020,Japan_0012
RDD2020_Japan_Japan_001247.jpg,test,both,RDD2020,Japan_0012
RDD2020_Japan_Japan_001248.jpg,test,negative_background,RDD2020,Japan_0012
RDD2020_Japan_Japan_001249.jpg,test,negative_background,RDD2020,Japan_0012
RDD2020_Japan_Japan_001251.jpg,test,alligator_crack,RDD2020,Japan_0012
RDD2020_Japan_Japan_001252.jpg,test,both,RDD2020,Japan_0012
RDD2020_Japan_Japan_001254.jpg,test,negative_background,RDD2020,Japan_0012
RDD2020_Japan_Japan_001255.jpg,test,negative_background,RDD2020,Japan_0012
RDD2020_Japan_Japan_001257.jpg,test,both,RDD2020,Japan_0012
RDD2020_Japan_Japan_001258.jpg,test,negative_background,RDD2020,Japan_0012
RDD2020_Japan_Japan_001259.jpg,test,alligator_crack,RDD2020,Japan_0012
RDD2020_Japan_Japan_001262.jpg,test,pothole,RDD2020,Japan_0012
RDD2020_Japan_Japan_001264.jpg,test,alligator_crack,RDD2020,Japan_0012
RDD2020_Japan_Japan_001265.jpg,test,alligator_crack,RDD2020,Japan_0012
RDD2020_Japan_Japan_001269.jpg,test,alligator_crack,RDD2020,Japan_0012
RDD2020_Japan_Japan_001273.jpg,test,pothole,RDD2020,Japan_0012
RDD2020_Japan_Japan_001274.jpg,test,alligator_crack,RDD2020,Japan_0012
RDD2020_Japan_Japan_001281.jpg,test,alligator_crack,RDD2020,Japan_0012
RDD2020_Japan_Japan_001284.jpg,test,alligator_crack,RDD2020,Japan_0012
RDD2020_Japan_Japan_001287.jpg,test,alligator_crack,RDD2020,Japan_0012
RDD2020_Japan_Japan_001288.jpg,test,alligator_crack,RDD2020,Japan_0012
RDD2020_Japan_Japan_001293.jpg,test,alligator_crack,RDD2020,Japan_0012
RDD2020_Japan_Japan_001298.jpg,test,alligator_crack,RDD2020,Japan_0012
RDD2020_Japan_Japan_001299.jpg,test,alligator_crack,RDD2020,Japan_0012
RDD2020_India_India_004700.jpg,test,alligator_crack,RDD2020,India_0047
RDD2020_India_India_004701.jpg,test,both,RDD2020,India_0047
RDD2020_India_India_004702.jpg,test,alligator_crack,RDD2020,India_0047
RDD2020_India_India_004703.jpg,test,alligator_crack,RDD2020,India_0047
RDD2020_India_India_004705.jpg,test,pothole,RDD2020,India_0047
RDD2020_India_India_004706.jpg,test,pothole,RDD2020,India_0047
RDD2020_India_India_004709.jpg,test,alligator_crack,RDD2020,India_0047
RDD2020_India_India_004710.jpg,test,pothole,RDD2020,India_0047
RDD2020_India_India_004715.jpg,test,alligator_crack,RDD2020,India_0047
RDD2020_India_India_004717.jpg,test,pothole,RDD2020,India_0047
RDD2020_India_India_004718.jpg,test,alligator_crack,RDD2020,India_0047
RDD2020_India_India_004719.jpg,test,both,RDD2020,India_0047
RDD2020_India_India_004721.jpg,test,alligator_crack,RDD2020,India_0047
RDD2020_India_India_004724.jpg,test,both,RDD2020,India_0047
RDD2020_India_India_004726.jpg,test,pothole,RDD2020,India_0047
RDD2020_India_India_004727.jpg,test,alligator_crack,RDD2020,India_0047
RDD2020_India_India_004730.jpg,test,alligator_crack,RDD2020,India_0047
RDD2020_India_India_004732.jpg,test,pothole,RDD2020,India_0047
RDD2020_India_India_004735.jpg,test,pothole,RDD2020,India_0047
RDD2020_India_India_004739.jpg,test,both,RDD2020,India_0047
RDD2020_India_India_004743.jpg,test,alligator_crack,RDD2020,India_0047
RDD2020_India_India_004749.jpg,test,pothole,RDD2020,India_0047
RDD2020_India_India_004755.jpg,test,both,RDD2020,India_0047
RDD2020_India_India_004756.jpg,test,alligator_crack,RDD2020,India_0047
RDD2020_India_India_004759.jpg,test,both,RDD2020,India_0047
RDD2020_India_India_004770.jpg,test,alligator_crack,RDD2020,India_0047
RDD2020_India_India_004779.jpg,test,pothole,RDD2020,India_0047
RDD2020_India_India_004798.jpg,test,alligator_crack,RDD2020,India_0047
RDD2020_India_India_001502.jpg,test,alligator_crack,RDD2020,India_0015
RDD2020_India_India_001503.jpg,test,both,RDD2020,India_0015
RDD2020_India_India_001505.jpg,test,negative_background,RDD2020,India_0015
RDD2020_India_India_001506.jpg,test,negative_background,RDD2020,India_0015
RDD2020_India_India_001507.jpg,test,pothole,RDD2020,India_0015
RDD2020_India_India_001508.jpg,test,negative_background,RDD2020,India_0015
RDD2020_India_India_001510.jpg,test,negative_background,RDD2020,India_0015
RDD2020_India_India_001511.jpg,test,negative_background,RDD2020,India_0015
RDD2020_India_India_001512.jpg,test,negative_background,RDD2020,India_0015
RDD2020_India_India_001513.jpg,test,negative_background,RDD2020,India_0015
RDD2020_India_India_001516.jpg,test,pothole,RDD2020,India_0015
RDD2020_India_India_001517.jpg,test,negative_background,RDD2020,India_0015
RDD2020_India_India_001518.jpg,test,negative_background,RDD2020,India_0015
RDD2020_India_India_001521.jpg,test,negative_background,RDD2020,India_0015
RDD2020_India_India_001524.jpg,test,pothole,RDD2020,India_0015
RDD2020_India_India_001525.jpg,test,negative_background,RDD2020,India_0015
RDD2020_India_India_001526.jpg,test,both,RDD2020,India_0015
RDD2020_India_India_001527.jpg,test,both,RDD2020,India_0015
RDD2020_India_India_001528.jpg,test,pothole,RDD2020,India_0015
RDD2020_India_India_001531.jpg,test,alligator_crack,RDD2020,India_0015
RDD2020_India_India_001533.jpg,test,negative_background,RDD2020,India_0015
RDD2020_India_India_001534.jpg,test,pothole,RDD2020,India_0015
RDD2020_India_India_001536.jpg,test,negative_background,RDD2020,India_0015
RDD2020_India_India_001537.jpg,test,negative_background,RDD2020,India_0015
RDD2020_India_India_001539.jpg,test,negative_background,RDD2020,India_0015
RDD2020_India_India_001541.jpg,test,alligator_crack,RDD2020,India_0015
RDD2020_India_India_001542.jpg,test,negative_background,RDD2020,India_0015
RDD2020_India_India_001544.jpg,test,negative_background,RDD2020,India_0015
RDD2020_India_India_001545.jpg,test,negative_background,RDD2020,India_0015
RDD2020_India_India_001546.jpg,test,negative_background,RDD2020,India_0015
RDD2020_India_India_001549.jpg,test,negative_background,RDD2020,India_0015
RDD2020_India_India_001550.jpg,test,pothole,RDD2020,India_0015
RDD2020_India_India_001551.jpg,test,both,RDD2020,India_0015
RDD2020_India_India_001552.jpg,test,both,RDD2020,India_0015
RDD2020_India_India_001553.jpg,test,pothole,RDD2020,India_0015
RDD2020_India_India_001555.jpg,test,negative_background,RDD2020,India_0015
RDD2020_India_India_001556.jpg,test,negative_background,RDD2020,India_0015
RDD2020_India_India_001558.jpg,test,negative_background,RDD2020,India_0015
RDD2020_India_India_001559.jpg,test,negative_background,RDD2020,India_0015
RDD2020_India_India_001560.jpg,test,alligator_crack,RDD2020,India_0015
RDD2020_India_India_001561.jpg,test,both,RDD2020,India_0015
RDD2020_India_India_001563.jpg,test,alligator_crack,RDD2020,India_0015
RDD2020_India_India_001565.jpg,test,negative_background,RDD2020,India_0015
RDD2020_India_India_001566.jpg,test,both,RDD2020,India_0015
RDD2020_India_India_001567.jpg,test,alligator_crack,RDD2020,India_0015
RDD2020_India_India_001569.jpg,test,negative_background,RDD2020,India_0015
RDD2020_India_India_001571.jpg,test,negative_background,RDD2020,India_0015
RDD2020_India_India_001572.jpg,test,negative_background,RDD2020,India_0015
RDD2020_India_India_001573.jpg,test,negative_background,RDD2020,India_0015
RDD2020_India_India_001574.jpg,test,alligator_crack,RDD2020,India_0015
RDD2020_India_India_001575.jpg,test,pothole,RDD2020,India_0015
RDD2020_India_India_001576.jpg,test,negative_background,RDD2020,India_0015
RDD2020_India_India_001578.jpg,test,pothole,RDD2020,India_0015
RDD2020_India_India_001579.jpg,test,negative_background,RDD2020,India_0015
RDD2020_India_India_001580.jpg,test,pothole,RDD2020,India_0015
RDD2020_India_India_001581.jpg,test,negative_background,RDD2020,India_0015
RDD2020_India_India_001582.jpg,test,negative_background,RDD2020,India_0015
RDD2020_India_India_001583.jpg,test,negative_background,RDD2020,India_0015
RDD2020_India_India_001584.jpg,test,negative_background,RDD2020,India_0015
RDD2020_India_India_001585.jpg,test,both,RDD2020,India_0015
RDD2020_India_India_001586.jpg,test,negative_background,RDD2020,India_0015
RDD2020_India_India_001587.jpg,test,negative_background,RDD2020,India_0015
RDD2020_India_India_001588.jpg,test,pothole,RDD2020,India_0015
RDD2020_India_India_001589.jpg,test,negative_background,RDD2020,India_0015
RDD2020_India_India_001590.jpg,test,alligator_crack,RDD2020,India_0015
RDD2020_India_India_001591.jpg,test,negative_background,RDD2020,India_0015
RDD2020_India_India_001592.jpg,test,negative_background,RDD2020,India_0015
RDD2020_India_India_001593.jpg,test,negative_background,RDD2020,India_0015
RDD2020_India_India_001594.jpg,test,alligator_crack,RDD2020,India_0015
RDD2020_India_India_001595.jpg,test,negative_background,RDD2020,India_0015
RDD2020_India_India_001596.jpg,test,both,RDD2020,India_0015
RDD2020_India_India_001597.jpg,test,negative_background,RDD2020,India_0015
RDD2020_India_India_001598.jpg,test,negative_background,RDD2020,India_0015
RDD2020_India_India_001599.jpg,test,alligator_crack,RDD2020,India_0015
RDD2020_India_India_001601.jpg,test,negative_background,RDD2020,India_0016
RDD2020_India_India_001604.jpg,test,both,RDD2020,India_0016
RDD2020_India_India_001605.jpg,test,pothole,RDD2020,India_0016
RDD2020_India_India_001606.jpg,test,negative_background,RDD2020,India_0016
RDD2020_India_India_001607.jpg,test,negative_background,RDD2020,India_0016
RDD2020_India_India_001609.jpg,test,negative_background,RDD2020,India_0016
RDD2020_India_India_001610.jpg,test,negative_background,RDD2020,India_0016
RDD2020_India_India_001611.jpg,test,alligator_crack,RDD2020,India_0016
RDD2020_India_India_001612.jpg,test,negative_background,RDD2020,India_0016
RDD2020_India_India_001616.jpg,test,negative_background,RDD2020,India_0016
RDD2020_India_India_001617.jpg,test,negative_background,RDD2020,India_0016
RDD2020_India_India_001618.jpg,test,negative_background,RDD2020,India_0016
RDD2020_India_India_001619.jpg,test,negative_background,RDD2020,India_0016
RDD2020_India_India_001620.jpg,test,pothole,RDD2020,India_0016
RDD2020_India_India_001621.jpg,test,negative_background,RDD2020,India_0016
RDD2020_India_India_001622.jpg,test,negative_background,RDD2020,India_0016
RDD2020_India_India_001623.jpg,test,alligator_crack,RDD2020,India_0016
RDD2020_India_India_001625.jpg,test,pothole,RDD2020,India_0016
RDD2020_India_India_001626.jpg,test,alligator_crack,RDD2020,India_0016
RDD2020_India_India_001627.jpg,test,negative_background,RDD2020,India_0016
RDD2020_India_India_001629.jpg,test,negative_background,RDD2020,India_0016
RDD2020_India_India_001630.jpg,test,alligator_crack,RDD2020,India_0016
RDD2020_India_India_001633.jpg,test,negative_background,RDD2020,India_0016
RDD2020_India_India_001634.jpg,test,negative_background,RDD2020,India_0016
RDD2020_India_India_001635.jpg,test,alligator_crack,RDD2020,India_0016
RDD2020_India_India_001636.jpg,test,negative_background,RDD2020,India_0016
RDD2020_India_India_001637.jpg,test,negative_background,RDD2020,India_0016
RDD2020_India_India_001640.jpg,test,pothole,RDD2020,India_0016
RDD2020_India_India_001644.jpg,test,negative_background,RDD2020,India_0016
RDD2020_India_India_001646.jpg,test,negative_background,RDD2020,India_0016
RDD2020_India_India_001647.jpg,test,negative_background,RDD2020,India_0016
RDD2020_India_India_001648.jpg,test,both,RDD2020,India_0016
RDD2020_India_India_001649.jpg,test,pothole,RDD2020,India_0016
RDD2020_India_India_001651.jpg,test,negative_background,RDD2020,India_0016
RDD2020_India_India_001652.jpg,test,negative_background,RDD2020,India_0016
RDD2020_India_India_001655.jpg,test,alligator_crack,RDD2020,India_0016
RDD2020_India_India_001657.jpg,test,alligator_crack,RDD2020,India_0016
RDD2020_India_India_001659.jpg,test,alligator_crack,RDD2020,India_0016
RDD2020_India_India_001660.jpg,test,alligator_crack,RDD2020,India_0016
RDD2020_India_India_001666.jpg,test,alligator_crack,RDD2020,India_0016
RDD2020_India_India_001668.jpg,test,alligator_crack,RDD2020,India_0016
RDD2020_India_India_001669.jpg,test,alligator_crack,RDD2020,India_0016
RDD2020_India_India_001673.jpg,test,both,RDD2020,India_0016
RDD2020_India_India_001679.jpg,test,alligator_crack,RDD2020,India_0016
RDD2020_India_India_001680.jpg,test,both,RDD2020,India_0016
RDD2020_India_India_001682.jpg,test,alligator_crack,RDD2020,India_0016
RDD2020_India_India_001684.jpg,test,pothole,RDD2020,India_0016
RDD2020_India_India_001687.jpg,test,both,RDD2020,India_0016
RDD2020_India_India_001689.jpg,test,pothole,RDD2020,India_0016
RDD2020_India_India_001690.jpg,test,pothole,RDD2020,India_0016
RDD2020_India_India_001692.jpg,test,both,RDD2020,India_0016
RDD2020_India_India_001693.jpg,test,alligator_crack,RDD2020,India_0016
RDD2020_India_India_001695.jpg,test,both,RDD2020,India_0016
RDD2020_India_India_001697.jpg,test,both,RDD2020,India_0016
RDD2020_Japan_Japan_011700.jpg,test,both,RDD2020,Japan_0117
RDD2020_Japan_Japan_011701.jpg,test,alligator_crack,RDD2020,Japan_0117
RDD2020_Japan_Japan_011702.jpg,test,alligator_crack,RDD2020,Japan_0117
RDD2020_Japan_Japan_011705.jpg,test,alligator_crack,RDD2020,Japan_0117
RDD2020_Japan_Japan_011709.jpg,test,pothole,RDD2020,Japan_0117
RDD2020_Japan_Japan_011714.jpg,test,alligator_crack,RDD2020,Japan_0117
RDD2020_Japan_Japan_011715.jpg,test,alligator_crack,RDD2020,Japan_0117
RDD2020_Japan_Japan_011717.jpg,test,alligator_crack,RDD2020,Japan_0117
RDD2020_Japan_Japan_011719.jpg,test,alligator_crack,RDD2020,Japan_0117
RDD2020_Japan_Japan_011721.jpg,test,alligator_crack,RDD2020,Japan_0117
RDD2020_Japan_Japan_011725.jpg,test,alligator_crack,RDD2020,Japan_0117
RDD2020_Japan_Japan_011728.jpg,test,both,RDD2020,Japan_0117
RDD2020_Japan_Japan_011729.jpg,test,alligator_crack,RDD2020,Japan_0117
RDD2020_Japan_Japan_011733.jpg,test,alligator_crack,RDD2020,Japan_0117
RDD2020_Japan_Japan_011735.jpg,test,both,RDD2020,Japan_0117
RDD2020_Japan_Japan_011738.jpg,test,alligator_crack,RDD2020,Japan_0117
RDD2020_Japan_Japan_011739.jpg,test,both,RDD2020,Japan_0117
RDD2020_Japan_Japan_011742.jpg,test,both,RDD2020,Japan_0117
RDD2020_Japan_Japan_011745.jpg,test,both,RDD2020,Japan_0117
RDD2020_Japan_Japan_011746.jpg,test,alligator_crack,RDD2020,Japan_0117
RDD2020_Japan_Japan_011747.jpg,test,alligator_crack,RDD2020,Japan_0117
RDD2020_Japan_Japan_011748.jpg,test,alligator_crack,RDD2020,Japan_0117
RDD2020_Japan_Japan_011752.jpg,test,alligator_crack,RDD2020,Japan_0117
RDD2020_Japan_Japan_011755.jpg,test,alligator_crack,RDD2020,Japan_0117
RDD2020_Japan_Japan_011759.jpg,test,alligator_crack,RDD2020,Japan_0117
RDD2020_Japan_Japan_011761.jpg,test,alligator_crack,RDD2020,Japan_0117
RDD2020_Japan_Japan_011764.jpg,test,alligator_crack,RDD2020,Japan_0117
RDD2020_Japan_Japan_011767.jpg,test,both,RDD2020,Japan_0117
RDD2020_Japan_Japan_011773.jpg,test,alligator_crack,RDD2020,Japan_0117
RDD2020_Japan_Japan_011775.jpg,test,alligator_crack,RDD2020,Japan_0117
RDD2020_Japan_Japan_011783.jpg,test,alligator_crack,RDD2020,Japan_0117
RDD2020_Japan_Japan_011784.jpg,test,both,RDD2020,Japan_0117
RDD2020_Japan_Japan_011785.jpg,test,alligator_crack,RDD2020,Japan_0117
RDD2020_Japan_Japan_011786.jpg,test,alligator_crack,RDD2020,Japan_0117
RDD2020_Japan_Japan_011787.jpg,test,alligator_crack,RDD2020,Japan_0117
RDD2020_Japan_Japan_011788.jpg,test,alligator_crack,RDD2020,Japan_0117
RDD2020_Japan_Japan_011789.jpg,test,alligator_crack,RDD2020,Japan_0117
RDD2020_Japan_Japan_011790.jpg,test,alligator_crack,RDD2020,Japan_0117
RDD2020_Japan_Japan_011792.jpg,test,alligator_crack,RDD2020,Japan_0117
RDD2020_Japan_Japan_011796.jpg,test,alligator_crack,RDD2020,Japan_0117
RDD2020_Japan_Japan_011799.jpg,test,alligator_crack,RDD2020,Japan_0117
RDD2020_India_India_004403.jpg,test,pothole,RDD2020,India_0044
RDD2020_India_India_004407.jpg,test,alligator_crack,RDD2020,India_0044
RDD2020_India_India_004419.jpg,test,alligator_crack,RDD2020,India_0044
RDD2020_India_India_004421.jpg,test,alligator_crack,RDD2020,India_0044
RDD2020_India_India_004423.jpg,test,alligator_crack,RDD2020,India_0044
RDD2020_India_India_004427.jpg,test,alligator_crack,RDD2020,India_0044
RDD2020_India_India_004430.jpg,test,pothole,RDD2020,India_0044
RDD2020_India_India_004434.jpg,test,both,RDD2020,India_0044
RDD2020_India_India_004437.jpg,test,alligator_crack,RDD2020,India_0044
RDD2020_India_India_004441.jpg,test,pothole,RDD2020,India_0044
RDD2020_India_India_004444.jpg,test,pothole,RDD2020,India_0044
RDD2020_India_India_004449.jpg,test,pothole,RDD2020,India_0044
RDD2020_India_India_004450.jpg,test,alligator_crack,RDD2020,India_0044
RDD2020_India_India_004456.jpg,test,alligator_crack,RDD2020,India_0044
RDD2020_India_India_004459.jpg,test,pothole,RDD2020,India_0044
RDD2020_India_India_004461.jpg,test,pothole,RDD2020,India_0044
RDD2020_India_India_004464.jpg,test,alligator_crack,RDD2020,India_0044
RDD2020_India_India_004465.jpg,test,alligator_crack,RDD2020,India_0044
RDD2020_India_India_004468.jpg,test,alligator_crack,RDD2020,India_0044
RDD2020_India_India_004469.jpg,test,pothole,RDD2020,India_0044
RDD2020_India_India_004472.jpg,test,both,RDD2020,India_0044
RDD2020_India_India_004479.jpg,test,alligator_crack,RDD2020,India_0044
RDD2020_India_India_004480.jpg,test,alligator_crack,RDD2020,India_0044
RDD2020_India_India_004482.jpg,test,alligator_crack,RDD2020,India_0044
RDD2020_India_India_004483.jpg,test,pothole,RDD2020,India_0044
RDD2020_India_India_004485.jpg,test,pothole,RDD2020,India_0044
RDD2020_India_India_004489.jpg,test,alligator_crack,RDD2020,India_0044
RDD2020_India_India_004497.jpg,test,alligator_crack,RDD2020,India_0044
RDD2020_India_India_005210.jpg,test,alligator_crack,RDD2020,India_0052
RDD2020_India_India_005214.jpg,test,alligator_crack,RDD2020,India_0052
RDD2020_India_India_005218.jpg,test,alligator_crack,RDD2020,India_0052
RDD2020_India_India_005219.jpg,test,both,RDD2020,India_0052
RDD2020_India_India_005225.jpg,test,alligator_crack,RDD2020,India_0052
RDD2020_India_India_005231.jpg,test,pothole,RDD2020,India_0052
RDD2020_India_India_005233.jpg,test,alligator_crack,RDD2020,India_0052
RDD2020_India_India_005245.jpg,test,both,RDD2020,India_0052
RDD2020_India_India_005247.jpg,test,both,RDD2020,India_0052
RDD2020_India_India_005254.jpg,test,alligator_crack,RDD2020,India_0052
RDD2020_India_India_005256.jpg,test,alligator_crack,RDD2020,India_0052
RDD2020_India_India_005258.jpg,test,pothole,RDD2020,India_0052
RDD2020_India_India_005260.jpg,test,pothole,RDD2020,India_0052
RDD2020_India_India_005262.jpg,test,alligator_crack,RDD2020,India_0052
RDD2020_India_India_005266.jpg,test,pothole,RDD2020,India_0052
RDD2020_India_India_005269.jpg,test,pothole,RDD2020,India_0052
RDD2020_India_India_005278.jpg,test,alligator_crack,RDD2020,India_0052
RDD2020_India_India_005280.jpg,test,pothole,RDD2020,India_0052
RDD2020_India_India_005282.jpg,test,pothole,RDD2020,India_0052
RDD2020_India_India_005284.jpg,test,both,RDD2020,India_0052
RDD2020_India_India_005285.jpg,test,pothole,RDD2020,India_0052
RDD2020_India_India_005286.jpg,test,pothole,RDD2020,India_0052
RDD2020_India_India_005289.jpg,test,both,RDD2020,India_0052
RDD2020_India_India_005291.jpg,test,both,RDD2020,India_0052
RDD2020_India_India_005294.jpg,test,pothole,RDD2020,India_0052
RDD2020_India_India_005297.jpg,test,pothole,RDD2020,India_0052
RDD2020_India_India_005298.jpg,test,both,RDD2020,India_0052
RDD2020_India_India_007101.jpg,test,pothole,RDD2020,India_0071
RDD2020_India_India_007105.jpg,test,pothole,RDD2020,India_0071
RDD2020_India_India_007109.jpg,test,alligator_crack,RDD2020,India_0071
RDD2020_India_India_007113.jpg,test,pothole,RDD2020,India_0071
RDD2020_India_India_007117.jpg,test,alligator_crack,RDD2020,India_0071
RDD2020_India_India_007122.jpg,test,alligator_crack,RDD2020,India_0071
RDD2020_India_India_007123.jpg,test,pothole,RDD2020,India_0071
RDD2020_India_India_007125.jpg,test,alligator_crack,RDD2020,India_0071
RDD2020_India_India_007133.jpg,test,alligator_crack,RDD2020,India_0071
RDD2020_India_India_007134.jpg,test,alligator_crack,RDD2020,India_0071
RDD2020_India_India_007136.jpg,test,alligator_crack,RDD2020,India_0071
RDD2020_India_India_007137.jpg,test,alligator_crack,RDD2020,India_0071
RDD2020_India_India_007138.jpg,test,alligator_crack,RDD2020,India_0071
RDD2020_India_India_007141.jpg,test,alligator_crack,RDD2020,India_0071
RDD2020_India_India_007147.jpg,test,both,RDD2020,India_0071
RDD2020_India_India_007148.jpg,test,alligator_crack,RDD2020,India_0071
RDD2020_India_India_007152.jpg,test,alligator_crack,RDD2020,India_0071
RDD2020_India_India_007153.jpg,test,pothole,RDD2020,India_0071
RDD2020_India_India_007155.jpg,test,pothole,RDD2020,India_0071
RDD2020_India_India_007159.jpg,test,both,RDD2020,India_0071
RDD2020_India_India_007163.jpg,test,alligator_crack,RDD2020,India_0071
RDD2020_India_India_007168.jpg,test,pothole,RDD2020,India_0071
RDD2020_India_India_007171.jpg,test,alligator_crack,RDD2020,India_0071
RDD2020_India_India_007172.jpg,test,both,RDD2020,India_0071
RDD2020_India_India_007175.jpg,test,both,RDD2020,India_0071
RDD2020_India_India_007178.jpg,test,alligator_crack,RDD2020,India_0071
RDD2020_India_India_007179.jpg,test,alligator_crack,RDD2020,India_0071
RDD2020_India_India_007183.jpg,test,alligator_crack,RDD2020,India_0071
RDD2020_India_India_007185.jpg,test,pothole,RDD2020,India_0071
RDD2020_India_India_007189.jpg,test,both,RDD2020,India_0071
RDD2020_India_India_007194.jpg,test,alligator_crack,RDD2020,India_0071
RDD2020_India_India_007196.jpg,test,alligator_crack,RDD2020,India_0071
RDD2020_India_India_007198.jpg,test,pothole,RDD2020,India_0071
RDD2020_Japan_Japan_001502.jpg,test,pothole,RDD2020,Japan_0015
RDD2020_Japan_Japan_001503.jpg,test,pothole,RDD2020,Japan_0015
RDD2020_Japan_Japan_001506.jpg,test,alligator_crack,RDD2020,Japan_0015
RDD2020_Japan_Japan_001507.jpg,test,alligator_crack,RDD2020,Japan_0015
RDD2020_Japan_Japan_001514.jpg,test,alligator_crack,RDD2020,Japan_0015
RDD2020_Japan_Japan_001516.jpg,test,alligator_crack,RDD2020,Japan_0015
RDD2020_Japan_Japan_001518.jpg,test,alligator_crack,RDD2020,Japan_0015
RDD2020_Japan_Japan_001521.jpg,test,alligator_crack,RDD2020,Japan_0015
RDD2020_Japan_Japan_001524.jpg,test,both,RDD2020,Japan_0015
RDD2020_Japan_Japan_001526.jpg,test,both,RDD2020,Japan_0015
RDD2020_Japan_Japan_001530.jpg,test,alligator_crack,RDD2020,Japan_0015
RDD2020_Japan_Japan_001531.jpg,test,alligator_crack,RDD2020,Japan_0015
RDD2020_Japan_Japan_001533.jpg,test,alligator_crack,RDD2020,Japan_0015
RDD2020_Japan_Japan_001534.jpg,test,alligator_crack,RDD2020,Japan_0015
RDD2020_Japan_Japan_001536.jpg,test,alligator_crack,RDD2020,Japan_0015
RDD2020_Japan_Japan_001537.jpg,test,both,RDD2020,Japan_0015
RDD2020_Japan_Japan_001541.jpg,test,both,RDD2020,Japan_0015
RDD2020_Japan_Japan_001542.jpg,test,both,RDD2020,Japan_0015
RDD2020_Japan_Japan_001543.jpg,test,alligator_crack,RDD2020,Japan_0015
RDD2020_Japan_Japan_001544.jpg,test,alligator_crack,RDD2020,Japan_0015
RDD2020_Japan_Japan_001546.jpg,test,both,RDD2020,Japan_0015
RDD2020_Japan_Japan_001549.jpg,test,alligator_crack,RDD2020,Japan_0015
RDD2020_Japan_Japan_001551.jpg,test,alligator_crack,RDD2020,Japan_0015
RDD2020_Japan_Japan_001552.jpg,test,both,RDD2020,Japan_0015
RDD2020_Japan_Japan_001559.jpg,test,alligator_crack,RDD2020,Japan_0015
RDD2020_Japan_Japan_001560.jpg,test,alligator_crack,RDD2020,Japan_0015
RDD2020_Japan_Japan_001561.jpg,test,alligator_crack,RDD2020,Japan_0015
RDD2020_Japan_Japan_001562.jpg,test,alligator_crack,RDD2020,Japan_0015
RDD2020_Japan_Japan_001563.jpg,test,pothole,RDD2020,Japan_0015
RDD2020_Japan_Japan_001566.jpg,test,pothole,RDD2020,Japan_0015
RDD2020_Japan_Japan_001569.jpg,test,alligator_crack,RDD2020,Japan_0015
RDD2020_Japan_Japan_001570.jpg,test,alligator_crack,RDD2020,Japan_0015
RDD2020_Japan_Japan_001574.jpg,test,pothole,RDD2020,Japan_0015
RDD2020_Japan_Japan_001575.jpg,test,pothole,RDD2020,Japan_0015
RDD2020_Japan_Japan_001576.jpg,test,alligator_crack,RDD2020,Japan_0015
RDD2020_Japan_Japan_001580.jpg,test,alligator_crack,RDD2020,Japan_0015
RDD2020_Japan_Japan_001589.jpg,test,both,RDD2020,Japan_0015
RDD2020_Japan_Japan_002600.jpg,test,alligator_crack,RDD2020,Japan_0026
RDD2020_Japan_Japan_002602.jpg,test,alligator_crack,RDD2020,Japan_0026
RDD2020_Japan_Japan_002606.jpg,test,both,RDD2020,Japan_0026
RDD2020_Japan_Japan_002607.jpg,test,alligator_crack,RDD2020,Japan_0026
RDD2020_Japan_Japan_002609.jpg,test,alligator_crack,RDD2020,Japan_0026
RDD2020_Japan_Japan_002614.jpg,test,pothole,RDD2020,Japan_0026
RDD2020_Japan_Japan_002615.jpg,test,both,RDD2020,Japan_0026
RDD2020_Japan_Japan_002616.jpg,test,alligator_crack,RDD2020,Japan_0026
RDD2020_Japan_Japan_002618.jpg,test,alligator_crack,RDD2020,Japan_0026
RDD2020_Japan_Japan_002619.jpg,test,alligator_crack,RDD2020,Japan_0026
RDD2020_Japan_Japan_002622.jpg,test,both,RDD2020,Japan_0026
RDD2020_Japan_Japan_002623.jpg,test,pothole,RDD2020,Japan_0026
RDD2020_Japan_Japan_002624.jpg,test,alligator_crack,RDD2020,Japan_0026
RDD2020_Japan_Japan_002626.jpg,test,alligator_crack,RDD2020,Japan_0026
RDD2020_Japan_Japan_002634.jpg,test,both,RDD2020,Japan_0026
RDD2020_Japan_Japan_002636.jpg,test,both,RDD2020,Japan_0026
RDD2020_Japan_Japan_002638.jpg,test,alligator_crack,RDD2020,Japan_0026
RDD2020_Japan_Japan_002641.jpg,test,pothole,RDD2020,Japan_0026
RDD2020_Japan_Japan_002642.jpg,test,alligator_crack,RDD2020,Japan_0026
RDD2020_Japan_Japan_002647.jpg,test,alligator_crack,RDD2020,Japan_0026
RDD2020_Japan_Japan_002654.jpg,test,alligator_crack,RDD2020,Japan_0026
RDD2020_Japan_Japan_002655.jpg,test,alligator_crack,RDD2020,Japan_0026
RDD2020_Japan_Japan_002656.jpg,test,alligator_crack,RDD2020,Japan_0026
RDD2020_Japan_Japan_002660.jpg,test,alligator_crack,RDD2020,Japan_0026
RDD2020_Japan_Japan_002665.jpg,test,both,RDD2020,Japan_0026
RDD2020_Japan_Japan_002666.jpg,test,alligator_crack,RDD2020,Japan_0026
RDD2020_Japan_Japan_002671.jpg,test,alligator_crack,RDD2020,Japan_0026
RDD2020_Japan_Japan_002672.jpg,test,alligator_crack,RDD2020,Japan_0026
RDD2020_Japan_Japan_002675.jpg,test,alligator_crack,RDD2020,Japan_0026
RDD2020_Japan_Japan_002676.jpg,test,alligator_crack,RDD2020,Japan_0026
RDD2020_Japan_Japan_002677.jpg,test,alligator_crack,RDD2020,Japan_0026
RDD2020_Japan_Japan_002678.jpg,test,alligator_crack,RDD2020,Japan_0026
RDD2020_Japan_Japan_002684.jpg,test,alligator_crack,RDD2020,Japan_0026
RDD2020_Japan_Japan_002687.jpg,test,alligator_crack,RDD2020,Japan_0026
RDD2020_Japan_Japan_002688.jpg,test,both,RDD2020,Japan_0026
RDD2020_Japan_Japan_002689.jpg,test,pothole,RDD2020,Japan_0026
RDD2020_Japan_Japan_002690.jpg,test,both,RDD2020,Japan_0026
RDD2020_Japan_Japan_002693.jpg,test,alligator_crack,RDD2020,Japan_0026
RDD2020_Japan_Japan_002697.jpg,test,alligator_crack,RDD2020,Japan_0026
RDD2020_Japan_Japan_002698.jpg,test,alligator_crack,RDD2020,Japan_0026
RDD2020_Japan_Japan_004100.jpg,test,pothole,RDD2020,Japan_0041
RDD2020_Japan_Japan_004101.jpg,test,alligator_crack,RDD2020,Japan_0041
RDD2020_Japan_Japan_004103.jpg,test,alligator_crack,RDD2020,Japan_0041
RDD2020_Japan_Japan_004104.jpg,test,alligator_crack,RDD2020,Japan_0041
RDD2020_Japan_Japan_004112.jpg,test,pothole,RDD2020,Japan_0041
RDD2020_Japan_Japan_004114.jpg,test,alligator_crack,RDD2020,Japan_0041
RDD2020_Japan_Japan_004115.jpg,test,alligator_crack,RDD2020,Japan_0041
RDD2020_Japan_Japan_004116.jpg,test,alligator_crack,RDD2020,Japan_0041
RDD2020_Japan_Japan_004121.jpg,test,pothole,RDD2020,Japan_0041
RDD2020_Japan_Japan_004124.jpg,test,alligator_crack,RDD2020,Japan_0041
RDD2020_Japan_Japan_004128.jpg,test,alligator_crack,RDD2020,Japan_0041
RDD2020_Japan_Japan_004129.jpg,test,both,RDD2020,Japan_0041
RDD2020_Japan_Japan_004132.jpg,test,alligator_crack,RDD2020,Japan_0041
RDD2020_Japan_Japan_004133.jpg,test,alligator_crack,RDD2020,Japan_0041
RDD2020_Japan_Japan_004136.jpg,test,pothole,RDD2020,Japan_0041
RDD2020_Japan_Japan_004137.jpg,test,alligator_crack,RDD2020,Japan_0041
RDD2020_Japan_Japan_004138.jpg,test,alligator_crack,RDD2020,Japan_0041
RDD2020_Japan_Japan_004139.jpg,test,alligator_crack,RDD2020,Japan_0041
RDD2020_Japan_Japan_004143.jpg,test,pothole,RDD2020,Japan_0041
RDD2020_Japan_Japan_004144.jpg,test,alligator_crack,RDD2020,Japan_0041
RDD2020_Japan_Japan_004145.jpg,test,alligator_crack,RDD2020,Japan_0041
RDD2020_Japan_Japan_004148.jpg,test,alligator_crack,RDD2020,Japan_0041
RDD2020_Japan_Japan_004150.jpg,test,alligator_crack,RDD2020,Japan_0041
RDD2020_Japan_Japan_004154.jpg,test,alligator_crack,RDD2020,Japan_0041
RDD2020_Japan_Japan_004155.jpg,test,alligator_crack,RDD2020,Japan_0041
RDD2020_Japan_Japan_004157.jpg,test,pothole,RDD2020,Japan_0041
RDD2020_Japan_Japan_004165.jpg,test,alligator_crack,RDD2020,Japan_0041
RDD2020_Japan_Japan_004166.jpg,test,alligator_crack,RDD2020,Japan_0041
RDD2020_Japan_Japan_004167.jpg,test,alligator_crack,RDD2020,Japan_0041
RDD2020_Japan_Japan_004170.jpg,test,pothole,RDD2020,Japan_0041
RDD2020_Japan_Japan_004172.jpg,test,alligator_crack,RDD2020,Japan_0041
RDD2020_Japan_Japan_004173.jpg,test,pothole,RDD2020,Japan_0041
RDD2020_Japan_Japan_004175.jpg,test,pothole,RDD2020,Japan_0041
RDD2020_Japan_Japan_004178.jpg,test,alligator_crack,RDD2020,Japan_0041
RDD2020_Japan_Japan_004179.jpg,test,pothole,RDD2020,Japan_0041
RDD2020_Japan_Japan_004181.jpg,test,alligator_crack,RDD2020,Japan_0041
RDD2020_Japan_Japan_004182.jpg,test,alligator_crack,RDD2020,Japan_0041
RDD2020_Japan_Japan_004183.jpg,test,alligator_crack,RDD2020,Japan_0041
RDD2020_Japan_Japan_004184.jpg,test,alligator_crack,RDD2020,Japan_0041
RDD2020_Japan_Japan_004185.jpg,test,alligator_crack,RDD2020,Japan_0041
RDD2020_Japan_Japan_004187.jpg,test,both,RDD2020,Japan_0041
RDD2020_Japan_Japan_004188.jpg,test,alligator_crack,RDD2020,Japan_0041
RDD2020_Japan_Japan_004190.jpg,test,alligator_crack,RDD2020,Japan_0041
RDD2020_Japan_Japan_004192.jpg,test,alligator_crack,RDD2020,Japan_0041
RDD2020_Japan_Japan_004193.jpg,test,alligator_crack,RDD2020,Japan_0041
RDD2020_Japan_Japan_004195.jpg,test,both,RDD2020,Japan_0041
RDD2020_Japan_Japan_004196.jpg,test,alligator_crack,RDD2020,Japan_0041
RDD2020_Japan_Japan_004197.jpg,test,pothole,RDD2020,Japan_0041
RDD2020_India_India_001200.jpg,test,both,RDD2020,India_0012
RDD2020_India_India_001201.jpg,test,negative_background,RDD2020,India_0012
RDD2020_India_India_001203.jpg,test,negative_background,RDD2020,India_0012
RDD2020_India_India_001204.jpg,test,negative_background,RDD2020,India_0012
RDD2020_India_India_001207.jpg,test,negative_background,RDD2020,India_0012
RDD2020_India_India_001208.jpg,test,negative_background,RDD2020,India_0012
RDD2020_India_India_001210.jpg,test,negative_background,RDD2020,India_0012
RDD2020_India_India_001211.jpg,test,negative_background,RDD2020,India_0012
RDD2020_India_India_001213.jpg,test,both,RDD2020,India_0012
RDD2020_India_India_001217.jpg,test,negative_background,RDD2020,India_0012
RDD2020_India_India_001218.jpg,test,negative_background,RDD2020,India_0012
RDD2020_India_India_001219.jpg,test,negative_background,RDD2020,India_0012
RDD2020_India_India_001220.jpg,test,negative_background,RDD2020,India_0012
RDD2020_India_India_001221.jpg,test,negative_background,RDD2020,India_0012
RDD2020_India_India_001222.jpg,test,pothole,RDD2020,India_0012
RDD2020_India_India_001225.jpg,test,pothole,RDD2020,India_0012
RDD2020_India_India_001227.jpg,test,negative_background,RDD2020,India_0012
RDD2020_India_India_001228.jpg,test,alligator_crack,RDD2020,India_0012
RDD2020_India_India_001229.jpg,test,negative_background,RDD2020,India_0012
RDD2020_India_India_001230.jpg,test,pothole,RDD2020,India_0012
RDD2020_India_India_001231.jpg,test,negative_background,RDD2020,India_0012
RDD2020_India_India_001232.jpg,test,both,RDD2020,India_0012
RDD2020_India_India_001234.jpg,test,pothole,RDD2020,India_0012
RDD2020_India_India_001235.jpg,test,negative_background,RDD2020,India_0012
RDD2020_India_India_001236.jpg,test,both,RDD2020,India_0012
RDD2020_India_India_001238.jpg,test,negative_background,RDD2020,India_0012
RDD2020_India_India_001239.jpg,test,pothole,RDD2020,India_0012
RDD2020_India_India_001240.jpg,test,negative_background,RDD2020,India_0012
RDD2020_India_India_001241.jpg,test,alligator_crack,RDD2020,India_0012
RDD2020_India_India_001242.jpg,test,pothole,RDD2020,India_0012
RDD2020_India_India_001243.jpg,test,negative_background,RDD2020,India_0012
RDD2020_India_India_001244.jpg,test,alligator_crack,RDD2020,India_0012
RDD2020_India_India_001245.jpg,test,negative_background,RDD2020,India_0012
RDD2020_India_India_001246.jpg,test,both,RDD2020,India_0012
RDD2020_India_India_001247.jpg,test,both,RDD2020,India_0012
RDD2020_India_India_001249.jpg,test,alligator_crack,RDD2020,India_0012
RDD2020_India_India_001250.jpg,test,pothole,RDD2020,India_0012
RDD2020_India_India_001251.jpg,test,pothole,RDD2020,India_0012
RDD2020_India_India_001252.jpg,test,negative_background,RDD2020,India_0012
RDD2020_India_India_001253.jpg,test,alligator_crack,RDD2020,India_0012
RDD2020_India_India_001254.jpg,test,pothole,RDD2020,India_0012
RDD2020_India_India_001257.jpg,test,negative_background,RDD2020,India_0012
RDD2020_India_India_001259.jpg,test,negative_background,RDD2020,India_0012
RDD2020_India_India_001260.jpg,test,negative_background,RDD2020,India_0012
RDD2020_India_India_001261.jpg,test,negative_background,RDD2020,India_0012
RDD2020_India_India_001262.jpg,test,both,RDD2020,India_0012
RDD2020_India_India_001263.jpg,test,negative_background,RDD2020,India_0012
RDD2020_India_India_001264.jpg,test,negative_background,RDD2020,India_0012
RDD2020_India_India_001265.jpg,test,negative_background,RDD2020,India_0012
RDD2020_India_India_001266.jpg,test,pothole,RDD2020,India_0012
RDD2020_India_India_001267.jpg,test,alligator_crack,RDD2020,India_0012
RDD2020_India_India_001268.jpg,test,negative_background,RDD2020,India_0012
RDD2020_India_India_001269.jpg,test,negative_background,RDD2020,India_0012
RDD2020_India_India_001270.jpg,test,negative_background,RDD2020,India_0012
RDD2020_India_India_001271.jpg,test,pothole,RDD2020,India_0012
RDD2020_India_India_001272.jpg,test,negative_background,RDD2020,India_0012
RDD2020_India_India_001273.jpg,test,negative_background,RDD2020,India_0012
RDD2020_India_India_001275.jpg,test,pothole,RDD2020,India_0012
RDD2020_India_India_001276.jpg,test,alligator_crack,RDD2020,India_0012
RDD2020_India_India_001278.jpg,test,negative_background,RDD2020,India_0012
RDD2020_India_India_001279.jpg,test,alligator_crack,RDD2020,India_0012
RDD2020_India_India_001281.jpg,test,negative_background,RDD2020,India_0012
RDD2020_India_India_001282.jpg,test,negative_background,RDD2020,India_0012
RDD2020_India_India_001284.jpg,test,alligator_crack,RDD2020,India_0012
RDD2020_India_India_001286.jpg,test,negative_background,RDD2020,India_0012
RDD2020_India_India_001287.jpg,test,both,RDD2020,India_0012
RDD2020_India_India_001289.jpg,test,negative_background,RDD2020,India_0012
RDD2020_India_India_001291.jpg,test,alligator_crack,RDD2020,India_0012
RDD2020_India_India_001292.jpg,test,negative_background,RDD2020,India_0012
RDD2020_India_India_001294.jpg,test,pothole,RDD2020,India_0012
RDD2020_India_India_001295.jpg,test,pothole,RDD2020,India_0012
RDD2020_India_India_001297.jpg,test,negative_background,RDD2020,India_0012
RDD2020_India_India_001299.jpg,test,negative_background,RDD2020,India_0012
RDD2020_India_India_005700.jpg,test,alligator_crack,RDD2020,India_0057
RDD2020_India_India_005713.jpg,test,both,RDD2020,India_0057
RDD2020_India_India_005714.jpg,test,alligator_crack,RDD2020,India_0057
RDD2020_India_India_005715.jpg,test,both,RDD2020,India_0057
RDD2020_India_India_005717.jpg,test,pothole,RDD2020,India_0057
RDD2020_India_India_005724.jpg,test,pothole,RDD2020,India_0057
RDD2020_India_India_005726.jpg,test,alligator_crack,RDD2020,India_0057
RDD2020_India_India_005728.jpg,test,alligator_crack,RDD2020,India_0057
RDD2020_India_India_005732.jpg,test,alligator_crack,RDD2020,India_0057
RDD2020_India_India_005743.jpg,test,pothole,RDD2020,India_0057
RDD2020_India_India_005746.jpg,test,alligator_crack,RDD2020,India_0057
RDD2020_India_India_005751.jpg,test,alligator_crack,RDD2020,India_0057
RDD2020_India_India_005755.jpg,test,both,RDD2020,India_0057
RDD2020_India_India_005757.jpg,test,both,RDD2020,India_0057
RDD2020_India_India_005760.jpg,test,pothole,RDD2020,India_0057
RDD2020_India_India_005762.jpg,test,pothole,RDD2020,India_0057
RDD2020_India_India_005765.jpg,test,alligator_crack,RDD2020,India_0057
RDD2020_India_India_005774.jpg,test,pothole,RDD2020,India_0057
RDD2020_India_India_005775.jpg,test,pothole,RDD2020,India_0057
RDD2020_India_India_005777.jpg,test,pothole,RDD2020,India_0057
RDD2020_India_India_005778.jpg,test,alligator_crack,RDD2020,India_0057
RDD2020_India_India_005781.jpg,test,both,RDD2020,India_0057
RDD2020_India_India_005783.jpg,test,alligator_crack,RDD2020,India_0057
RDD2020_India_India_005784.jpg,test,pothole,RDD2020,India_0057
RDD2020_India_India_005788.jpg,test,alligator_crack,RDD2020,India_0057
RDD2020_India_India_005797.jpg,test,pothole,RDD2020,India_0057
